ISO-10303-21;
HEADER;
/* Generated by software containing ST-Developer
 * from STEP Tools, Inc. (www.steptools.com) 
 */
/* OPTION: using custom renumber hook */

FILE_DESCRIPTION(
/* description */ ('STEP AP242',
'CAx-IF Rec.Pracs.---Representation and Presentation of Product Manufa
cturing Information (PMI)---4.0---2014-10-13',
'CAx-IF Rec.Pracs.---3D Tessellated Geometry---0.4---2014-09-14','2;1'),

/* implementation_level */ '2;1');

FILE_NAME(
/* name */ '68427cf0a004d54954610e94',
/* time_stamp */ '2025-06-06T05:30:25Z',
/* author */ (''),
/* organization */ (''),
/* preprocessor_version */ 'ST-DEVELOPER v20',
/* originating_system */ 'ONSHAPE BY PTC INC, 1.198',
/* authorisation */ '  ');

FILE_SCHEMA (('AP242_MANAGED_MODEL_BASED_3D_ENGINEERING_MIM_LF { 1 0 10303 442 1 1 4 }'));
ENDSEC;

DATA;
#10=TOROIDAL_SURFACE('',#1148,37.5,5.);
#11=TOROIDAL_SURFACE('',#1150,27.5,5.);
#12=TOROIDAL_SURFACE('',#1175,37.5,5.);
#13=TOROIDAL_SURFACE('',#1177,27.5,5.);
#14=(
BOUNDED_SURFACE()
B_SPLINE_SURFACE(3,2,((#2226,#2227,#2228),(#2229,#2230,#2231),(#2232,#2233,
#2234),(#2235,#2236,#2237),(#2238,#2239,#2240),(#2241,#2242,#2243),(#2244,
#2245,#2246),(#2247,#2248,#2249),(#2250,#2251,#2252),(#2253,#2254,#2255),
(#2256,#2257,#2258),(#2259,#2260,#2261),(#2262,#2263,#2264),(#2265,#2266,
#2267),(#2268,#2269,#2270),(#2271,#2272,#2273),(#2274,#2275,#2276),(#2277,
#2278,#2279),(#2280,#2281,#2282),(#2283,#2284,#2285),(#2286,#2287,#2288),
(#2289,#2290,#2291),(#2292,#2293,#2294),(#2295,#2296,#2297),(#2298,#2299,
#2300),(#2301,#2302,#2303),(#2304,#2305,#2306),(#2307,#2308,#2309),(#2310,
#2311,#2312),(#2313,#2314,#2315),(#2316,#2317,#2318)),.UNSPECIFIED.,.F.,
 .F.,.F.)
B_SPLINE_SURFACE_WITH_KNOTS((4,1,1,1,1,1,1,1,1,1,1,1,1,1,1,1,1,1,1,1,1,
1,1,1,1,1,1,1,4),(3,3),(-1.76941794549634E-16,0.00131399479734951,0.0026279895946992,
0.00394198439204889,0.00525597918939858,0.00591297658807342,0.00656997398674827,
0.00722697138542311,0.00788396878409796,0.0085409661827728,0.00886946488211022,
0.00919796358144765,0.00952646228078507,0.00969071163045378,0.00985496098012249,
0.0100192103297912,0.0101013350046256,0.0101834596794599,0.0102655843542943,
0.0103477090291286,0.0103887713665458,0.010429833703963,0.0104503648726716,
0.0104708960413802,0.0104811616257345,0.0104862944179116,0.0104914272100887,
0.010501692794443,0.0105119583787973),(0.,1.),.UNSPECIFIED.)
GEOMETRIC_REPRESENTATION_ITEM()
RATIONAL_B_SPLINE_SURFACE(((1.,0.707106781186547,1.),(1.,0.707106781186547,
1.),(1.,0.707106781186548,1.),(1.,0.707106781186548,1.),(1.,0.707106781186548,
1.),(1.,0.707106781186547,1.),(1.,0.707106781186548,1.),(1.,0.707106781186547,
1.),(1.,0.707106781186547,1.),(1.,0.707106781186548,1.),(1.,0.707106781186547,
1.),(1.,0.707106781186547,1.),(1.,0.707106781186548,1.),(1.,0.707106781186548,
1.),(1.,0.707106781186547,1.),(1.,0.707106781186547,1.),(1.,0.707106781186548,
1.),(1.,0.707106781186548,1.),(1.,0.707106781186548,1.),(1.,0.707106781186547,
1.),(1.,0.707106781186547,1.),(1.,0.707106781186548,1.),(1.,0.707106781186547,
1.),(1.,0.707106781186548,1.),(1.,0.707106781186548,1.),(1.,0.707106781186547,
1.),(1.,0.707106781186548,1.),(1.,0.707106781186547,1.),(1.,0.707106781186548,
1.),(1.,0.707106781186548,1.),(1.,0.707106781186548,1.)))
REPRESENTATION_ITEM('')
SURFACE()
);
#15=(
BOUNDED_SURFACE()
B_SPLINE_SURFACE(3,2,((#2320,#2321,#2322),(#2323,#2324,#2325),(#2326,#2327,
#2328),(#2329,#2330,#2331),(#2332,#2333,#2334),(#2335,#2336,#2337),(#2338,
#2339,#2340),(#2341,#2342,#2343),(#2344,#2345,#2346),(#2347,#2348,#2349),
(#2350,#2351,#2352),(#2353,#2354,#2355),(#2356,#2357,#2358),(#2359,#2360,
#2361),(#2362,#2363,#2364),(#2365,#2366,#2367),(#2368,#2369,#2370),(#2371,
#2372,#2373),(#2374,#2375,#2376),(#2377,#2378,#2379),(#2380,#2381,#2382),
(#2383,#2384,#2385),(#2386,#2387,#2388),(#2389,#2390,#2391),(#2392,#2393,
#2394),(#2395,#2396,#2397),(#2398,#2399,#2400),(#2401,#2402,#2403),(#2404,
#2405,#2406),(#2407,#2408,#2409),(#2410,#2411,#2412),(#2413,#2414,#2415)),
 .UNSPECIFIED.,.F.,.F.,.F.)
B_SPLINE_SURFACE_WITH_KNOTS((4,1,1,1,1,1,1,1,1,1,1,1,1,1,1,1,1,1,1,1,1,
1,1,1,1,1,1,1,1,4),(3,3),(0.0796358556183489,0.0796636983830163,0.0796776197653501,
0.0796811001109335,0.0796845804565169,0.0796915411476838,0.0797054625300175,
0.0797193839123512,0.0797472266770186,0.0798029122063535,0.0798585977356883,
0.079969968794358,0.0800813398530277,0.0803040819703671,0.0805268240877065,
0.0809723083223853,0.0814177925570641,0.0818632767917429,0.0823087610264217,
0.0831997294957793,0.0840906979651369,0.0849816664344945,0.0867636033732097,
0.0885455403119249,0.0903274772506401,0.0912184457199977,0.0921094141893553,
0.0930003826587129,0.0934458668933917,0.0938913511280705),(0.,1.),
 .UNSPECIFIED.)
GEOMETRIC_REPRESENTATION_ITEM()
RATIONAL_B_SPLINE_SURFACE(((1.,0.707106781186547,1.),(1.,0.707106781186547,
1.),(1.,0.707106781186547,1.),(1.,0.707106781186548,1.),(1.,0.707106781186547,
1.),(1.,0.707106781186548,1.),(1.,0.707106781186548,1.),(1.,0.707106781186547,
1.),(1.,0.707106781186548,1.),(1.,0.707106781186548,1.),(1.,0.707106781186548,
1.),(1.,0.707106781186547,1.),(1.,0.707106781186548,1.),(1.,0.707106781186548,
1.),(1.,0.707106781186548,1.),(1.,0.707106781186548,1.),(1.,0.707106781186547,
1.),(1.,0.707106781186548,1.),(1.,0.707106781186548,1.),(1.,0.707106781186548,
1.),(1.,0.707106781186548,1.),(1.,0.707106781186548,1.),(1.,0.707106781186547,
1.),(1.,0.707106781186548,1.),(1.,0.707106781186548,1.),(1.,0.707106781186548,
1.),(1.,0.707106781186548,1.),(1.,0.707106781186547,1.),(1.,0.707106781186548,
1.),(1.,0.707106781186547,1.),(1.,0.707106781186548,1.),(1.,0.707106781186548,
1.)))
REPRESENTATION_ITEM('')
SURFACE()
);
#16=(
BOUNDED_SURFACE()
B_SPLINE_SURFACE(3,2,((#2421,#2422,#2423),(#2424,#2425,#2426),(#2427,#2428,
#2429),(#2430,#2431,#2432),(#2433,#2434,#2435),(#2436,#2437,#2438),(#2439,
#2440,#2441),(#2442,#2443,#2444),(#2445,#2446,#2447),(#2448,#2449,#2450)),
 .UNSPECIFIED.,.F.,.F.,.F.)
B_SPLINE_SURFACE_WITH_KNOTS((4,1,1,1,1,1,1,4),(3,3),(3.05311331771918E-16,
0.0138962114273508,0.020844317141026,0.0277924228547012,0.0347405285683765,
0.0416886342820517,0.0486367399957269,0.0555848457094022),(0.,1.),
 .UNSPECIFIED.)
GEOMETRIC_REPRESENTATION_ITEM()
RATIONAL_B_SPLINE_SURFACE(((1.,0.707106781186547,1.),(1.,0.707106781186547,
1.),(1.,0.707106781186548,1.),(1.,0.707106781186548,1.),(1.,0.707106781186548,
1.),(1.,0.707106781186547,1.),(1.,0.707106781186548,1.),(1.,0.707106781186548,
1.),(1.,0.707106781186548,1.),(1.,0.707106781186548,1.)))
REPRESENTATION_ITEM('')
SURFACE()
);
#17=(
BOUNDED_SURFACE()
B_SPLINE_SURFACE(3,2,((#2458,#2459,#2460),(#2461,#2462,#2463),(#2464,#2465,
#2466),(#2467,#2468,#2469),(#2470,#2471,#2472),(#2473,#2474,#2475),(#2476,
#2477,#2478),(#2479,#2480,#2481),(#2482,#2483,#2484),(#2485,#2486,#2487),
(#2488,#2489,#2490),(#2491,#2492,#2493),(#2494,#2495,#2496)),
 .UNSPECIFIED.,.F.,.F.,.F.)
B_SPLINE_SURFACE_WITH_KNOTS((4,1,1,1,1,1,1,1,1,1,4),(3,3),(-3.46944695195361E-17,
0.0102263038036403,0.0153394557054605,0.0204526076072807,0.0255657595091009,
0.0306789114109211,0.0332354873618311,0.0357920633127412,0.0370703512881963,
0.0383486392636513,0.0409052152145614),(0.,1.),.UNSPECIFIED.)
GEOMETRIC_REPRESENTATION_ITEM()
RATIONAL_B_SPLINE_SURFACE(((1.,0.707106781186545,1.),(1.,0.707106781186545,
1.),(1.,0.707106781186544,1.),(1.,0.707106781186549,1.),(1.,0.707106781186544,
1.),(1.,0.707106781186549,1.),(1.,0.707106781186547,1.),(1.,0.707106781186548,
1.),(1.,0.707106781186548,1.),(1.,0.707106781186547,1.),(1.,0.707106781186548,
1.),(1.,0.707106781186548,1.),(1.,0.707106781186548,1.)))
REPRESENTATION_ITEM('')
SURFACE()
);
#18=(
BOUNDED_SURFACE()
B_SPLINE_SURFACE(3,2,((#3133,#3134,#3135),(#3136,#3137,#3138),(#3139,#3140,
#3141),(#3142,#3143,#3144),(#3145,#3146,#3147),(#3148,#3149,#3150),(#3151,
#3152,#3153),(#3154,#3155,#3156),(#3157,#3158,#3159),(#3160,#3161,#3162),
(#3163,#3164,#3165),(#3166,#3167,#3168),(#3169,#3170,#3171),(#3172,#3173,
#3174),(#3175,#3176,#3177),(#3178,#3179,#3180),(#3181,#3182,#3183),(#3184,
#3185,#3186),(#3187,#3188,#3189),(#3190,#3191,#3192),(#3193,#3194,#3195),
(#3196,#3197,#3198),(#3199,#3200,#3201),(#3202,#3203,#3204),(#3205,#3206,
#3207),(#3208,#3209,#3210),(#3211,#3212,#3213),(#3214,#3215,#3216),(#3217,
#3218,#3219),(#3220,#3221,#3222),(#3223,#3224,#3225)),.UNSPECIFIED.,.F.,
 .F.,.F.)
B_SPLINE_SURFACE_WITH_KNOTS((4,1,1,1,1,1,1,1,1,1,1,1,1,1,1,1,1,1,1,1,1,
1,1,1,1,1,1,1,4),(3,3),(-1.76941794549634E-16,0.00131399479734951,0.0026279895946992,
0.00394198439204889,0.00525597918939858,0.00591297658807342,0.00656997398674827,
0.00722697138542311,0.00788396878409796,0.0085409661827728,0.00886946488211022,
0.00919796358144765,0.00952646228078507,0.00969071163045378,0.00985496098012249,
0.0100192103297912,0.0101013350046256,0.0101834596794599,0.0102655843542943,
0.0103477090291286,0.0103887713665458,0.010429833703963,0.0104503648726716,
0.0104708960413802,0.0104811616257345,0.0104862944179116,0.0104914272100887,
0.010501692794443,0.0105119583787973),(0.,1.),.UNSPECIFIED.)
GEOMETRIC_REPRESENTATION_ITEM()
RATIONAL_B_SPLINE_SURFACE(((1.,0.707106781186547,1.),(1.,0.707106781186547,
1.),(1.,0.707106781186548,1.),(1.,0.707106781186548,1.),(1.,0.707106781186548,
1.),(1.,0.707106781186548,1.),(1.,0.707106781186547,1.),(1.,0.707106781186547,
1.),(1.,0.707106781186548,1.),(1.,0.707106781186548,1.),(1.,0.707106781186548,
1.),(1.,0.707106781186547,1.),(1.,0.707106781186548,1.),(1.,0.707106781186548,
1.),(1.,0.707106781186547,1.),(1.,0.707106781186548,1.),(1.,0.707106781186547,
1.),(1.,0.707106781186548,1.),(1.,0.707106781186548,1.),(1.,0.707106781186547,
1.),(1.,0.707106781186547,1.),(1.,0.707106781186548,1.),(1.,0.70710678118655,
1.),(1.,0.707106781186546,1.),(1.,0.707106781186549,1.),(1.,0.707106781186547,
1.),(1.,0.707106781186548,1.),(1.,0.707106781186547,1.),(1.,0.707106781186548,
1.),(1.,0.707106781186548,1.),(1.,0.707106781186548,1.)))
REPRESENTATION_ITEM('')
SURFACE()
);
#19=(
BOUNDED_SURFACE()
B_SPLINE_SURFACE(3,2,((#3227,#3228,#3229),(#3230,#3231,#3232),(#3233,#3234,
#3235),(#3236,#3237,#3238),(#3239,#3240,#3241),(#3242,#3243,#3244),(#3245,
#3246,#3247),(#3248,#3249,#3250),(#3251,#3252,#3253),(#3254,#3255,#3256),
(#3257,#3258,#3259),(#3260,#3261,#3262),(#3263,#3264,#3265),(#3266,#3267,
#3268),(#3269,#3270,#3271),(#3272,#3273,#3274),(#3275,#3276,#3277),(#3278,
#3279,#3280),(#3281,#3282,#3283),(#3284,#3285,#3286),(#3287,#3288,#3289),
(#3290,#3291,#3292),(#3293,#3294,#3295),(#3296,#3297,#3298),(#3299,#3300,
#3301),(#3302,#3303,#3304),(#3305,#3306,#3307),(#3308,#3309,#3310),(#3311,
#3312,#3313),(#3314,#3315,#3316),(#3317,#3318,#3319),(#3320,#3321,#3322)),
 .UNSPECIFIED.,.F.,.F.,.F.)
B_SPLINE_SURFACE_WITH_KNOTS((4,1,1,1,1,1,1,1,1,1,1,1,1,1,1,1,1,1,1,1,1,
1,1,1,1,1,1,1,1,4),(3,3),(0.0796358556183489,0.0796636983830163,0.0796776197653501,
0.0796811001109335,0.0796845804565169,0.0796915411476838,0.0797054625300175,
0.0797193839123512,0.0797472266770186,0.0798029122063535,0.0798585977356883,
0.079969968794358,0.0800813398530277,0.0803040819703671,0.0805268240877065,
0.0809723083223853,0.0814177925570641,0.0818632767917429,0.0823087610264217,
0.0831997294957793,0.0840906979651369,0.0849816664344945,0.0867636033732097,
0.0885455403119249,0.0903274772506401,0.0912184457199977,0.0921094141893553,
0.0930003826587129,0.0934458668933917,0.0938913511280705),(0.,1.),
 .UNSPECIFIED.)
GEOMETRIC_REPRESENTATION_ITEM()
RATIONAL_B_SPLINE_SURFACE(((1.,0.707106781186547,1.),(1.,0.707106781186547,
1.),(1.,0.707106781186547,1.),(1.,0.707106781186548,1.),(1.,0.707106781186547,
1.),(1.,0.707106781186548,1.),(1.,0.707106781186547,1.),(1.,0.707106781186547,
1.),(1.,0.707106781186548,1.),(1.,0.707106781186548,1.),(1.,0.707106781186548,
1.),(1.,0.707106781186547,1.),(1.,0.707106781186548,1.),(1.,0.707106781186547,
1.),(1.,0.707106781186548,1.),(1.,0.707106781186548,1.),(1.,0.707106781186547,
1.),(1.,0.707106781186548,1.),(1.,0.707106781186548,1.),(1.,0.707106781186548,
1.),(1.,0.707106781186548,1.),(1.,0.707106781186548,1.),(1.,0.707106781186547,
1.),(1.,0.707106781186548,1.),(1.,0.707106781186547,1.),(1.,0.707106781186548,
1.),(1.,0.707106781186548,1.),(1.,0.707106781186547,1.),(1.,0.707106781186548,
1.),(1.,0.707106781186546,1.),(1.,0.707106781186547,1.),(1.,0.707106781186548,
1.)))
REPRESENTATION_ITEM('')
SURFACE()
);
#20=(
BOUNDED_SURFACE()
B_SPLINE_SURFACE(3,2,((#3328,#3329,#3330),(#3331,#3332,#3333),(#3334,#3335,
#3336),(#3337,#3338,#3339),(#3340,#3341,#3342),(#3343,#3344,#3345),(#3346,
#3347,#3348),(#3349,#3350,#3351),(#3352,#3353,#3354),(#3355,#3356,#3357)),
 .UNSPECIFIED.,.F.,.F.,.F.)
B_SPLINE_SURFACE_WITH_KNOTS((4,1,1,1,1,1,1,4),(3,3),(3.05311331771918E-16,
0.0138962114273508,0.020844317141026,0.0277924228547012,0.0347405285683765,
0.0416886342820517,0.0486367399957269,0.0555848457094022),(0.,1.),
 .UNSPECIFIED.)
GEOMETRIC_REPRESENTATION_ITEM()
RATIONAL_B_SPLINE_SURFACE(((1.,0.707106781186548,1.),(1.,0.707106781186547,
1.),(1.,0.707106781186548,1.),(1.,0.707106781186547,1.),(1.,0.707106781186548,
1.),(1.,0.707106781186547,1.),(1.,0.707106781186548,1.),(1.,0.707106781186548,
1.),(1.,0.707106781186548,1.),(1.,0.707106781186548,1.)))
REPRESENTATION_ITEM('')
SURFACE()
);
#21=(
BOUNDED_SURFACE()
B_SPLINE_SURFACE(3,2,((#3365,#3366,#3367),(#3368,#3369,#3370),(#3371,#3372,
#3373),(#3374,#3375,#3376),(#3377,#3378,#3379),(#3380,#3381,#3382),(#3383,
#3384,#3385),(#3386,#3387,#3388),(#3389,#3390,#3391),(#3392,#3393,#3394),
(#3395,#3396,#3397),(#3398,#3399,#3400),(#3401,#3402,#3403)),
 .UNSPECIFIED.,.F.,.F.,.F.)
B_SPLINE_SURFACE_WITH_KNOTS((4,1,1,1,1,1,1,1,1,1,4),(3,3),(-3.46944695195361E-17,
0.0102263038036403,0.0153394557054605,0.0204526076072807,0.0255657595091009,
0.0306789114109211,0.0332354873618311,0.0357920633127412,0.0370703512881963,
0.0383486392636513,0.0409052152145614),(0.,1.),.UNSPECIFIED.)
GEOMETRIC_REPRESENTATION_ITEM()
RATIONAL_B_SPLINE_SURFACE(((1.,0.707106781186546,1.),(1.,0.707106781186546,
1.),(1.,0.707106781186544,1.),(1.,0.707106781186549,1.),(1.,0.707106781186544,
1.),(1.,0.707106781186549,1.),(1.,0.707106781186547,1.),(1.,0.707106781186548,
1.),(1.,0.707106781186548,1.),(1.,0.707106781186547,1.),(1.,0.707106781186548,
1.),(1.,0.707106781186548,1.),(1.,0.707106781186548,1.)))
REPRESENTATION_ITEM('')
SURFACE()
);
#22=B_SPLINE_SURFACE_WITH_KNOTS('',3,1,((#1604,#1605),(#1606,#1607),(#1608,
#1609),(#1610,#1611)),.SURF_OF_LINEAR_EXTRUSION.,.F.,.F.,.F.,(4,4),(2,2),
(0.,1.),(0.,1.),.PIECEWISE_BEZIER_KNOTS.);
#23=B_SPLINE_SURFACE_WITH_KNOTS('',3,1,((#1624,#1625),(#1626,#1627),(#1628,
#1629),(#1630,#1631),(#1632,#1633),(#1634,#1635),(#1636,#1637),(#1638,#1639),
(#1640,#1641)),.SURF_OF_LINEAR_EXTRUSION.,.F.,.F.,.F.,(4,1,1,1,1,1,4),(2,
2),(0.,0.25,0.375,0.5,0.625,0.75,1.),(0.,1.),.UNSPECIFIED.);
#24=B_SPLINE_SURFACE_WITH_KNOTS('',3,1,((#1653,#1654),(#1655,#1656),(#1657,
#1658),(#1659,#1660)),.SURF_OF_LINEAR_EXTRUSION.,.F.,.F.,.F.,(4,4),(2,2),
(0.,1.),(0.,1.),.PIECEWISE_BEZIER_KNOTS.);
#25=B_SPLINE_SURFACE_WITH_KNOTS('',3,1,((#1667,#1668),(#1669,#1670),(#1671,
#1672),(#1673,#1674),(#1675,#1676),(#1677,#1678),(#1679,#1680)),
 .SURF_OF_LINEAR_EXTRUSION.,.F.,.F.,.F.,(4,1,1,1,4),(2,2),(0.0656659694206614,
0.299249477065496,0.532832984710331,0.766416492355166,1.),(0.,1.),
 .UNSPECIFIED.);
#26=B_SPLINE_SURFACE_WITH_KNOTS('',3,1,((#1699,#1700),(#1701,#1702),(#1703,
#1704),(#1705,#1706),(#1707,#1708),(#1709,#1710),(#1711,#1712),(#1713,#1714),
(#1715,#1716),(#1717,#1718),(#1719,#1720),(#1721,#1722),(#1723,#1724),(#1725,
#1726),(#1727,#1728),(#1729,#1730)),.SURF_OF_LINEAR_EXTRUSION.,.F.,.F.,
 .F.,(4,1,1,1,1,1,1,1,1,1,1,1,1,4),(2,2),(6.664152636546E-16,0.0625000000000003,
0.125,0.1875,0.249999999999999,0.312499999999999,0.374999999999998,0.437499999999998,
0.499999999999998,0.562499999999997,0.624999999999997,0.749999999999996,
0.874999999999995,0.999999999999995),(0.,1.),.UNSPECIFIED.);
#27=B_SPLINE_SURFACE_WITH_KNOTS('',3,1,((#1760,#1761),(#1762,#1763),(#1764,
#1765),(#1766,#1767),(#1768,#1769),(#1770,#1771),(#1772,#1773)),
 .SURF_OF_LINEAR_EXTRUSION.,.F.,.F.,.F.,(4,1,1,1,4),(2,2),(0.0518006502643562,
0.288850487698266,0.525900325132177,0.762950162566087,0.999999999999997),
(0.,1.),.UNSPECIFIED.);
#28=B_SPLINE_SURFACE_WITH_KNOTS('',3,3,((#1838,#1839,#1840,#1841,#1842,
#1843,#1844,#1845,#1846,#1847,#1848,#1849,#1850,#1851),(#1852,#1853,#1854,
#1855,#1856,#1857,#1858,#1859,#1860,#1861,#1862,#1863,#1864,#1865),(#1866,
#1867,#1868,#1869,#1870,#1871,#1872,#1873,#1874,#1875,#1876,#1877,#1878,
#1879),(#1880,#1881,#1882,#1883,#1884,#1885,#1886,#1887,#1888,#1889,#1890,
#1891,#1892,#1893),(#1894,#1895,#1896,#1897,#1898,#1899,#1900,#1901,#1902,
#1903,#1904,#1905,#1906,#1907),(#1908,#1909,#1910,#1911,#1912,#1913,#1914,
#1915,#1916,#1917,#1918,#1919,#1920,#1921),(#1922,#1923,#1924,#1925,#1926,
#1927,#1928,#1929,#1930,#1931,#1932,#1933,#1934,#1935),(#1936,#1937,#1938,
#1939,#1940,#1941,#1942,#1943,#1944,#1945,#1946,#1947,#1948,#1949),(#1950,
#1951,#1952,#1953,#1954,#1955,#1956,#1957,#1958,#1959,#1960,#1961,#1962,
#1963),(#1964,#1965,#1966,#1967,#1968,#1969,#1970,#1971,#1972,#1973,#1974,
#1975,#1976,#1977),(#1978,#1979,#1980,#1981,#1982,#1983,#1984,#1985,#1986,
#1987,#1988,#1989,#1990,#1991),(#1992,#1993,#1994,#1995,#1996,#1997,#1998,
#1999,#2000,#2001,#2002,#2003,#2004,#2005),(#2006,#2007,#2008,#2009,#2010,
#2011,#2012,#2013,#2014,#2015,#2016,#2017,#2018,#2019),(#2020,#2021,#2022,
#2023,#2024,#2025,#2026,#2027,#2028,#2029,#2030,#2031,#2032,#2033),(#2034,
#2035,#2036,#2037,#2038,#2039,#2040,#2041,#2042,#2043,#2044,#2045,#2046,
#2047),(#2048,#2049,#2050,#2051,#2052,#2053,#2054,#2055,#2056,#2057,#2058,
#2059,#2060,#2061),(#2062,#2063,#2064,#2065,#2066,#2067,#2068,#2069,#2070,
#2071,#2072,#2073,#2074,#2075),(#2076,#2077,#2078,#2079,#2080,#2081,#2082,
#2083,#2084,#2085,#2086,#2087,#2088,#2089),(#2090,#2091,#2092,#2093,#2094,
#2095,#2096,#2097,#2098,#2099,#2100,#2101,#2102,#2103),(#2104,#2105,#2106,
#2107,#2108,#2109,#2110,#2111,#2112,#2113,#2114,#2115,#2116,#2117),(#2118,
#2119,#2120,#2121,#2122,#2123,#2124,#2125,#2126,#2127,#2128,#2129,#2130,
#2131),(#2132,#2133,#2134,#2135,#2136,#2137,#2138,#2139,#2140,#2141,#2142,
#2143,#2144,#2145),(#2146,#2147,#2148,#2149,#2150,#2151,#2152,#2153,#2154,
#2155,#2156,#2157,#2158,#2159),(#2160,#2161,#2162,#2163,#2164,#2165,#2166,
#2167,#2168,#2169,#2170,#2171,#2172,#2173),(#2174,#2175,#2176,#2177,#2178,
#2179,#2180,#2181,#2182,#2183,#2184,#2185,#2186,#2187),(#2188,#2189,#2190,
#2191,#2192,#2193,#2194,#2195,#2196,#2197,#2198,#2199,#2200,#2201),(#2202,
#2203,#2204,#2205,#2206,#2207,#2208,#2209,#2210,#2211,#2212,#2213,#2214,
#2215)),.UNSPECIFIED.,.F.,.F.,.F.,(4,2,2,1,2,2,2,2,2,2,2,2,2,4),(4,2,2,
2,2,2,4),(0.,0.125,0.1875,0.25,0.3125,0.375,0.5,0.5625,0.625,0.75,0.8125,
0.875,0.9375,1.),(0.,0.125,0.25,0.5,0.75,0.875,1.),.UNSPECIFIED.);
#29=B_SPLINE_SURFACE_WITH_KNOTS('',3,1,((#2574,#2575),(#2576,#2577),(#2578,
#2579),(#2580,#2581),(#2582,#2583),(#2584,#2585),(#2586,#2587)),
 .SURF_OF_LINEAR_EXTRUSION.,.F.,.F.,.F.,(4,1,1,1,4),(2,2),(0.0656659694206614,
0.299249477065496,0.532832984710331,0.766416492355166,1.),(0.,1.),
 .UNSPECIFIED.);
#30=B_SPLINE_SURFACE_WITH_KNOTS('',3,1,((#2606,#2607),(#2608,#2609),(#2610,
#2611),(#2612,#2613),(#2614,#2615),(#2616,#2617),(#2618,#2619),(#2620,#2621),
(#2622,#2623),(#2624,#2625),(#2626,#2627),(#2628,#2629),(#2630,#2631),(#2632,
#2633),(#2634,#2635),(#2636,#2637)),.SURF_OF_LINEAR_EXTRUSION.,.F.,.F.,
 .F.,(4,1,1,1,1,1,1,1,1,1,1,1,1,4),(2,2),(6.664152636546E-16,0.0625000000000003,
0.125,0.1875,0.249999999999999,0.312499999999999,0.374999999999998,0.437499999999998,
0.499999999999998,0.562499999999997,0.624999999999997,0.749999999999996,
0.874999999999995,0.999999999999995),(0.,1.),.UNSPECIFIED.);
#31=B_SPLINE_SURFACE_WITH_KNOTS('',3,1,((#2667,#2668),(#2669,#2670),(#2671,
#2672),(#2673,#2674),(#2675,#2676),(#2677,#2678),(#2679,#2680)),
 .SURF_OF_LINEAR_EXTRUSION.,.F.,.F.,.F.,(4,1,1,1,4),(2,2),(0.0518006502643562,
0.288850487698266,0.525900325132177,0.762950162566087,0.999999999999997),
(0.,1.),.UNSPECIFIED.);
#32=B_SPLINE_SURFACE_WITH_KNOTS('',3,3,((#2745,#2746,#2747,#2748,#2749,
#2750,#2751,#2752,#2753,#2754,#2755,#2756,#2757,#2758),(#2759,#2760,#2761,
#2762,#2763,#2764,#2765,#2766,#2767,#2768,#2769,#2770,#2771,#2772),(#2773,
#2774,#2775,#2776,#2777,#2778,#2779,#2780,#2781,#2782,#2783,#2784,#2785,
#2786),(#2787,#2788,#2789,#2790,#2791,#2792,#2793,#2794,#2795,#2796,#2797,
#2798,#2799,#2800),(#2801,#2802,#2803,#2804,#2805,#2806,#2807,#2808,#2809,
#2810,#2811,#2812,#2813,#2814),(#2815,#2816,#2817,#2818,#2819,#2820,#2821,
#2822,#2823,#2824,#2825,#2826,#2827,#2828),(#2829,#2830,#2831,#2832,#2833,
#2834,#2835,#2836,#2837,#2838,#2839,#2840,#2841,#2842),(#2843,#2844,#2845,
#2846,#2847,#2848,#2849,#2850,#2851,#2852,#2853,#2854,#2855,#2856),(#2857,
#2858,#2859,#2860,#2861,#2862,#2863,#2864,#2865,#2866,#2867,#2868,#2869,
#2870),(#2871,#2872,#2873,#2874,#2875,#2876,#2877,#2878,#2879,#2880,#2881,
#2882,#2883,#2884),(#2885,#2886,#2887,#2888,#2889,#2890,#2891,#2892,#2893,
#2894,#2895,#2896,#2897,#2898),(#2899,#2900,#2901,#2902,#2903,#2904,#2905,
#2906,#2907,#2908,#2909,#2910,#2911,#2912),(#2913,#2914,#2915,#2916,#2917,
#2918,#2919,#2920,#2921,#2922,#2923,#2924,#2925,#2926),(#2927,#2928,#2929,
#2930,#2931,#2932,#2933,#2934,#2935,#2936,#2937,#2938,#2939,#2940),(#2941,
#2942,#2943,#2944,#2945,#2946,#2947,#2948,#2949,#2950,#2951,#2952,#2953,
#2954),(#2955,#2956,#2957,#2958,#2959,#2960,#2961,#2962,#2963,#2964,#2965,
#2966,#2967,#2968),(#2969,#2970,#2971,#2972,#2973,#2974,#2975,#2976,#2977,
#2978,#2979,#2980,#2981,#2982),(#2983,#2984,#2985,#2986,#2987,#2988,#2989,
#2990,#2991,#2992,#2993,#2994,#2995,#2996),(#2997,#2998,#2999,#3000,#3001,
#3002,#3003,#3004,#3005,#3006,#3007,#3008,#3009,#3010),(#3011,#3012,#3013,
#3014,#3015,#3016,#3017,#3018,#3019,#3020,#3021,#3022,#3023,#3024),(#3025,
#3026,#3027,#3028,#3029,#3030,#3031,#3032,#3033,#3034,#3035,#3036,#3037,
#3038),(#3039,#3040,#3041,#3042,#3043,#3044,#3045,#3046,#3047,#3048,#3049,
#3050,#3051,#3052),(#3053,#3054,#3055,#3056,#3057,#3058,#3059,#3060,#3061,
#3062,#3063,#3064,#3065,#3066),(#3067,#3068,#3069,#3070,#3071,#3072,#3073,
#3074,#3075,#3076,#3077,#3078,#3079,#3080),(#3081,#3082,#3083,#3084,#3085,
#3086,#3087,#3088,#3089,#3090,#3091,#3092,#3093,#3094),(#3095,#3096,#3097,
#3098,#3099,#3100,#3101,#3102,#3103,#3104,#3105,#3106,#3107,#3108),(#3109,
#3110,#3111,#3112,#3113,#3114,#3115,#3116,#3117,#3118,#3119,#3120,#3121,
#3122)),.UNSPECIFIED.,.F.,.F.,.F.,(4,2,2,1,2,2,2,2,2,2,2,2,2,4),(4,2,2,
2,2,2,4),(0.,0.125,0.1875,0.25,0.3125,0.375,0.5,0.5625,0.625,0.75,0.8125,
0.875,0.9375,1.),(0.,0.125,0.25,0.5,0.75,0.875,1.),.UNSPECIFIED.);
#33=B_SPLINE_CURVE_WITH_KNOTS('',3,(#1530,#1531,#1532,#1533),
 .UNSPECIFIED.,.F.,.F.,(4,4),(0.,1.),.PIECEWISE_BEZIER_KNOTS.);
#34=B_SPLINE_CURVE_WITH_KNOTS('',3,(#1542,#1543,#1544,#1545),
 .UNSPECIFIED.,.F.,.F.,(4,4),(0.,1.),.PIECEWISE_BEZIER_KNOTS.);
#35=B_SPLINE_CURVE_WITH_KNOTS('',3,(#1549,#1550,#1551,#1552,#1553),
 .UNSPECIFIED.,.F.,.F.,(4,1,4),(0.,0.531624270442535,1.),.UNSPECIFIED.);
#36=B_SPLINE_CURVE_WITH_KNOTS('',3,(#1556,#1557,#1558,#1559,#1560,#1561,
#1562,#1563,#1564,#1565,#1566),.UNSPECIFIED.,.F.,.F.,(4,1,1,1,1,1,1,1,4),
(0.,0.00299881497662014,0.00599762995324028,0.0119952599064806,0.0179928898597208,
0.0239905198129611,0.0299881497662014,0.0359857797194417,0.0479810396259222),
 .UNSPECIFIED.);
#37=B_SPLINE_CURVE_WITH_KNOTS('',3,(#1571,#1572,#1573,#1574,#1575,#1576,
#1577,#1578,#1579,#1580),.UNSPECIFIED.,.F.,.F.,(4,1,1,1,1,1,1,4),(0.,0.0144374962019597,
0.0216562443029396,0.0288749924039194,0.0360937405048993,0.0433124886058791,
0.050531236706859,0.0577499848078388),.UNSPECIFIED.);
#38=B_SPLINE_CURVE_WITH_KNOTS('',3,(#1584,#1585,#1586,#1587,#1588,#1589,
#1590,#1591,#1592,#1593,#1594,#1595,#1596,#1597,#1598,#1599,#1600,#1601),
 .UNSPECIFIED.,.F.,.F.,(4,1,1,1,1,1,1,1,1,1,1,1,1,1,1,4),(0.,0.00497430490335603,
0.00746145735503404,0.00994860980671205,0.0124357622583901,0.0149229147100681,
0.0161664909359071,0.0174100671617461,0.0198972196134241,0.0223843720651021,
0.0248715245167801,0.0273586769684581,0.0298458294201362,0.0323329818718142,
0.0348201343234922,0.0397944392268482),.UNSPECIFIED.);
#39=B_SPLINE_CURVE_WITH_KNOTS('',3,(#1614,#1615,#1616,#1617),
 .UNSPECIFIED.,.F.,.F.,(4,4),(0.,1.),.PIECEWISE_BEZIER_KNOTS.);
#40=B_SPLINE_CURVE_WITH_KNOTS('',3,(#1642,#1643,#1644,#1645,#1646),
 .UNSPECIFIED.,.F.,.F.,(4,1,4),(0.,0.531624270442535,1.),.UNSPECIFIED.);
#41=B_SPLINE_CURVE_WITH_KNOTS('',3,(#1661,#1662,#1663,#1664),
 .UNSPECIFIED.,.F.,.F.,(4,4),(0.,1.),.PIECEWISE_BEZIER_KNOTS.);
#42=B_SPLINE_CURVE_WITH_KNOTS('',3,(#1683,#1684,#1685,#1686,#1687,#1688,
#1689,#1690,#1691,#1692),.UNSPECIFIED.,.F.,.F.,(4,1,1,1,1,1,1,4),(2.75185985970998E-17,
0.0119145604041656,0.0178718406062484,0.0238291208083312,0.0297864010104141,
0.0357436812124969,0.0417009614145797,0.0476582416166625),.UNSPECIFIED.);
#43=B_SPLINE_CURVE_WITH_KNOTS('',3,(#1733,#1734,#1735,#1736,#1737,#1738,
#1739),.UNSPECIFIED.,.F.,.F.,(4,1,1,1,4),(-5.99999999465565E-8,0.00352056254685587,
0.0070411850937117,0.0105618076405675,0.0140824301874233),.UNSPECIFIED.);
#44=B_SPLINE_CURVE_WITH_KNOTS('',3,(#1741,#1742,#1743,#1744,#1745),
 .UNSPECIFIED.,.F.,.F.,(4,1,4),(0.,0.5,1.),.UNSPECIFIED.);
#45=B_SPLINE_CURVE_WITH_KNOTS('',3,(#1747,#1748,#1749,#1750,#1751,#1752,
#1753,#1754,#1755),.UNSPECIFIED.,.F.,.F.,(4,1,1,1,1,1,4),(0.,0.00273667600132108,
0.00547335200264215,0.0109467040052843,0.0164200560079265,0.0191567320092475,
0.0218934080105686),.UNSPECIFIED.);
#46=B_SPLINE_CURVE_WITH_KNOTS('',3,(#1776,#1777,#1778,#1779,#1780,#1781,
#1782,#1783,#1784,#1785),.UNSPECIFIED.,.F.,.F.,(4,1,1,1,1,1,1,4),(0.,0.00721629590012309,
0.0144325918002462,0.0216488877003693,0.0288651836004924,0.0360814795006154,
0.0432977754007385,0.0577303672009847),.UNSPECIFIED.);
#47=B_SPLINE_CURVE_WITH_KNOTS('',3,(#1787,#1788,#1789,#1790,#1791,#1792,
#1793,#1794,#1795,#1796),.UNSPECIFIED.,.F.,.F.,(4,1,1,1,1,1,1,4),(0.,0.000668036286943965,
0.00133607257388793,0.00267214514777586,0.00400821772166379,0.00534429029555172,
0.00801643544332758,0.0106885805911034),.UNSPECIFIED.);
#48=B_SPLINE_CURVE_WITH_KNOTS('',3,(#1801,#1802,#1803,#1804,#1805,#1806,
#1807,#1808,#1809),.UNSPECIFIED.,.F.,.F.,(4,1,1,1,1,1,4),(0.,0.0126441095161672,
0.0189661642742508,0.0252882190323345,0.0316102737904181,0.0379323285485017,
0.0505764380646689),.UNSPECIFIED.);
#49=B_SPLINE_CURVE_WITH_KNOTS('',3,(#1813,#1814,#1815,#1816,#1817,#1818,
#1819,#1820,#1821),.UNSPECIFIED.,.F.,.F.,(4,1,1,1,1,1,4),(0.,0.00436799743440481,
0.00873599486880963,0.0131039923032144,0.0174719897376193,0.0262079846064289,
0.0349439794752385),.UNSPECIFIED.);
#50=B_SPLINE_CURVE_WITH_KNOTS('',3,(#1825,#1826,#1827,#1828,#1829,#1830,
#1831,#1832,#1833,#1834,#1835),.UNSPECIFIED.,.F.,.F.,(4,1,1,1,1,1,1,1,4),
(0.,0.00175652087273322,0.00351304174546643,0.00702608349093287,0.00878260436366609,
0.0105391252363993,0.0122956461091325,0.0131739065454991,0.0140521669818657),
 .UNSPECIFIED.);
#51=B_SPLINE_CURVE_WITH_KNOTS('',3,(#2216,#2217,#2218,#2219,#2220),
 .UNSPECIFIED.,.F.,.F.,(4,1,4),(0.,0.5,1.),.UNSPECIFIED.);
#52=B_SPLINE_CURVE_WITH_KNOTS('',3,(#2221,#2222,#2223,#2224,#2225),
 .UNSPECIFIED.,.F.,.F.,(4,1,4),(0.,0.5,1.),.UNSPECIFIED.);
#53=B_SPLINE_CURVE_WITH_KNOTS('',3,(#2451,#2452,#2453,#2454,#2455,#2456,
#2457),.UNSPECIFIED.,.F.,.F.,(4,1,1,1,4),(0.,0.00229727184685633,0.00459454369371266,
0.00689181554056898,0.00918908738742531),.UNSPECIFIED.);
#54=B_SPLINE_CURVE_WITH_KNOTS('',3,(#2497,#2498,#2499,#2500,#2501,#2502,
#2503),.UNSPECIFIED.,.F.,.F.,(4,1,1,1,4),(0.,0.00289142324807031,0.00578284649614061,
0.00867426974421092,0.0115656929922812),.UNSPECIFIED.);
#55=B_SPLINE_CURVE_WITH_KNOTS('',3,(#2526,#2527,#2528,#2529,#2530,#2531,
#2532,#2533,#2534,#2535,#2536),.UNSPECIFIED.,.F.,.F.,(4,1,1,1,1,1,1,1,4),
(0.,0.00299881497662014,0.00599762995324028,0.0119952599064806,0.0179928898597208,
0.0239905198129611,0.0299881497662014,0.0359857797194417,0.0479810396259222),
 .UNSPECIFIED.);
#56=B_SPLINE_CURVE_WITH_KNOTS('',3,(#2541,#2542,#2543,#2544,#2545,#2546,
#2547,#2548,#2549,#2550,#2551,#2552,#2553,#2554,#2555,#2556,#2557,#2558),
 .UNSPECIFIED.,.F.,.F.,(4,1,1,1,1,1,1,1,1,1,1,1,1,1,1,4),(0.,0.00497430490335603,
0.00746145735503404,0.00994860980671205,0.0124357622583901,0.0149229147100681,
0.0161664909359071,0.0174100671617461,0.0198972196134241,0.0223843720651021,
0.0248715245167801,0.0273586769684581,0.0298458294201362,0.0323329818718142,
0.0348201343234922,0.0397944392268482),.UNSPECIFIED.);
#57=B_SPLINE_CURVE_WITH_KNOTS('',3,(#2562,#2563,#2564,#2565,#2566,#2567,
#2568,#2569,#2570,#2571),.UNSPECIFIED.,.F.,.F.,(4,1,1,1,1,1,1,4),(0.,0.0144374962019597,
0.0216562443029396,0.0288749924039194,0.0360937405048993,0.0433124886058791,
0.050531236706859,0.0577499848078388),.UNSPECIFIED.);
#58=B_SPLINE_CURVE_WITH_KNOTS('',3,(#2592,#2593,#2594,#2595,#2596,#2597,
#2598,#2599,#2600,#2601),.UNSPECIFIED.,.F.,.F.,(4,1,1,1,1,1,1,4),(2.75185985970998E-17,
0.0119145604041656,0.0178718406062484,0.0238291208083312,0.0297864010104141,
0.0357436812124969,0.0417009614145797,0.0476582416166625),.UNSPECIFIED.);
#59=B_SPLINE_CURVE_WITH_KNOTS('',3,(#2640,#2641,#2642,#2643,#2644,#2645,
#2646,#2647,#2648),.UNSPECIFIED.,.F.,.F.,(4,1,1,1,1,1,4),(0.,0.00273667600132108,
0.00547335200264215,0.0109467040052843,0.0164200560079265,0.0191567320092475,
0.0218934080105686),.UNSPECIFIED.);
#60=B_SPLINE_CURVE_WITH_KNOTS('',3,(#2650,#2651,#2652,#2653,#2654),
 .UNSPECIFIED.,.F.,.F.,(4,1,4),(0.,0.5,1.),.UNSPECIFIED.);
#61=B_SPLINE_CURVE_WITH_KNOTS('',3,(#2656,#2657,#2658,#2659,#2660,#2661,
#2662),.UNSPECIFIED.,.F.,.F.,(4,1,1,1,4),(-5.99999999465565E-8,0.00352056254685587,
0.0070411850937117,0.0105618076405675,0.0140824301874233),.UNSPECIFIED.);
#62=B_SPLINE_CURVE_WITH_KNOTS('',3,(#2683,#2684,#2685,#2686,#2687,#2688,
#2689,#2690,#2691,#2692),.UNSPECIFIED.,.F.,.F.,(4,1,1,1,1,1,1,4),(0.,0.00721629590012309,
0.0144325918002462,0.0216488877003693,0.0288651836004924,0.0360814795006154,
0.0432977754007385,0.0577303672009847),.UNSPECIFIED.);
#63=B_SPLINE_CURVE_WITH_KNOTS('',3,(#2694,#2695,#2696,#2697,#2698,#2699,
#2700,#2701,#2702,#2703),.UNSPECIFIED.,.F.,.F.,(4,1,1,1,1,1,1,4),(0.,0.000668036286943965,
0.00133607257388793,0.00267214514777586,0.00400821772166379,0.00534429029555172,
0.00801643544332758,0.0106885805911034),.UNSPECIFIED.);
#64=B_SPLINE_CURVE_WITH_KNOTS('',3,(#2706,#2707,#2708,#2709,#2710,#2711,
#2712,#2713,#2714,#2715,#2716),.UNSPECIFIED.,.F.,.F.,(4,1,1,1,1,1,1,1,4),
(0.,0.00175652087273322,0.00351304174546643,0.00702608349093287,0.00878260436366609,
0.0105391252363993,0.0122956461091325,0.0131739065454991,0.0140521669818657),
 .UNSPECIFIED.);
#65=B_SPLINE_CURVE_WITH_KNOTS('',3,(#2720,#2721,#2722,#2723,#2724,#2725,
#2726,#2727,#2728),.UNSPECIFIED.,.F.,.F.,(4,1,1,1,1,1,4),(0.,0.00436799743440482,
0.00873599486880964,0.0131039923032145,0.0174719897376193,0.0262079846064289,
0.0349439794752385),.UNSPECIFIED.);
#66=B_SPLINE_CURVE_WITH_KNOTS('',3,(#2732,#2733,#2734,#2735,#2736,#2737,
#2738,#2739,#2740),.UNSPECIFIED.,.F.,.F.,(4,1,1,1,1,1,4),(0.,0.0126441095161672,
0.0189661642742508,0.0252882190323345,0.0316102737904181,0.0379323285485017,
0.0505764380646689),.UNSPECIFIED.);
#67=B_SPLINE_CURVE_WITH_KNOTS('',3,(#3123,#3124,#3125,#3126,#3127),
 .UNSPECIFIED.,.F.,.F.,(4,1,4),(0.,0.5,1.),.UNSPECIFIED.);
#68=B_SPLINE_CURVE_WITH_KNOTS('',3,(#3128,#3129,#3130,#3131,#3132),
 .UNSPECIFIED.,.F.,.F.,(4,1,4),(0.,0.5,1.),.UNSPECIFIED.);
#69=B_SPLINE_CURVE_WITH_KNOTS('',3,(#3358,#3359,#3360,#3361,#3362,#3363,
#3364),.UNSPECIFIED.,.F.,.F.,(4,1,1,1,4),(0.,0.00229727184685633,0.00459454369371266,
0.00689181554056898,0.00918908738742531),.UNSPECIFIED.);
#70=B_SPLINE_CURVE_WITH_KNOTS('',3,(#3404,#3405,#3406,#3407,#3408,#3409,
#3410),.UNSPECIFIED.,.F.,.F.,(4,1,1,1,4),(0.,0.0028914232480703,0.00578284649614061,
0.00867426974421091,0.0115656929922812),.UNSPECIFIED.);
#71=SHAPE_REPRESENTATION_RELATIONSHIP('','',#1089,#74);
#72=SHAPE_REPRESENTATION_RELATIONSHIP('','',#1090,#75);
#73=SHAPE_REPRESENTATION_RELATIONSHIP('','',#1091,#76);
#74=ADVANCED_BREP_SHAPE_REPRESENTATION('',(#1083),#3425);
#75=ADVANCED_BREP_SHAPE_REPRESENTATION('',(#1084),#3426);
#76=ADVANCED_BREP_SHAPE_REPRESENTATION('',(#1085),#3427);
#77=CYLINDRICAL_SURFACE('',#1120,41.2202197293236);
#78=CYLINDRICAL_SURFACE('',#1121,49.7750996661146);
#79=CYLINDRICAL_SURFACE('',#1122,60.0039412432177);
#80=CYLINDRICAL_SURFACE('',#1123,72.2342940690366);
#81=CYLINDRICAL_SURFACE('',#1124,6.);
#82=CYLINDRICAL_SURFACE('',#1125,6.);
#83=CYLINDRICAL_SURFACE('',#1126,6.);
#84=CYLINDRICAL_SURFACE('',#1127,6.);
#85=CYLINDRICAL_SURFACE('',#1134,20.);
#86=CYLINDRICAL_SURFACE('',#1136,45.);
#87=CYLINDRICAL_SURFACE('',#1138,22.5);
#88=CYLINDRICAL_SURFACE('',#1140,42.5);
#89=CYLINDRICAL_SURFACE('',#1152,5.);
#90=CYLINDRICAL_SURFACE('',#1156,6.);
#91=CYLINDRICAL_SURFACE('',#1158,6.);
#92=CYLINDRICAL_SURFACE('',#1165,22.5);
#93=CYLINDRICAL_SURFACE('',#1167,42.5);
#94=CYLINDRICAL_SURFACE('',#1179,5.);
#95=CYLINDRICAL_SURFACE('',#1183,12.5);
#96=CIRCLE('',#1096,6.);
#97=CIRCLE('',#1097,6.);
#98=CIRCLE('',#1100,6.);
#99=CIRCLE('',#1101,6.);
#100=CIRCLE('',#1104,72.2342940690366);
#101=CIRCLE('',#1105,60.0039412432177);
#102=CIRCLE('',#1106,49.7750996661146);
#103=CIRCLE('',#1107,41.2202197293236);
#104=CIRCLE('',#1110,6.);
#105=CIRCLE('',#1111,6.);
#106=CIRCLE('',#1113,72.2342940690366);
#107=CIRCLE('',#1114,60.0039412432177);
#108=CIRCLE('',#1115,49.7750996661146);
#109=CIRCLE('',#1116,41.2202197293236);
#110=CIRCLE('',#1118,6.);
#111=CIRCLE('',#1119,6.);
#112=CIRCLE('',#1130,20.);
#113=CIRCLE('',#1131,45.);
#114=CIRCLE('',#1132,42.5);
#115=CIRCLE('',#1133,22.5);
#116=CIRCLE('',#1135,20.);
#117=CIRCLE('',#1137,45.);
#118=CIRCLE('',#1139,22.5);
#119=CIRCLE('',#1141,42.5);
#120=CIRCLE('',#1143,37.5);
#121=CIRCLE('',#1144,27.5);
#122=CIRCLE('',#1146,5.);
#123=CIRCLE('',#1147,5.);
#124=CIRCLE('',#1149,5.);
#125=CIRCLE('',#1151,5.);
#126=CIRCLE('',#1154,6.);
#127=CIRCLE('',#1155,6.);
#128=CIRCLE('',#1157,6.);
#129=CIRCLE('',#1159,6.);
#130=CIRCLE('',#1163,22.5);
#131=CIRCLE('',#1164,42.5);
#132=CIRCLE('',#1166,22.5);
#133=CIRCLE('',#1168,42.5);
#134=CIRCLE('',#1170,27.5);
#135=CIRCLE('',#1171,37.5);
#136=CIRCLE('',#1173,5.);
#137=CIRCLE('',#1174,5.);
#138=CIRCLE('',#1176,5.);
#139=CIRCLE('',#1178,5.);
#140=CIRCLE('',#1184,12.5);
#141=CIRCLE('',#1185,12.5);
#142=ORIENTED_EDGE('',*,*,#422,.F.);
#143=ORIENTED_EDGE('',*,*,#423,.F.);
#144=ORIENTED_EDGE('',*,*,#424,.T.);
#145=ORIENTED_EDGE('',*,*,#425,.T.);
#146=ORIENTED_EDGE('',*,*,#426,.F.);
#147=ORIENTED_EDGE('',*,*,#425,.F.);
#148=ORIENTED_EDGE('',*,*,#427,.T.);
#149=ORIENTED_EDGE('',*,*,#428,.T.);
#150=ORIENTED_EDGE('',*,*,#429,.F.);
#151=ORIENTED_EDGE('',*,*,#430,.T.);
#152=ORIENTED_EDGE('',*,*,#431,.T.);
#153=ORIENTED_EDGE('',*,*,#432,.F.);
#154=ORIENTED_EDGE('',*,*,#433,.F.);
#155=ORIENTED_EDGE('',*,*,#434,.F.);
#156=ORIENTED_EDGE('',*,*,#435,.F.);
#157=ORIENTED_EDGE('',*,*,#436,.T.);
#158=ORIENTED_EDGE('',*,*,#437,.T.);
#159=ORIENTED_EDGE('',*,*,#431,.F.);
#160=ORIENTED_EDGE('',*,*,#437,.F.);
#161=ORIENTED_EDGE('',*,*,#438,.F.);
#162=ORIENTED_EDGE('',*,*,#439,.T.);
#163=ORIENTED_EDGE('',*,*,#432,.T.);
#164=ORIENTED_EDGE('',*,*,#440,.F.);
#165=ORIENTED_EDGE('',*,*,#441,.F.);
#166=ORIENTED_EDGE('',*,*,#439,.F.);
#167=ORIENTED_EDGE('',*,*,#442,.F.);
#168=ORIENTED_EDGE('',*,*,#443,.T.);
#169=ORIENTED_EDGE('',*,*,#429,.T.);
#170=ORIENTED_EDGE('',*,*,#444,.T.);
#171=ORIENTED_EDGE('',*,*,#435,.T.);
#172=ORIENTED_EDGE('',*,*,#430,.F.);
#173=ORIENTED_EDGE('',*,*,#443,.F.);
#174=ORIENTED_EDGE('',*,*,#445,.T.);
#175=ORIENTED_EDGE('',*,*,#446,.T.);
#176=ORIENTED_EDGE('',*,*,#447,.T.);
#177=ORIENTED_EDGE('',*,*,#448,.T.);
#178=ORIENTED_EDGE('',*,*,#442,.T.);
#179=ORIENTED_EDGE('',*,*,#438,.T.);
#180=ORIENTED_EDGE('',*,*,#436,.F.);
#181=ORIENTED_EDGE('',*,*,#444,.F.);
#182=ORIENTED_EDGE('',*,*,#449,.T.);
#183=ORIENTED_EDGE('',*,*,#450,.T.);
#184=ORIENTED_EDGE('',*,*,#428,.F.);
#185=ORIENTED_EDGE('',*,*,#451,.F.);
#186=ORIENTED_EDGE('',*,*,#452,.F.);
#187=ORIENTED_EDGE('',*,*,#453,.F.);
#188=ORIENTED_EDGE('',*,*,#451,.T.);
#189=ORIENTED_EDGE('',*,*,#427,.F.);
#190=ORIENTED_EDGE('',*,*,#424,.F.);
#191=ORIENTED_EDGE('',*,*,#454,.T.);
#192=ORIENTED_EDGE('',*,*,#455,.F.);
#193=ORIENTED_EDGE('',*,*,#456,.F.);
#194=ORIENTED_EDGE('',*,*,#457,.F.);
#195=ORIENTED_EDGE('',*,*,#458,.F.);
#196=ORIENTED_EDGE('',*,*,#459,.F.);
#197=ORIENTED_EDGE('',*,*,#449,.F.);
#198=ORIENTED_EDGE('',*,*,#454,.F.);
#199=ORIENTED_EDGE('',*,*,#423,.T.);
#200=ORIENTED_EDGE('',*,*,#460,.F.);
#201=ORIENTED_EDGE('',*,*,#461,.F.);
#202=ORIENTED_EDGE('',*,*,#450,.F.);
#203=ORIENTED_EDGE('',*,*,#459,.T.);
#204=ORIENTED_EDGE('',*,*,#422,.T.);
#205=ORIENTED_EDGE('',*,*,#426,.T.);
#206=ORIENTED_EDGE('',*,*,#458,.T.);
#207=ORIENTED_EDGE('',*,*,#448,.F.);
#208=ORIENTED_EDGE('',*,*,#457,.T.);
#209=ORIENTED_EDGE('',*,*,#447,.F.);
#210=ORIENTED_EDGE('',*,*,#456,.T.);
#211=ORIENTED_EDGE('',*,*,#446,.F.);
#212=ORIENTED_EDGE('',*,*,#455,.T.);
#213=ORIENTED_EDGE('',*,*,#445,.F.);
#214=ORIENTED_EDGE('',*,*,#441,.T.);
#215=ORIENTED_EDGE('',*,*,#453,.T.);
#216=ORIENTED_EDGE('',*,*,#440,.T.);
#217=ORIENTED_EDGE('',*,*,#452,.T.);
#218=ORIENTED_EDGE('',*,*,#434,.T.);
#219=ORIENTED_EDGE('',*,*,#461,.T.);
#220=ORIENTED_EDGE('',*,*,#433,.T.);
#221=ORIENTED_EDGE('',*,*,#460,.T.);
#222=ORIENTED_EDGE('',*,*,#462,.F.);
#223=ORIENTED_EDGE('',*,*,#463,.F.);
#224=ORIENTED_EDGE('',*,*,#464,.F.);
#225=ORIENTED_EDGE('',*,*,#465,.T.);
#226=ORIENTED_EDGE('',*,*,#466,.T.);
#227=ORIENTED_EDGE('',*,*,#467,.F.);
#228=ORIENTED_EDGE('',*,*,#468,.F.);
#229=ORIENTED_EDGE('',*,*,#469,.T.);
#230=ORIENTED_EDGE('',*,*,#470,.F.);
#231=ORIENTED_EDGE('',*,*,#471,.T.);
#232=ORIENTED_EDGE('',*,*,#472,.T.);
#233=ORIENTED_EDGE('',*,*,#473,.F.);
#234=ORIENTED_EDGE('',*,*,#474,.T.);
#235=ORIENTED_EDGE('',*,*,#475,.T.);
#236=ORIENTED_EDGE('',*,*,#476,.T.);
#237=ORIENTED_EDGE('',*,*,#477,.T.);
#238=ORIENTED_EDGE('',*,*,#478,.F.);
#239=ORIENTED_EDGE('',*,*,#466,.F.);
#240=ORIENTED_EDGE('',*,*,#478,.T.);
#241=ORIENTED_EDGE('',*,*,#479,.F.);
#242=ORIENTED_EDGE('',*,*,#480,.F.);
#243=ORIENTED_EDGE('',*,*,#467,.T.);
#244=ORIENTED_EDGE('',*,*,#480,.T.);
#245=ORIENTED_EDGE('',*,*,#481,.F.);
#246=ORIENTED_EDGE('',*,*,#482,.F.);
#247=ORIENTED_EDGE('',*,*,#468,.T.);
#248=ORIENTED_EDGE('',*,*,#482,.T.);
#249=ORIENTED_EDGE('',*,*,#483,.T.);
#250=ORIENTED_EDGE('',*,*,#484,.F.);
#251=ORIENTED_EDGE('',*,*,#469,.F.);
#252=ORIENTED_EDGE('',*,*,#484,.T.);
#253=ORIENTED_EDGE('',*,*,#485,.F.);
#254=ORIENTED_EDGE('',*,*,#486,.F.);
#255=ORIENTED_EDGE('',*,*,#462,.T.);
#256=ORIENTED_EDGE('',*,*,#487,.T.);
#257=ORIENTED_EDGE('',*,*,#488,.T.);
#258=ORIENTED_EDGE('',*,*,#489,.F.);
#259=ORIENTED_EDGE('',*,*,#470,.T.);
#260=ORIENTED_EDGE('',*,*,#490,.T.);
#261=ORIENTED_EDGE('',*,*,#491,.T.);
#262=ORIENTED_EDGE('',*,*,#487,.F.);
#263=ORIENTED_EDGE('',*,*,#475,.F.);
#264=ORIENTED_EDGE('',*,*,#492,.T.);
#265=ORIENTED_EDGE('',*,*,#493,.T.);
#266=ORIENTED_EDGE('',*,*,#494,.T.);
#267=ORIENTED_EDGE('',*,*,#495,.T.);
#268=ORIENTED_EDGE('',*,*,#490,.F.);
#269=ORIENTED_EDGE('',*,*,#474,.F.);
#270=ORIENTED_EDGE('',*,*,#496,.T.);
#271=ORIENTED_EDGE('',*,*,#497,.T.);
#272=ORIENTED_EDGE('',*,*,#492,.F.);
#273=ORIENTED_EDGE('',*,*,#473,.T.);
#274=ORIENTED_EDGE('',*,*,#498,.T.);
#275=ORIENTED_EDGE('',*,*,#499,.T.);
#276=ORIENTED_EDGE('',*,*,#496,.F.);
#277=ORIENTED_EDGE('',*,*,#472,.F.);
#278=ORIENTED_EDGE('',*,*,#500,.T.);
#279=ORIENTED_EDGE('',*,*,#501,.T.);
#280=ORIENTED_EDGE('',*,*,#502,.T.);
#281=ORIENTED_EDGE('',*,*,#503,.T.);
#282=ORIENTED_EDGE('',*,*,#504,.T.);
#283=ORIENTED_EDGE('',*,*,#505,.T.);
#284=ORIENTED_EDGE('',*,*,#506,.T.);
#285=ORIENTED_EDGE('',*,*,#489,.T.);
#286=ORIENTED_EDGE('',*,*,#507,.T.);
#287=ORIENTED_EDGE('',*,*,#498,.F.);
#288=ORIENTED_EDGE('',*,*,#471,.F.);
#289=ORIENTED_EDGE('',*,*,#508,.F.);
#290=ORIENTED_EDGE('',*,*,#494,.F.);
#291=ORIENTED_EDGE('',*,*,#509,.F.);
#292=ORIENTED_EDGE('',*,*,#509,.T.);
#293=ORIENTED_EDGE('',*,*,#493,.F.);
#294=ORIENTED_EDGE('',*,*,#510,.F.);
#295=ORIENTED_EDGE('',*,*,#500,.F.);
#296=ORIENTED_EDGE('',*,*,#508,.T.);
#297=ORIENTED_EDGE('',*,*,#506,.F.);
#298=ORIENTED_EDGE('',*,*,#511,.F.);
#299=ORIENTED_EDGE('',*,*,#495,.F.);
#300=ORIENTED_EDGE('',*,*,#510,.T.);
#301=ORIENTED_EDGE('',*,*,#497,.F.);
#302=ORIENTED_EDGE('',*,*,#512,.F.);
#303=ORIENTED_EDGE('',*,*,#501,.F.);
#304=ORIENTED_EDGE('',*,*,#511,.T.);
#305=ORIENTED_EDGE('',*,*,#505,.F.);
#306=ORIENTED_EDGE('',*,*,#513,.F.);
#307=ORIENTED_EDGE('',*,*,#491,.F.);
#308=ORIENTED_EDGE('',*,*,#512,.T.);
#309=ORIENTED_EDGE('',*,*,#499,.F.);
#310=ORIENTED_EDGE('',*,*,#514,.F.);
#311=ORIENTED_EDGE('',*,*,#502,.F.);
#312=ORIENTED_EDGE('',*,*,#513,.T.);
#313=ORIENTED_EDGE('',*,*,#504,.F.);
#314=ORIENTED_EDGE('',*,*,#515,.F.);
#315=ORIENTED_EDGE('',*,*,#488,.F.);
#316=ORIENTED_EDGE('',*,*,#514,.T.);
#317=ORIENTED_EDGE('',*,*,#507,.F.);
#318=ORIENTED_EDGE('',*,*,#515,.T.);
#319=ORIENTED_EDGE('',*,*,#503,.F.);
#320=ORIENTED_EDGE('',*,*,#516,.F.);
#321=ORIENTED_EDGE('',*,*,#517,.F.);
#322=ORIENTED_EDGE('',*,*,#518,.F.);
#323=ORIENTED_EDGE('',*,*,#519,.F.);
#324=ORIENTED_EDGE('',*,*,#464,.T.);
#325=ORIENTED_EDGE('',*,*,#520,.T.);
#326=ORIENTED_EDGE('',*,*,#521,.F.);
#327=ORIENTED_EDGE('',*,*,#516,.T.);
#328=ORIENTED_EDGE('',*,*,#522,.F.);
#329=ORIENTED_EDGE('',*,*,#517,.T.);
#330=ORIENTED_EDGE('',*,*,#486,.T.);
#331=ORIENTED_EDGE('',*,*,#523,.F.);
#332=ORIENTED_EDGE('',*,*,#520,.F.);
#333=ORIENTED_EDGE('',*,*,#463,.T.);
#334=ORIENTED_EDGE('',*,*,#519,.T.);
#335=ORIENTED_EDGE('',*,*,#524,.T.);
#336=ORIENTED_EDGE('',*,*,#476,.F.);
#337=ORIENTED_EDGE('',*,*,#465,.F.);
#338=ORIENTED_EDGE('',*,*,#524,.F.);
#339=ORIENTED_EDGE('',*,*,#518,.T.);
#340=ORIENTED_EDGE('',*,*,#523,.T.);
#341=ORIENTED_EDGE('',*,*,#485,.T.);
#342=ORIENTED_EDGE('',*,*,#483,.F.);
#343=ORIENTED_EDGE('',*,*,#481,.T.);
#344=ORIENTED_EDGE('',*,*,#479,.T.);
#345=ORIENTED_EDGE('',*,*,#477,.F.);
#346=ORIENTED_EDGE('',*,*,#525,.T.);
#347=ORIENTED_EDGE('',*,*,#526,.F.);
#348=ORIENTED_EDGE('',*,*,#527,.F.);
#349=ORIENTED_EDGE('',*,*,#528,.T.);
#350=ORIENTED_EDGE('',*,*,#529,.F.);
#351=ORIENTED_EDGE('',*,*,#530,.F.);
#352=ORIENTED_EDGE('',*,*,#531,.F.);
#353=ORIENTED_EDGE('',*,*,#525,.F.);
#354=ORIENTED_EDGE('',*,*,#532,.T.);
#355=ORIENTED_EDGE('',*,*,#533,.F.);
#356=ORIENTED_EDGE('',*,*,#534,.F.);
#357=ORIENTED_EDGE('',*,*,#526,.T.);
#358=ORIENTED_EDGE('',*,*,#531,.T.);
#359=ORIENTED_EDGE('',*,*,#535,.F.);
#360=ORIENTED_EDGE('',*,*,#536,.F.);
#361=ORIENTED_EDGE('',*,*,#527,.T.);
#362=ORIENTED_EDGE('',*,*,#534,.T.);
#363=ORIENTED_EDGE('',*,*,#537,.F.);
#364=ORIENTED_EDGE('',*,*,#538,.F.);
#365=ORIENTED_EDGE('',*,*,#539,.F.);
#366=ORIENTED_EDGE('',*,*,#540,.F.);
#367=ORIENTED_EDGE('',*,*,#528,.F.);
#368=ORIENTED_EDGE('',*,*,#536,.T.);
#369=ORIENTED_EDGE('',*,*,#541,.F.);
#370=ORIENTED_EDGE('',*,*,#542,.F.);
#371=ORIENTED_EDGE('',*,*,#529,.T.);
#372=ORIENTED_EDGE('',*,*,#540,.T.);
#373=ORIENTED_EDGE('',*,*,#543,.F.);
#374=ORIENTED_EDGE('',*,*,#544,.F.);
#375=ORIENTED_EDGE('',*,*,#545,.F.);
#376=ORIENTED_EDGE('',*,*,#546,.F.);
#377=ORIENTED_EDGE('',*,*,#547,.F.);
#378=ORIENTED_EDGE('',*,*,#548,.F.);
#379=ORIENTED_EDGE('',*,*,#549,.F.);
#380=ORIENTED_EDGE('',*,*,#550,.F.);
#381=ORIENTED_EDGE('',*,*,#532,.F.);
#382=ORIENTED_EDGE('',*,*,#530,.T.);
#383=ORIENTED_EDGE('',*,*,#542,.T.);
#384=ORIENTED_EDGE('',*,*,#551,.F.);
#385=ORIENTED_EDGE('',*,*,#552,.T.);
#386=ORIENTED_EDGE('',*,*,#553,.T.);
#387=ORIENTED_EDGE('',*,*,#538,.T.);
#388=ORIENTED_EDGE('',*,*,#553,.F.);
#389=ORIENTED_EDGE('',*,*,#544,.T.);
#390=ORIENTED_EDGE('',*,*,#554,.T.);
#391=ORIENTED_EDGE('',*,*,#539,.T.);
#392=ORIENTED_EDGE('',*,*,#552,.F.);
#393=ORIENTED_EDGE('',*,*,#537,.T.);
#394=ORIENTED_EDGE('',*,*,#555,.T.);
#395=ORIENTED_EDGE('',*,*,#545,.T.);
#396=ORIENTED_EDGE('',*,*,#554,.F.);
#397=ORIENTED_EDGE('',*,*,#550,.T.);
#398=ORIENTED_EDGE('',*,*,#556,.T.);
#399=ORIENTED_EDGE('',*,*,#541,.T.);
#400=ORIENTED_EDGE('',*,*,#555,.F.);
#401=ORIENTED_EDGE('',*,*,#535,.T.);
#402=ORIENTED_EDGE('',*,*,#557,.T.);
#403=ORIENTED_EDGE('',*,*,#546,.T.);
#404=ORIENTED_EDGE('',*,*,#556,.F.);
#405=ORIENTED_EDGE('',*,*,#549,.T.);
#406=ORIENTED_EDGE('',*,*,#558,.T.);
#407=ORIENTED_EDGE('',*,*,#543,.T.);
#408=ORIENTED_EDGE('',*,*,#557,.F.);
#409=ORIENTED_EDGE('',*,*,#533,.T.);
#410=ORIENTED_EDGE('',*,*,#559,.T.);
#411=ORIENTED_EDGE('',*,*,#547,.T.);
#412=ORIENTED_EDGE('',*,*,#558,.F.);
#413=ORIENTED_EDGE('',*,*,#548,.T.);
#414=ORIENTED_EDGE('',*,*,#559,.F.);
#415=ORIENTED_EDGE('',*,*,#551,.T.);
#416=ORIENTED_EDGE('',*,*,#522,.T.);
#417=ORIENTED_EDGE('',*,*,#521,.T.);
#418=ORIENTED_EDGE('',*,*,#560,.F.);
#419=ORIENTED_EDGE('',*,*,#561,.T.);
#420=ORIENTED_EDGE('',*,*,#560,.T.);
#421=ORIENTED_EDGE('',*,*,#561,.F.);
#422=EDGE_CURVE('',#562,#563,#658,.T.);
#423=EDGE_CURVE('',#564,#562,#659,.T.);
#424=EDGE_CURVE('',#564,#565,#660,.F.);
#425=EDGE_CURVE('',#565,#563,#661,.T.);
#426=EDGE_CURVE('',#563,#566,#662,.T.);
#427=EDGE_CURVE('',#565,#567,#663,.F.);
#428=EDGE_CURVE('',#567,#566,#664,.F.);
#429=EDGE_CURVE('',#568,#569,#665,.T.);
#430=EDGE_CURVE('',#568,#570,#666,.T.);
#431=EDGE_CURVE('',#570,#571,#667,.T.);
#432=EDGE_CURVE('',#569,#571,#668,.T.);
#433=EDGE_CURVE('',#572,#572,#96,.T.);
#434=EDGE_CURVE('',#573,#573,#97,.T.);
#435=EDGE_CURVE('',#574,#570,#669,.T.);
#436=EDGE_CURVE('',#574,#575,#670,.T.);
#437=EDGE_CURVE('',#575,#571,#671,.T.);
#438=EDGE_CURVE('',#576,#575,#672,.T.);
#439=EDGE_CURVE('',#576,#569,#673,.T.);
#440=EDGE_CURVE('',#577,#577,#98,.F.);
#441=EDGE_CURVE('',#578,#578,#99,.F.);
#442=EDGE_CURVE('',#579,#576,#674,.T.);
#443=EDGE_CURVE('',#579,#568,#675,.T.);
#444=EDGE_CURVE('',#579,#574,#676,.T.);
#445=EDGE_CURVE('',#580,#580,#100,.T.);
#446=EDGE_CURVE('',#581,#581,#101,.T.);
#447=EDGE_CURVE('',#582,#582,#102,.T.);
#448=EDGE_CURVE('',#583,#583,#103,.T.);
#449=EDGE_CURVE('',#584,#585,#677,.F.);
#450=EDGE_CURVE('',#585,#566,#678,.T.);
#451=EDGE_CURVE('',#584,#567,#679,.T.);
#452=EDGE_CURVE('',#586,#586,#104,.T.);
#453=EDGE_CURVE('',#587,#587,#105,.T.);
#454=EDGE_CURVE('',#564,#584,#680,.F.);
#455=EDGE_CURVE('',#588,#588,#106,.T.);
#456=EDGE_CURVE('',#589,#589,#107,.T.);
#457=EDGE_CURVE('',#590,#590,#108,.T.);
#458=EDGE_CURVE('',#591,#591,#109,.T.);
#459=EDGE_CURVE('',#585,#562,#681,.T.);
#460=EDGE_CURVE('',#592,#592,#110,.T.);
#461=EDGE_CURVE('',#593,#593,#111,.T.);
#462=EDGE_CURVE('',#594,#595,#33,.T.);
#463=EDGE_CURVE('',#596,#594,#682,.T.);
#464=EDGE_CURVE('',#597,#596,#683,.T.);
#465=EDGE_CURVE('',#597,#598,#684,.T.);
#466=EDGE_CURVE('',#598,#599,#34,.T.);
#467=EDGE_CURVE('',#600,#599,#112,.T.);
#468=EDGE_CURVE('',#601,#600,#35,.T.);
#469=EDGE_CURVE('',#601,#595,#113,.T.);
#470=EDGE_CURVE('',#602,#603,#36,.T.);
#471=EDGE_CURVE('',#602,#604,#685,.T.);
#472=EDGE_CURVE('',#604,#605,#37,.T.);
#473=EDGE_CURVE('',#606,#605,#114,.T.);
#474=EDGE_CURVE('',#606,#607,#38,.T.);
#475=EDGE_CURVE('',#607,#603,#115,.T.);
#476=EDGE_CURVE('',#598,#608,#686,.T.);
#477=EDGE_CURVE('',#608,#609,#39,.T.);
#478=EDGE_CURVE('',#599,#609,#687,.T.);
#479=EDGE_CURVE('',#610,#609,#116,.T.);
#480=EDGE_CURVE('',#600,#610,#688,.T.);
#481=EDGE_CURVE('',#611,#610,#40,.T.);
#482=EDGE_CURVE('',#601,#611,#689,.T.);
#483=EDGE_CURVE('',#611,#612,#117,.T.);
#484=EDGE_CURVE('',#595,#612,#690,.T.);
#485=EDGE_CURVE('',#613,#612,#41,.T.);
#486=EDGE_CURVE('',#594,#613,#691,.T.);
#487=EDGE_CURVE('',#603,#614,#692,.T.);
#488=EDGE_CURVE('',#614,#615,#42,.T.);
#489=EDGE_CURVE('',#602,#615,#693,.T.);
#490=EDGE_CURVE('',#607,#616,#694,.T.);
#491=EDGE_CURVE('',#616,#614,#118,.T.);
#492=EDGE_CURVE('',#606,#617,#695,.T.);
#493=EDGE_CURVE('',#617,#618,#43,.T.);
#494=EDGE_CURVE('',#618,#619,#44,.F.);
#495=EDGE_CURVE('',#619,#616,#45,.T.);
#496=EDGE_CURVE('',#605,#620,#696,.T.);
#497=EDGE_CURVE('',#620,#617,#119,.F.);
#498=EDGE_CURVE('',#604,#621,#697,.T.);
#499=EDGE_CURVE('',#621,#620,#46,.T.);
#500=EDGE_CURVE('',#622,#623,#47,.T.);
#501=EDGE_CURVE('',#623,#624,#120,.T.);
#502=EDGE_CURVE('',#624,#625,#48,.T.);
#503=EDGE_CURVE('',#625,#626,#698,.T.);
#504=EDGE_CURVE('',#626,#627,#49,.T.);
#505=EDGE_CURVE('',#627,#628,#121,.F.);
#506=EDGE_CURVE('',#628,#622,#50,.T.);
#507=EDGE_CURVE('',#615,#621,#699,.F.);
#508=EDGE_CURVE('',#619,#622,#51,.T.);
#509=EDGE_CURVE('',#622,#618,#52,.F.);
#510=EDGE_CURVE('',#623,#617,#122,.T.);
#511=EDGE_CURVE('',#616,#628,#123,.T.);
#512=EDGE_CURVE('',#624,#620,#124,.T.);
#513=EDGE_CURVE('',#614,#627,#125,.T.);
#514=EDGE_CURVE('',#625,#621,#53,.F.);
#515=EDGE_CURVE('',#615,#626,#54,.T.);
#516=EDGE_CURVE('',#629,#629,#126,.T.);
#517=EDGE_CURVE('',#630,#630,#127,.T.);
#518=EDGE_CURVE('',#631,#632,#700,.T.);
#519=EDGE_CURVE('',#597,#631,#701,.T.);
#520=EDGE_CURVE('',#596,#632,#702,.T.);
#521=EDGE_CURVE('',#633,#633,#128,.T.);
#522=EDGE_CURVE('',#634,#634,#129,.T.);
#523=EDGE_CURVE('',#632,#613,#703,.T.);
#524=EDGE_CURVE('',#631,#608,#704,.T.);
#525=EDGE_CURVE('',#635,#636,#55,.T.);
#526=EDGE_CURVE('',#637,#636,#130,.T.);
#527=EDGE_CURVE('',#638,#637,#56,.T.);
#528=EDGE_CURVE('',#638,#639,#131,.T.);
#529=EDGE_CURVE('',#640,#639,#57,.T.);
#530=EDGE_CURVE('',#635,#640,#705,.T.);
#531=EDGE_CURVE('',#636,#641,#706,.T.);
#532=EDGE_CURVE('',#635,#642,#707,.T.);
#533=EDGE_CURVE('',#641,#642,#58,.T.);
#534=EDGE_CURVE('',#637,#643,#708,.T.);
#535=EDGE_CURVE('',#643,#641,#132,.T.);
#536=EDGE_CURVE('',#638,#644,#709,.T.);
#537=EDGE_CURVE('',#645,#643,#59,.T.);
#538=EDGE_CURVE('',#646,#645,#60,.F.);
#539=EDGE_CURVE('',#644,#646,#61,.T.);
#540=EDGE_CURVE('',#639,#647,#710,.T.);
#541=EDGE_CURVE('',#647,#644,#133,.F.);
#542=EDGE_CURVE('',#640,#648,#711,.T.);
#543=EDGE_CURVE('',#648,#647,#62,.T.);
#544=EDGE_CURVE('',#649,#650,#63,.T.);
#545=EDGE_CURVE('',#651,#649,#64,.T.);
#546=EDGE_CURVE('',#652,#651,#134,.F.);
#547=EDGE_CURVE('',#653,#652,#65,.T.);
#548=EDGE_CURVE('',#654,#653,#712,.T.);
#549=EDGE_CURVE('',#655,#654,#66,.T.);
#550=EDGE_CURVE('',#650,#655,#135,.T.);
#551=EDGE_CURVE('',#642,#648,#713,.F.);
#552=EDGE_CURVE('',#645,#649,#67,.T.);
#553=EDGE_CURVE('',#649,#646,#68,.F.);
#554=EDGE_CURVE('',#650,#644,#136,.T.);
#555=EDGE_CURVE('',#643,#651,#137,.T.);
#556=EDGE_CURVE('',#655,#647,#138,.T.);
#557=EDGE_CURVE('',#641,#652,#139,.T.);
#558=EDGE_CURVE('',#654,#648,#69,.F.);
#559=EDGE_CURVE('',#642,#653,#70,.T.);
#560=EDGE_CURVE('',#656,#656,#140,.T.);
#561=EDGE_CURVE('',#657,#657,#141,.T.);
#562=VERTEX_POINT('',#1439);
#563=VERTEX_POINT('',#1440);
#564=VERTEX_POINT('',#1442);
#565=VERTEX_POINT('',#1444);
#566=VERTEX_POINT('',#1448);
#567=VERTEX_POINT('',#1450);
#568=VERTEX_POINT('',#1453);
#569=VERTEX_POINT('',#1454);
#570=VERTEX_POINT('',#1456);
#571=VERTEX_POINT('',#1458);
#572=VERTEX_POINT('',#1462);
#573=VERTEX_POINT('',#1464);
#574=VERTEX_POINT('',#1466);
#575=VERTEX_POINT('',#1468);
#576=VERTEX_POINT('',#1472);
#577=VERTEX_POINT('',#1476);
#578=VERTEX_POINT('',#1478);
#579=VERTEX_POINT('',#1480);
#580=VERTEX_POINT('',#1486);
#581=VERTEX_POINT('',#1488);
#582=VERTEX_POINT('',#1490);
#583=VERTEX_POINT('',#1492);
#584=VERTEX_POINT('',#1495);
#585=VERTEX_POINT('',#1496);
#586=VERTEX_POINT('',#1501);
#587=VERTEX_POINT('',#1503);
#588=VERTEX_POINT('',#1507);
#589=VERTEX_POINT('',#1509);
#590=VERTEX_POINT('',#1511);
#591=VERTEX_POINT('',#1513);
#592=VERTEX_POINT('',#1517);
#593=VERTEX_POINT('',#1519);
#594=VERTEX_POINT('',#1534);
#595=VERTEX_POINT('',#1535);
#596=VERTEX_POINT('',#1537);
#597=VERTEX_POINT('',#1539);
#598=VERTEX_POINT('',#1541);
#599=VERTEX_POINT('',#1546);
#600=VERTEX_POINT('',#1548);
#601=VERTEX_POINT('',#1554);
#602=VERTEX_POINT('',#1567);
#603=VERTEX_POINT('',#1568);
#604=VERTEX_POINT('',#1570);
#605=VERTEX_POINT('',#1581);
#606=VERTEX_POINT('',#1583);
#607=VERTEX_POINT('',#1602);
#608=VERTEX_POINT('',#1613);
#609=VERTEX_POINT('',#1618);
#610=VERTEX_POINT('',#1622);
#611=VERTEX_POINT('',#1647);
#612=VERTEX_POINT('',#1651);
#613=VERTEX_POINT('',#1665);
#614=VERTEX_POINT('',#1682);
#615=VERTEX_POINT('',#1693);
#616=VERTEX_POINT('',#1697);
#617=VERTEX_POINT('',#1732);
#618=VERTEX_POINT('',#1740);
#619=VERTEX_POINT('',#1746);
#620=VERTEX_POINT('',#1758);
#621=VERTEX_POINT('',#1775);
#622=VERTEX_POINT('',#1797);
#623=VERTEX_POINT('',#1798);
#624=VERTEX_POINT('',#1800);
#625=VERTEX_POINT('',#1810);
#626=VERTEX_POINT('',#1812);
#627=VERTEX_POINT('',#1822);
#628=VERTEX_POINT('',#1824);
#629=VERTEX_POINT('',#2507);
#630=VERTEX_POINT('',#2509);
#631=VERTEX_POINT('',#2511);
#632=VERTEX_POINT('',#2512);
#633=VERTEX_POINT('',#2517);
#634=VERTEX_POINT('',#2520);
#635=VERTEX_POINT('',#2537);
#636=VERTEX_POINT('',#2538);
#637=VERTEX_POINT('',#2540);
#638=VERTEX_POINT('',#2559);
#639=VERTEX_POINT('',#2561);
#640=VERTEX_POINT('',#2572);
#641=VERTEX_POINT('',#2589);
#642=VERTEX_POINT('',#2591);
#643=VERTEX_POINT('',#2604);
#644=VERTEX_POINT('',#2639);
#645=VERTEX_POINT('',#2649);
#646=VERTEX_POINT('',#2655);
#647=VERTEX_POINT('',#2665);
#648=VERTEX_POINT('',#2682);
#649=VERTEX_POINT('',#2704);
#650=VERTEX_POINT('',#2705);
#651=VERTEX_POINT('',#2717);
#652=VERTEX_POINT('',#2719);
#653=VERTEX_POINT('',#2729);
#654=VERTEX_POINT('',#2731);
#655=VERTEX_POINT('',#2741);
#656=VERTEX_POINT('',#3417);
#657=VERTEX_POINT('',#3419);
#658=LINE('',#1438,#714);
#659=LINE('',#1441,#715);
#660=LINE('',#1443,#716);
#661=LINE('',#1445,#717);
#662=LINE('',#1447,#718);
#663=LINE('',#1449,#719);
#664=LINE('',#1451,#720);
#665=LINE('',#1452,#721);
#666=LINE('',#1455,#722);
#667=LINE('',#1457,#723);
#668=LINE('',#1459,#724);
#669=LINE('',#1465,#725);
#670=LINE('',#1467,#726);
#671=LINE('',#1469,#727);
#672=LINE('',#1471,#728);
#673=LINE('',#1473,#729);
#674=LINE('',#1479,#730);
#675=LINE('',#1481,#731);
#676=LINE('',#1483,#732);
#677=LINE('',#1494,#733);
#678=LINE('',#1497,#734);
#679=LINE('',#1498,#735);
#680=LINE('',#1504,#736);
#681=LINE('',#1514,#737);
#682=LINE('',#1536,#738);
#683=LINE('',#1538,#739);
#684=LINE('',#1540,#740);
#685=LINE('',#1569,#741);
#686=LINE('',#1612,#742);
#687=LINE('',#1619,#743);
#688=LINE('',#1623,#744);
#689=LINE('',#1648,#745);
#690=LINE('',#1652,#746);
#691=LINE('',#1666,#747);
#692=LINE('',#1681,#748);
#693=LINE('',#1694,#749);
#694=LINE('',#1696,#750);
#695=LINE('',#1731,#751);
#696=LINE('',#1757,#752);
#697=LINE('',#1774,#753);
#698=LINE('',#1811,#754);
#699=LINE('',#1837,#755);
#700=LINE('',#2510,#756);
#701=LINE('',#2513,#757);
#702=LINE('',#2514,#758);
#703=LINE('',#2522,#759);
#704=LINE('',#2524,#760);
#705=LINE('',#2573,#761);
#706=LINE('',#2588,#762);
#707=LINE('',#2590,#763);
#708=LINE('',#2603,#764);
#709=LINE('',#2638,#765);
#710=LINE('',#2664,#766);
#711=LINE('',#2681,#767);
#712=LINE('',#2730,#768);
#713=LINE('',#2744,#769);
#714=VECTOR('',#1192,1000.);
#715=VECTOR('',#1193,1000.);
#716=VECTOR('',#1194,1000.);
#717=VECTOR('',#1195,1000.);
#718=VECTOR('',#1198,1000.);
#719=VECTOR('',#1199,1000.);
#720=VECTOR('',#1200,1000.);
#721=VECTOR('',#1201,1000.);
#722=VECTOR('',#1202,1000.);
#723=VECTOR('',#1203,1000.);
#724=VECTOR('',#1204,1000.);
#725=VECTOR('',#1211,1000.);
#726=VECTOR('',#1212,1000.);
#727=VECTOR('',#1213,1000.);
#728=VECTOR('',#1216,1000.);
#729=VECTOR('',#1217,1000.);
#730=VECTOR('',#1224,1000.);
#731=VECTOR('',#1225,1000.);
#732=VECTOR('',#1228,1000.);
#733=VECTOR('',#1241,1000.);
#734=VECTOR('',#1242,1000.);
#735=VECTOR('',#1243,1000.);
#736=VECTOR('',#1250,1000.);
#737=VECTOR('',#1261,1000.);
#738=VECTOR('',#1288,1000.);
#739=VECTOR('',#1289,1000.);
#740=VECTOR('',#1290,1000.);
#741=VECTOR('',#1295,1000.);
#742=VECTOR('',#1300,1000.);
#743=VECTOR('',#1301,1000.);
#744=VECTOR('',#1306,1000.);
#745=VECTOR('',#1307,1000.);
#746=VECTOR('',#1312,1000.);
#747=VECTOR('',#1313,1000.);
#748=VECTOR('',#1314,1000.);
#749=VECTOR('',#1315,1000.);
#750=VECTOR('',#1318,1000.);
#751=VECTOR('',#1321,1000.);
#752=VECTOR('',#1324,1000.);
#753=VECTOR('',#1327,1000.);
#754=VECTOR('',#1332,1000.);
#755=VECTOR('',#1337,1000.);
#756=VECTOR('',#1358,1000.);
#757=VECTOR('',#1359,1000.);
#758=VECTOR('',#1360,1000.);
#759=VECTOR('',#1371,1000.);
#760=VECTOR('',#1374,1000.);
#761=VECTOR('',#1381,1000.);
#762=VECTOR('',#1382,1000.);
#763=VECTOR('',#1383,1000.);
#764=VECTOR('',#1386,1000.);
#765=VECTOR('',#1389,1000.);
#766=VECTOR('',#1392,1000.);
#767=VECTOR('',#1395,1000.);
#768=VECTOR('',#1400,1000.);
#769=VECTOR('',#1405,1000.);
#770=EDGE_LOOP('',(#142,#143,#144,#145));
#771=EDGE_LOOP('',(#146,#147,#148,#149));
#772=EDGE_LOOP('',(#150,#151,#152,#153));
#773=EDGE_LOOP('',(#154));
#774=EDGE_LOOP('',(#155));
#775=EDGE_LOOP('',(#156,#157,#158,#159));
#776=EDGE_LOOP('',(#160,#161,#162,#163));
#777=EDGE_LOOP('',(#164));
#778=EDGE_LOOP('',(#165));
#779=EDGE_LOOP('',(#166,#167,#168,#169));
#780=EDGE_LOOP('',(#170,#171,#172,#173));
#781=EDGE_LOOP('',(#174));
#782=EDGE_LOOP('',(#175));
#783=EDGE_LOOP('',(#176));
#784=EDGE_LOOP('',(#177));
#785=EDGE_LOOP('',(#178,#179,#180,#181));
#786=EDGE_LOOP('',(#182,#183,#184,#185));
#787=EDGE_LOOP('',(#186));
#788=EDGE_LOOP('',(#187));
#789=EDGE_LOOP('',(#188,#189,#190,#191));
#790=EDGE_LOOP('',(#192));
#791=EDGE_LOOP('',(#193));
#792=EDGE_LOOP('',(#194));
#793=EDGE_LOOP('',(#195));
#794=EDGE_LOOP('',(#196,#197,#198,#199));
#795=EDGE_LOOP('',(#200));
#796=EDGE_LOOP('',(#201));
#797=EDGE_LOOP('',(#202,#203,#204,#205));
#798=EDGE_LOOP('',(#206));
#799=EDGE_LOOP('',(#207));
#800=EDGE_LOOP('',(#208));
#801=EDGE_LOOP('',(#209));
#802=EDGE_LOOP('',(#210));
#803=EDGE_LOOP('',(#211));
#804=EDGE_LOOP('',(#212));
#805=EDGE_LOOP('',(#213));
#806=EDGE_LOOP('',(#214));
#807=EDGE_LOOP('',(#215));
#808=EDGE_LOOP('',(#216));
#809=EDGE_LOOP('',(#217));
#810=EDGE_LOOP('',(#218));
#811=EDGE_LOOP('',(#219));
#812=EDGE_LOOP('',(#220));
#813=EDGE_LOOP('',(#221));
#814=EDGE_LOOP('',(#222,#223,#224,#225,#226,#227,#228,#229));
#815=EDGE_LOOP('',(#230,#231,#232,#233,#234,#235));
#816=EDGE_LOOP('',(#236,#237,#238,#239));
#817=EDGE_LOOP('',(#240,#241,#242,#243));
#818=EDGE_LOOP('',(#244,#245,#246,#247));
#819=EDGE_LOOP('',(#248,#249,#250,#251));
#820=EDGE_LOOP('',(#252,#253,#254,#255));
#821=EDGE_LOOP('',(#256,#257,#258,#259));
#822=EDGE_LOOP('',(#260,#261,#262,#263));
#823=EDGE_LOOP('',(#264,#265,#266,#267,#268,#269));
#824=EDGE_LOOP('',(#270,#271,#272,#273));
#825=EDGE_LOOP('',(#274,#275,#276,#277));
#826=EDGE_LOOP('',(#278,#279,#280,#281,#282,#283,#284));
#827=EDGE_LOOP('',(#285,#286,#287,#288));
#828=EDGE_LOOP('',(#289,#290,#291));
#829=EDGE_LOOP('',(#292,#293,#294,#295));
#830=EDGE_LOOP('',(#296,#297,#298,#299));
#831=EDGE_LOOP('',(#300,#301,#302,#303));
#832=EDGE_LOOP('',(#304,#305,#306,#307));
#833=EDGE_LOOP('',(#308,#309,#310,#311));
#834=EDGE_LOOP('',(#312,#313,#314,#315));
#835=EDGE_LOOP('',(#316,#317,#318,#319));
#836=EDGE_LOOP('',(#320));
#837=EDGE_LOOP('',(#321));
#838=EDGE_LOOP('',(#322,#323,#324,#325));
#839=EDGE_LOOP('',(#326));
#840=EDGE_LOOP('',(#327));
#841=EDGE_LOOP('',(#328));
#842=EDGE_LOOP('',(#329));
#843=EDGE_LOOP('',(#330,#331,#332,#333));
#844=EDGE_LOOP('',(#334,#335,#336,#337));
#845=EDGE_LOOP('',(#338,#339,#340,#341,#342,#343,#344,#345));
#846=EDGE_LOOP('',(#346,#347,#348,#349,#350,#351));
#847=EDGE_LOOP('',(#352,#353,#354,#355));
#848=EDGE_LOOP('',(#356,#357,#358,#359));
#849=EDGE_LOOP('',(#360,#361,#362,#363,#364,#365));
#850=EDGE_LOOP('',(#366,#367,#368,#369));
#851=EDGE_LOOP('',(#370,#371,#372,#373));
#852=EDGE_LOOP('',(#374,#375,#376,#377,#378,#379,#380));
#853=EDGE_LOOP('',(#381,#382,#383,#384));
#854=EDGE_LOOP('',(#385,#386,#387));
#855=EDGE_LOOP('',(#388,#389,#390,#391));
#856=EDGE_LOOP('',(#392,#393,#394,#395));
#857=EDGE_LOOP('',(#396,#397,#398,#399));
#858=EDGE_LOOP('',(#400,#401,#402,#403));
#859=EDGE_LOOP('',(#404,#405,#406,#407));
#860=EDGE_LOOP('',(#408,#409,#410,#411));
#861=EDGE_LOOP('',(#412,#413,#414,#415));
#862=EDGE_LOOP('',(#416));
#863=EDGE_LOOP('',(#417));
#864=EDGE_LOOP('',(#418));
#865=EDGE_LOOP('',(#419));
#866=EDGE_LOOP('',(#420));
#867=EDGE_LOOP('',(#421));
#868=FACE_BOUND('',#770,.T.);
#869=FACE_BOUND('',#771,.T.);
#870=FACE_BOUND('',#772,.T.);
#871=FACE_BOUND('',#773,.T.);
#872=FACE_BOUND('',#774,.T.);
#873=FACE_BOUND('',#775,.T.);
#874=FACE_BOUND('',#776,.T.);
#875=FACE_BOUND('',#777,.T.);
#876=FACE_BOUND('',#778,.T.);
#877=FACE_BOUND('',#779,.T.);
#878=FACE_BOUND('',#780,.T.);
#879=FACE_BOUND('',#781,.T.);
#880=FACE_BOUND('',#782,.T.);
#881=FACE_BOUND('',#783,.T.);
#882=FACE_BOUND('',#784,.T.);
#883=FACE_BOUND('',#785,.T.);
#884=FACE_BOUND('',#786,.T.);
#885=FACE_BOUND('',#787,.T.);
#886=FACE_BOUND('',#788,.T.);
#887=FACE_BOUND('',#789,.T.);
#888=FACE_BOUND('',#790,.T.);
#889=FACE_BOUND('',#791,.T.);
#890=FACE_BOUND('',#792,.T.);
#891=FACE_BOUND('',#793,.T.);
#892=FACE_BOUND('',#794,.T.);
#893=FACE_BOUND('',#795,.T.);
#894=FACE_BOUND('',#796,.T.);
#895=FACE_BOUND('',#797,.T.);
#896=FACE_BOUND('',#798,.T.);
#897=FACE_BOUND('',#799,.T.);
#898=FACE_BOUND('',#800,.T.);
#899=FACE_BOUND('',#801,.T.);
#900=FACE_BOUND('',#802,.T.);
#901=FACE_BOUND('',#803,.T.);
#902=FACE_BOUND('',#804,.T.);
#903=FACE_BOUND('',#805,.T.);
#904=FACE_BOUND('',#806,.T.);
#905=FACE_BOUND('',#807,.T.);
#906=FACE_BOUND('',#808,.T.);
#907=FACE_BOUND('',#809,.T.);
#908=FACE_BOUND('',#810,.T.);
#909=FACE_BOUND('',#811,.T.);
#910=FACE_BOUND('',#812,.T.);
#911=FACE_BOUND('',#813,.T.);
#912=FACE_BOUND('',#814,.T.);
#913=FACE_BOUND('',#815,.T.);
#914=FACE_BOUND('',#816,.T.);
#915=FACE_BOUND('',#817,.T.);
#916=FACE_BOUND('',#818,.T.);
#917=FACE_BOUND('',#819,.T.);
#918=FACE_BOUND('',#820,.T.);
#919=FACE_BOUND('',#821,.T.);
#920=FACE_BOUND('',#822,.T.);
#921=FACE_BOUND('',#823,.T.);
#922=FACE_BOUND('',#824,.T.);
#923=FACE_BOUND('',#825,.T.);
#924=FACE_BOUND('',#826,.T.);
#925=FACE_BOUND('',#827,.T.);
#926=FACE_BOUND('',#828,.T.);
#927=FACE_BOUND('',#829,.T.);
#928=FACE_BOUND('',#830,.T.);
#929=FACE_BOUND('',#831,.T.);
#930=FACE_BOUND('',#832,.T.);
#931=FACE_BOUND('',#833,.T.);
#932=FACE_BOUND('',#834,.T.);
#933=FACE_BOUND('',#835,.T.);
#934=FACE_BOUND('',#836,.T.);
#935=FACE_BOUND('',#837,.T.);
#936=FACE_BOUND('',#838,.T.);
#937=FACE_BOUND('',#839,.T.);
#938=FACE_BOUND('',#840,.T.);
#939=FACE_BOUND('',#841,.T.);
#940=FACE_BOUND('',#842,.T.);
#941=FACE_BOUND('',#843,.T.);
#942=FACE_BOUND('',#844,.T.);
#943=FACE_BOUND('',#845,.T.);
#944=FACE_BOUND('',#846,.T.);
#945=FACE_BOUND('',#847,.T.);
#946=FACE_BOUND('',#848,.T.);
#947=FACE_BOUND('',#849,.T.);
#948=FACE_BOUND('',#850,.T.);
#949=FACE_BOUND('',#851,.T.);
#950=FACE_BOUND('',#852,.T.);
#951=FACE_BOUND('',#853,.T.);
#952=FACE_BOUND('',#854,.T.);
#953=FACE_BOUND('',#855,.T.);
#954=FACE_BOUND('',#856,.T.);
#955=FACE_BOUND('',#857,.T.);
#956=FACE_BOUND('',#858,.T.);
#957=FACE_BOUND('',#859,.T.);
#958=FACE_BOUND('',#860,.T.);
#959=FACE_BOUND('',#861,.T.);
#960=FACE_BOUND('',#862,.T.);
#961=FACE_BOUND('',#863,.T.);
#962=FACE_BOUND('',#864,.T.);
#963=FACE_BOUND('',#865,.T.);
#964=FACE_BOUND('',#866,.T.);
#965=FACE_BOUND('',#867,.T.);
#966=PLANE('',#1093);
#967=PLANE('',#1094);
#968=PLANE('',#1095);
#969=PLANE('',#1098);
#970=PLANE('',#1099);
#971=PLANE('',#1102);
#972=PLANE('',#1103);
#973=PLANE('',#1108);
#974=PLANE('',#1109);
#975=PLANE('',#1112);
#976=PLANE('',#1117);
#977=PLANE('',#1129);
#978=PLANE('',#1142);
#979=PLANE('',#1145);
#980=PLANE('',#1153);
#981=PLANE('',#1160);
#982=PLANE('',#1161);
#983=PLANE('',#1162);
#984=PLANE('',#1169);
#985=PLANE('',#1172);
#986=PLANE('',#1180);
#987=PLANE('',#1181);
#988=PLANE('',#1186);
#989=PLANE('',#1187);
#990=ADVANCED_FACE('',(#868),#966,.F.);
#991=ADVANCED_FACE('',(#869,#870),#967,.T.);
#992=ADVANCED_FACE('',(#871,#872,#873),#968,.T.);
#993=ADVANCED_FACE('',(#874),#969,.F.);
#994=ADVANCED_FACE('',(#875,#876,#877),#970,.F.);
#995=ADVANCED_FACE('',(#878),#971,.T.);
#996=ADVANCED_FACE('',(#879,#880,#881,#882,#883),#972,.F.);
#997=ADVANCED_FACE('',(#884),#973,.T.);
#998=ADVANCED_FACE('',(#885,#886,#887),#974,.T.);
#999=ADVANCED_FACE('',(#888,#889,#890,#891,#892),#975,.T.);
#1000=ADVANCED_FACE('',(#893,#894,#895),#976,.F.);
#1001=ADVANCED_FACE('',(#896,#897),#77,.F.);
#1002=ADVANCED_FACE('',(#898,#899),#78,.F.);
#1003=ADVANCED_FACE('',(#900,#901),#79,.F.);
#1004=ADVANCED_FACE('',(#902,#903),#80,.F.);
#1005=ADVANCED_FACE('',(#904,#905),#81,.F.);
#1006=ADVANCED_FACE('',(#906,#907),#82,.F.);
#1007=ADVANCED_FACE('',(#908,#909),#83,.F.);
#1008=ADVANCED_FACE('',(#910,#911),#84,.F.);
#1009=ADVANCED_FACE('',(#912,#913),#977,.T.);
#1010=ADVANCED_FACE('',(#914),#22,.F.);
#1011=ADVANCED_FACE('',(#915),#85,.F.);
#1012=ADVANCED_FACE('',(#916),#23,.T.);
#1013=ADVANCED_FACE('',(#917),#86,.T.);
#1014=ADVANCED_FACE('',(#918),#24,.T.);
#1015=ADVANCED_FACE('',(#919),#25,.T.);
#1016=ADVANCED_FACE('',(#920),#87,.T.);
#1017=ADVANCED_FACE('',(#921),#26,.F.);
#1018=ADVANCED_FACE('',(#922),#88,.F.);
#1019=ADVANCED_FACE('',(#923),#27,.F.);
#1020=ADVANCED_FACE('',(#924),#978,.T.);
#1021=ADVANCED_FACE('',(#925),#979,.F.);
#1022=ADVANCED_FACE('',(#926),#28,.T.);
#1023=ADVANCED_FACE('',(#927),#14,.F.);
#1024=ADVANCED_FACE('',(#928),#15,.F.);
#1025=ADVANCED_FACE('',(#929),#10,.F.);
#1026=ADVANCED_FACE('',(#930),#11,.F.);
#1027=ADVANCED_FACE('',(#931),#16,.F.);
#1028=ADVANCED_FACE('',(#932),#17,.F.);
#1029=ADVANCED_FACE('',(#933),#89,.F.);
#1030=ADVANCED_FACE('',(#934,#935,#936),#980,.T.);
#1031=ADVANCED_FACE('',(#937,#938),#90,.F.);
#1032=ADVANCED_FACE('',(#939,#940),#91,.F.);
#1033=ADVANCED_FACE('',(#941),#981,.T.);
#1034=ADVANCED_FACE('',(#942),#982,.F.);
#1035=ADVANCED_FACE('',(#943,#944),#983,.T.);
#1036=ADVANCED_FACE('',(#945),#29,.F.);
#1037=ADVANCED_FACE('',(#946),#92,.T.);
#1038=ADVANCED_FACE('',(#947),#30,.T.);
#1039=ADVANCED_FACE('',(#948),#93,.F.);
#1040=ADVANCED_FACE('',(#949),#31,.T.);
#1041=ADVANCED_FACE('',(#950),#984,.T.);
#1042=ADVANCED_FACE('',(#951),#985,.F.);
#1043=ADVANCED_FACE('',(#952),#32,.F.);
#1044=ADVANCED_FACE('',(#953),#18,.F.);
#1045=ADVANCED_FACE('',(#954),#19,.F.);
#1046=ADVANCED_FACE('',(#955),#12,.F.);
#1047=ADVANCED_FACE('',(#956),#13,.F.);
#1048=ADVANCED_FACE('',(#957),#20,.F.);
#1049=ADVANCED_FACE('',(#958),#21,.F.);
#1050=ADVANCED_FACE('',(#959),#94,.F.);
#1051=ADVANCED_FACE('',(#960),#986,.T.);
#1052=ADVANCED_FACE('',(#961),#987,.T.);
#1053=ADVANCED_FACE('',(#962,#963),#95,.T.);
#1054=ADVANCED_FACE('',(#964),#988,.T.);
#1055=ADVANCED_FACE('',(#965),#989,.F.);
#1056=CLOSED_SHELL('',(#990,#991,#992,#993,#994,#995,#996,#997,#998,#999,
#1000,#1001,#1002,#1003,#1004,#1005,#1006,#1007,#1008));
#1057=CLOSED_SHELL('',(#1009,#1010,#1011,#1012,#1013,#1014,#1015,#1016,
#1017,#1018,#1019,#1020,#1021,#1022,#1023,#1024,#1025,#1026,#1027,#1028,
#1029,#1030,#1031,#1032,#1033,#1034,#1035,#1036,#1037,#1038,#1039,#1040,
#1041,#1042,#1043,#1044,#1045,#1046,#1047,#1048,#1049,#1050,#1051,#1052));
#1058=CLOSED_SHELL('',(#1053,#1054,#1055));
#1059=STYLED_ITEM('',(#1062),#1083);
#1060=STYLED_ITEM('',(#1063),#1084);
#1061=STYLED_ITEM('',(#1064),#1085);
#1062=PRESENTATION_STYLE_ASSIGNMENT((#1065));
#1063=PRESENTATION_STYLE_ASSIGNMENT((#1066));
#1064=PRESENTATION_STYLE_ASSIGNMENT((#1067));
#1065=SURFACE_STYLE_USAGE(.BOTH.,#1068);
#1066=SURFACE_STYLE_USAGE(.BOTH.,#1069);
#1067=SURFACE_STYLE_USAGE(.BOTH.,#1070);
#1068=SURFACE_SIDE_STYLE('',(#1071));
#1069=SURFACE_SIDE_STYLE('',(#1072));
#1070=SURFACE_SIDE_STYLE('',(#1073));
#1071=SURFACE_STYLE_FILL_AREA(#1074);
#1072=SURFACE_STYLE_FILL_AREA(#1075);
#1073=SURFACE_STYLE_FILL_AREA(#1076);
#1074=FILL_AREA_STYLE('',(#1077));
#1075=FILL_AREA_STYLE('',(#1078));
#1076=FILL_AREA_STYLE('',(#1079));
#1077=FILL_AREA_STYLE_COLOUR('',#1080);
#1078=FILL_AREA_STYLE_COLOUR('',#1081);
#1079=FILL_AREA_STYLE_COLOUR('',#1082);
#1080=COLOUR_RGB('',0.768627450980392,0.886274509803922,0.952941176470588);
#1081=COLOUR_RGB('',0.972549019607843,0.529411764705882,0.00392156862745098);
#1082=COLOUR_RGB('',0.498039215686275,0.498039215686275,0.498039215686275);
#1083=MANIFOLD_SOLID_BREP('Part 1',#1056);
#1084=MANIFOLD_SOLID_BREP('Part 2',#1057);
#1085=MANIFOLD_SOLID_BREP('Part 3',#1058);
#1086=SHAPE_DEFINITION_REPRESENTATION(#3440,#1089);
#1087=SHAPE_DEFINITION_REPRESENTATION(#3441,#1090);
#1088=SHAPE_DEFINITION_REPRESENTATION(#3442,#1091);
#1089=SHAPE_REPRESENTATION('Part 1',(#1092),#3425);
#1090=SHAPE_REPRESENTATION('Part 2',(#1128),#3426);
#1091=SHAPE_REPRESENTATION('Part 3',(#1182),#3427);
#1092=AXIS2_PLACEMENT_3D('',#1436,#1188,#1189);
#1093=AXIS2_PLACEMENT_3D('',#1437,#1190,#1191);
#1094=AXIS2_PLACEMENT_3D('',#1446,#1196,#1197);
#1095=AXIS2_PLACEMENT_3D('',#1460,#1205,#1206);
#1096=AXIS2_PLACEMENT_3D('',#1461,#1207,#1208);
#1097=AXIS2_PLACEMENT_3D('',#1463,#1209,#1210);
#1098=AXIS2_PLACEMENT_3D('',#1470,#1214,#1215);
#1099=AXIS2_PLACEMENT_3D('',#1474,#1218,#1219);
#1100=AXIS2_PLACEMENT_3D('',#1475,#1220,#1221);
#1101=AXIS2_PLACEMENT_3D('',#1477,#1222,#1223);
#1102=AXIS2_PLACEMENT_3D('',#1482,#1226,#1227);
#1103=AXIS2_PLACEMENT_3D('',#1484,#1229,#1230);
#1104=AXIS2_PLACEMENT_3D('',#1485,#1231,#1232);
#1105=AXIS2_PLACEMENT_3D('',#1487,#1233,#1234);
#1106=AXIS2_PLACEMENT_3D('',#1489,#1235,#1236);
#1107=AXIS2_PLACEMENT_3D('',#1491,#1237,#1238);
#1108=AXIS2_PLACEMENT_3D('',#1493,#1239,#1240);
#1109=AXIS2_PLACEMENT_3D('',#1499,#1244,#1245);
#1110=AXIS2_PLACEMENT_3D('',#1500,#1246,#1247);
#1111=AXIS2_PLACEMENT_3D('',#1502,#1248,#1249);
#1112=AXIS2_PLACEMENT_3D('',#1505,#1251,#1252);
#1113=AXIS2_PLACEMENT_3D('',#1506,#1253,#1254);
#1114=AXIS2_PLACEMENT_3D('',#1508,#1255,#1256);
#1115=AXIS2_PLACEMENT_3D('',#1510,#1257,#1258);
#1116=AXIS2_PLACEMENT_3D('',#1512,#1259,#1260);
#1117=AXIS2_PLACEMENT_3D('',#1515,#1262,#1263);
#1118=AXIS2_PLACEMENT_3D('',#1516,#1264,#1265);
#1119=AXIS2_PLACEMENT_3D('',#1518,#1266,#1267);
#1120=AXIS2_PLACEMENT_3D('',#1520,#1268,#1269);
#1121=AXIS2_PLACEMENT_3D('',#1521,#1270,#1271);
#1122=AXIS2_PLACEMENT_3D('',#1522,#1272,#1273);
#1123=AXIS2_PLACEMENT_3D('',#1523,#1274,#1275);
#1124=AXIS2_PLACEMENT_3D('',#1524,#1276,#1277);
#1125=AXIS2_PLACEMENT_3D('',#1525,#1278,#1279);
#1126=AXIS2_PLACEMENT_3D('',#1526,#1280,#1281);
#1127=AXIS2_PLACEMENT_3D('',#1527,#1282,#1283);
#1128=AXIS2_PLACEMENT_3D('',#1528,#1284,#1285);
#1129=AXIS2_PLACEMENT_3D('',#1529,#1286,#1287);
#1130=AXIS2_PLACEMENT_3D('',#1547,#1291,#1292);
#1131=AXIS2_PLACEMENT_3D('',#1555,#1293,#1294);
#1132=AXIS2_PLACEMENT_3D('',#1582,#1296,#1297);
#1133=AXIS2_PLACEMENT_3D('',#1603,#1298,#1299);
#1134=AXIS2_PLACEMENT_3D('',#1620,#1302,#1303);
#1135=AXIS2_PLACEMENT_3D('',#1621,#1304,#1305);
#1136=AXIS2_PLACEMENT_3D('',#1649,#1308,#1309);
#1137=AXIS2_PLACEMENT_3D('',#1650,#1310,#1311);
#1138=AXIS2_PLACEMENT_3D('',#1695,#1316,#1317);
#1139=AXIS2_PLACEMENT_3D('',#1698,#1319,#1320);
#1140=AXIS2_PLACEMENT_3D('',#1756,#1322,#1323);
#1141=AXIS2_PLACEMENT_3D('',#1759,#1325,#1326);
#1142=AXIS2_PLACEMENT_3D('',#1786,#1328,#1329);
#1143=AXIS2_PLACEMENT_3D('',#1799,#1330,#1331);
#1144=AXIS2_PLACEMENT_3D('',#1823,#1333,#1334);
#1145=AXIS2_PLACEMENT_3D('',#1836,#1335,#1336);
#1146=AXIS2_PLACEMENT_3D('',#2319,#1338,#1339);
#1147=AXIS2_PLACEMENT_3D('',#2416,#1340,#1341);
#1148=AXIS2_PLACEMENT_3D('',#2417,#1342,#1343);
#1149=AXIS2_PLACEMENT_3D('',#2418,#1344,#1345);
#1150=AXIS2_PLACEMENT_3D('',#2419,#1346,#1347);
#1151=AXIS2_PLACEMENT_3D('',#2420,#1348,#1349);
#1152=AXIS2_PLACEMENT_3D('',#2504,#1350,#1351);
#1153=AXIS2_PLACEMENT_3D('',#2505,#1352,#1353);
#1154=AXIS2_PLACEMENT_3D('',#2506,#1354,#1355);
#1155=AXIS2_PLACEMENT_3D('',#2508,#1356,#1357);
#1156=AXIS2_PLACEMENT_3D('',#2515,#1361,#1362);
#1157=AXIS2_PLACEMENT_3D('',#2516,#1363,#1364);
#1158=AXIS2_PLACEMENT_3D('',#2518,#1365,#1366);
#1159=AXIS2_PLACEMENT_3D('',#2519,#1367,#1368);
#1160=AXIS2_PLACEMENT_3D('',#2521,#1369,#1370);
#1161=AXIS2_PLACEMENT_3D('',#2523,#1372,#1373);
#1162=AXIS2_PLACEMENT_3D('',#2525,#1375,#1376);
#1163=AXIS2_PLACEMENT_3D('',#2539,#1377,#1378);
#1164=AXIS2_PLACEMENT_3D('',#2560,#1379,#1380);
#1165=AXIS2_PLACEMENT_3D('',#2602,#1384,#1385);
#1166=AXIS2_PLACEMENT_3D('',#2605,#1387,#1388);
#1167=AXIS2_PLACEMENT_3D('',#2663,#1390,#1391);
#1168=AXIS2_PLACEMENT_3D('',#2666,#1393,#1394);
#1169=AXIS2_PLACEMENT_3D('',#2693,#1396,#1397);
#1170=AXIS2_PLACEMENT_3D('',#2718,#1398,#1399);
#1171=AXIS2_PLACEMENT_3D('',#2742,#1401,#1402);
#1172=AXIS2_PLACEMENT_3D('',#2743,#1403,#1404);
#1173=AXIS2_PLACEMENT_3D('',#3226,#1406,#1407);
#1174=AXIS2_PLACEMENT_3D('',#3323,#1408,#1409);
#1175=AXIS2_PLACEMENT_3D('',#3324,#1410,#1411);
#1176=AXIS2_PLACEMENT_3D('',#3325,#1412,#1413);
#1177=AXIS2_PLACEMENT_3D('',#3326,#1414,#1415);
#1178=AXIS2_PLACEMENT_3D('',#3327,#1416,#1417);
#1179=AXIS2_PLACEMENT_3D('',#3411,#1418,#1419);
#1180=AXIS2_PLACEMENT_3D('',#3412,#1420,#1421);
#1181=AXIS2_PLACEMENT_3D('',#3413,#1422,#1423);
#1182=AXIS2_PLACEMENT_3D('',#3414,#1424,#1425);
#1183=AXIS2_PLACEMENT_3D('',#3415,#1426,#1427);
#1184=AXIS2_PLACEMENT_3D('',#3416,#1428,#1429);
#1185=AXIS2_PLACEMENT_3D('',#3418,#1430,#1431);
#1186=AXIS2_PLACEMENT_3D('',#3420,#1432,#1433);
#1187=AXIS2_PLACEMENT_3D('',#3421,#1434,#1435);
#1188=DIRECTION('',(0.,0.,1.));
#1189=DIRECTION('',(1.,0.,0.));
#1190=DIRECTION('',(0.,-0.0891176777229138,0.996021103951756));
#1191=DIRECTION('',(0.,-0.996021103951756,-0.0891176777229138));
#1192=DIRECTION('',(1.,0.,0.));
#1193=DIRECTION('',(0.,-0.996021103951756,-0.0891176777229138));
#1194=DIRECTION('',(-1.,0.,0.));
#1195=DIRECTION('',(0.,-0.996021103951756,-0.0891176777229138));
#1196=DIRECTION('',(1.,0.,0.));
#1197=DIRECTION('',(0.,6.12323399573677E-17,-1.));
#1198=DIRECTION('',(0.,6.12323399573677E-17,-1.));
#1199=DIRECTION('',(0.,-6.12323399573677E-17,1.));
#1200=DIRECTION('',(0.,0.996021103951756,-0.0891176777229137));
#1201=DIRECTION('',(0.,6.12323399573677E-17,-1.));
#1202=DIRECTION('',(0.,-0.996021103951756,-0.0891176777229138));
#1203=DIRECTION('',(0.,6.12323399573677E-17,-1.));
#1204=DIRECTION('',(0.,-0.996021103951756,0.0891176777229137));
#1205=DIRECTION('',(0.,-1.,-6.12323399573677E-17));
#1206=DIRECTION('',(0.,6.12323399573677E-17,-1.));
#1207=DIRECTION('',(0.,-1.,-6.12323399573677E-17));
#1208=DIRECTION('',(-1.,0.,0.));
#1209=DIRECTION('',(0.,-1.,-6.12323399573677E-17));
#1210=DIRECTION('',(-1.,0.,0.));
#1211=DIRECTION('',(1.,0.,0.));
#1212=DIRECTION('',(0.,6.12323399573677E-17,-1.));
#1213=DIRECTION('',(1.,0.,0.));
#1214=DIRECTION('',(0.,0.0891176777229137,0.996021103951756));
#1215=DIRECTION('',(0.,-0.996021103951756,0.0891176777229137));
#1216=DIRECTION('',(0.,-0.996021103951756,0.0891176777229137));
#1217=DIRECTION('',(1.,0.,0.));
#1218=DIRECTION('',(0.,-1.,-6.12323399573677E-17));
#1219=DIRECTION('',(0.,6.12323399573677E-17,-1.));
#1220=DIRECTION('',(0.,-1.,-6.12323399573677E-17));
#1221=DIRECTION('',(-1.,0.,0.));
#1222=DIRECTION('',(0.,-1.,-6.12323399573677E-17));
#1223=DIRECTION('',(-1.,0.,0.));
#1224=DIRECTION('',(0.,6.12323399573677E-17,-1.));
#1225=DIRECTION('',(1.,0.,0.));
#1226=DIRECTION('',(0.,-0.0891176777229138,0.996021103951756));
#1227=DIRECTION('',(0.,-0.996021103951756,-0.0891176777229138));
#1228=DIRECTION('',(0.,-0.996021103951756,-0.0891176777229138));
#1229=DIRECTION('',(1.,0.,0.));
#1230=DIRECTION('',(0.,6.12323399573677E-17,-1.));
#1231=DIRECTION('',(1.,0.,0.));
#1232=DIRECTION('',(0.,-1.,-6.12323399573677E-17));
#1233=DIRECTION('',(1.,0.,0.));
#1234=DIRECTION('',(0.,-1.,-6.12323399573677E-17));
#1235=DIRECTION('',(1.,0.,0.));
#1236=DIRECTION('',(0.,-1.,-6.12323399573677E-17));
#1237=DIRECTION('',(1.,0.,0.));
#1238=DIRECTION('',(0.,-1.,-6.12323399573677E-17));
#1239=DIRECTION('',(0.,0.0891176777229137,0.996021103951756));
#1240=DIRECTION('',(0.,-0.996021103951756,0.0891176777229137));
#1241=DIRECTION('',(0.,0.996021103951756,-0.0891176777229137));
#1242=DIRECTION('',(1.,0.,0.));
#1243=DIRECTION('',(1.,0.,0.));
#1244=DIRECTION('',(0.,-1.,-6.12323399573677E-17));
#1245=DIRECTION('',(0.,6.12323399573677E-17,-1.));
#1246=DIRECTION('',(0.,-1.,-6.12323399573677E-17));
#1247=DIRECTION('',(-1.,0.,0.));
#1248=DIRECTION('',(0.,-1.,-6.12323399573677E-17));
#1249=DIRECTION('',(-1.,0.,0.));
#1250=DIRECTION('',(0.,-6.12323399573677E-17,1.));
#1251=DIRECTION('',(1.,0.,0.));
#1252=DIRECTION('',(0.,6.12323399573677E-17,-1.));
#1253=DIRECTION('',(1.,0.,0.));
#1254=DIRECTION('',(0.,-1.,-6.12323399573677E-17));
#1255=DIRECTION('',(1.,0.,0.));
#1256=DIRECTION('',(0.,-1.,-6.12323399573677E-17));
#1257=DIRECTION('',(1.,0.,0.));
#1258=DIRECTION('',(0.,-1.,-6.12323399573677E-17));
#1259=DIRECTION('',(1.,0.,0.));
#1260=DIRECTION('',(0.,-1.,-6.12323399573677E-17));
#1261=DIRECTION('',(0.,-6.12323399573677E-17,1.));
#1262=DIRECTION('',(0.,-1.,-6.12323399573677E-17));
#1263=DIRECTION('',(-1.,0.,0.));
#1264=DIRECTION('',(0.,1.,6.12323399573677E-17));
#1265=DIRECTION('',(1.,0.,0.));
#1266=DIRECTION('',(0.,1.,6.12323399573677E-17));
#1267=DIRECTION('',(1.,0.,0.));
#1268=DIRECTION('',(1.,0.,0.));
#1269=DIRECTION('',(0.,-1.,-6.12323399573677E-17));
#1270=DIRECTION('',(1.,0.,0.));
#1271=DIRECTION('',(0.,-1.,-6.12323399573677E-17));
#1272=DIRECTION('',(1.,0.,0.));
#1273=DIRECTION('',(0.,-1.,-6.12323399573677E-17));
#1274=DIRECTION('',(1.,0.,0.));
#1275=DIRECTION('',(0.,-1.,-6.12323399573677E-17));
#1276=DIRECTION('',(0.,-1.,-6.12323399573677E-17));
#1277=DIRECTION('',(-1.,0.,0.));
#1278=DIRECTION('',(0.,-1.,-6.12323399573677E-17));
#1279=DIRECTION('',(-1.,0.,0.));
#1280=DIRECTION('',(0.,1.,6.12323399573677E-17));
#1281=DIRECTION('',(1.,0.,0.));
#1282=DIRECTION('',(0.,1.,6.12323399573677E-17));
#1283=DIRECTION('',(1.,0.,0.));
#1284=DIRECTION('',(0.,0.,1.));
#1285=DIRECTION('',(1.,0.,0.));
#1286=DIRECTION('',(1.,0.,0.));
#1287=DIRECTION('',(0.,6.12323399573677E-17,-1.));
#1288=DIRECTION('',(0.,-1.,-6.12323399573677E-17));
#1289=DIRECTION('',(0.,6.12323399573677E-17,-1.));
#1290=DIRECTION('',(0.,-1.,-6.12323399573677E-17));
#1291=DIRECTION('',(1.,0.,0.));
#1292=DIRECTION('',(0.,-1.,-6.12323399573677E-17));
#1293=DIRECTION('',(1.,0.,0.));
#1294=DIRECTION('',(0.,-1.,-6.12323399573677E-17));
#1295=DIRECTION('',(0.,6.12323399573677E-17,-1.));
#1296=DIRECTION('',(1.,0.,0.));
#1297=DIRECTION('',(0.,0.,-1.));
#1298=DIRECTION('',(1.,0.,0.));
#1299=DIRECTION('',(0.,0.,-1.));
#1300=DIRECTION('',(-1.,0.,0.));
#1301=DIRECTION('',(-1.,0.,0.));
#1302=DIRECTION('',(-1.,0.,0.));
#1303=DIRECTION('',(0.,1.,6.12323399573677E-17));
#1304=DIRECTION('',(1.,0.,0.));
#1305=DIRECTION('',(0.,-1.,-6.12323399573677E-17));
#1306=DIRECTION('',(-1.,0.,0.));
#1307=DIRECTION('',(-1.,0.,0.));
#1308=DIRECTION('',(-1.,0.,0.));
#1309=DIRECTION('',(0.,1.,6.12323399573677E-17));
#1310=DIRECTION('',(1.,0.,0.));
#1311=DIRECTION('',(0.,-1.,-6.12323399573677E-17));
#1312=DIRECTION('',(-1.,0.,0.));
#1313=DIRECTION('',(-1.,0.,0.));
#1314=DIRECTION('',(-1.,0.,0.));
#1315=DIRECTION('',(-1.,0.,0.));
#1316=DIRECTION('',(-1.,0.,0.));
#1317=DIRECTION('',(0.,1.,6.12323399573677E-17));
#1318=DIRECTION('',(-1.,0.,0.));
#1319=DIRECTION('',(1.,0.,0.));
#1320=DIRECTION('',(0.,0.,-1.));
#1321=DIRECTION('',(-1.,0.,0.));
#1322=DIRECTION('',(-1.,0.,0.));
#1323=DIRECTION('',(0.,1.,6.12323399573677E-17));
#1324=DIRECTION('',(-1.,0.,0.));
#1325=DIRECTION('',(1.,0.,0.));
#1326=DIRECTION('',(0.,0.,-1.));
#1327=DIRECTION('',(-1.,0.,0.));
#1328=DIRECTION('',(1.,0.,0.));
#1329=DIRECTION('',(0.,6.12323399573677E-17,-1.));
#1330=DIRECTION('',(1.,0.,0.));
#1331=DIRECTION('',(0.,0.,-1.));
#1332=DIRECTION('',(0.,-6.12323399573677E-17,1.));
#1333=DIRECTION('',(1.,0.,0.));
#1334=DIRECTION('',(0.,0.,-1.));
#1335=DIRECTION('',(0.,1.,6.12323399573677E-17));
#1336=DIRECTION('',(1.,0.,0.));
#1337=DIRECTION('',(0.,-6.12323399573677E-17,1.));
#1338=DIRECTION('',(0.,0.642787609686542,0.766044443118976));
#1339=DIRECTION('',(0.,-0.766044443118976,0.642787609686542));
#1340=DIRECTION('',(0.,0.642787609686543,0.766044443118975));
#1341=DIRECTION('',(0.,-0.766044443118975,0.642787609686543));
#1342=DIRECTION('',(1.,0.,0.));
#1343=DIRECTION('',(0.,0.,-1.));
#1344=DIRECTION('',(0.,-0.942809041582064,0.33333333333333));
#1345=DIRECTION('',(0.,-0.33333333333333,-0.942809041582065));
#1346=DIRECTION('',(1.,0.,0.));
#1347=DIRECTION('',(0.,0.,-1.));
#1348=DIRECTION('',(3.27160041778452E-15,-2.3356347091615E-15,-1.));
#1349=DIRECTION('',(-1.,0.,-3.27160041778452E-15));
#1350=DIRECTION('',(0.,-6.12323399573677E-17,1.));
#1351=DIRECTION('',(0.,-1.,-6.12323399573677E-17));
#1352=DIRECTION('',(0.,1.,6.12323399573677E-17));
#1353=DIRECTION('',(1.,0.,0.));
#1354=DIRECTION('',(0.,1.,6.12323399573677E-17));
#1355=DIRECTION('',(1.,0.,0.));
#1356=DIRECTION('',(0.,1.,6.12323399573677E-17));
#1357=DIRECTION('',(1.,0.,0.));
#1358=DIRECTION('',(0.,6.12323399573677E-17,-1.));
#1359=DIRECTION('',(-1.,0.,0.));
#1360=DIRECTION('',(-1.,0.,0.));
#1361=DIRECTION('',(0.,1.,6.12323399573677E-17));
#1362=DIRECTION('',(1.,0.,0.));
#1363=DIRECTION('',(0.,1.,6.12323399573677E-17));
#1364=DIRECTION('',(1.,0.,0.));
#1365=DIRECTION('',(0.,1.,6.12323399573677E-17));
#1366=DIRECTION('',(1.,0.,0.));
#1367=DIRECTION('',(0.,1.,6.12323399573677E-17));
#1368=DIRECTION('',(1.,0.,0.));
#1369=DIRECTION('',(0.,6.12323399573677E-17,-1.));
#1370=DIRECTION('',(0.,1.,6.12323399573677E-17));
#1371=DIRECTION('',(0.,-1.,-6.12323399573677E-17));
#1372=DIRECTION('',(0.,6.12323399573677E-17,-1.));
#1373=DIRECTION('',(0.,1.,6.12323399573677E-17));
#1374=DIRECTION('',(0.,-1.,-6.12323399573677E-17));
#1375=DIRECTION('',(-1.,0.,0.));
#1376=DIRECTION('',(0.,6.12323399573677E-17,-1.));
#1377=DIRECTION('',(1.,0.,0.));
#1378=DIRECTION('',(0.,0.,-1.));
#1379=DIRECTION('',(1.,0.,0.));
#1380=DIRECTION('',(0.,0.,-1.));
#1381=DIRECTION('',(0.,6.12323399573677E-17,-1.));
#1382=DIRECTION('',(1.,0.,0.));
#1383=DIRECTION('',(1.,0.,0.));
#1384=DIRECTION('',(1.,0.,0.));
#1385=DIRECTION('',(0.,1.,6.12323399573677E-17));
#1386=DIRECTION('',(1.,0.,0.));
#1387=DIRECTION('',(1.,0.,0.));
#1388=DIRECTION('',(0.,0.,-1.));
#1389=DIRECTION('',(1.,0.,0.));
#1390=DIRECTION('',(1.,0.,0.));
#1391=DIRECTION('',(0.,1.,6.12323399573677E-17));
#1392=DIRECTION('',(1.,0.,0.));
#1393=DIRECTION('',(1.,0.,0.));
#1394=DIRECTION('',(0.,0.,-1.));
#1395=DIRECTION('',(1.,0.,0.));
#1396=DIRECTION('',(-1.,0.,0.));
#1397=DIRECTION('',(0.,6.12323399573677E-17,-1.));
#1398=DIRECTION('',(1.,0.,0.));
#1399=DIRECTION('',(0.,0.,-1.));
#1400=DIRECTION('',(0.,-6.12323399573677E-17,1.));
#1401=DIRECTION('',(1.,0.,0.));
#1402=DIRECTION('',(0.,0.,-1.));
#1403=DIRECTION('',(0.,1.,6.12323399573677E-17));
#1404=DIRECTION('',(-1.,0.,0.));
#1405=DIRECTION('',(0.,-6.12323399573677E-17,1.));
#1406=DIRECTION('',(0.,-0.642787609686542,-0.766044443118976));
#1407=DIRECTION('',(0.,-0.766044443118976,0.642787609686542));
#1408=DIRECTION('',(0.,-0.642787609686543,-0.766044443118975));
#1409=DIRECTION('',(0.,-0.766044443118975,0.642787609686543));
#1410=DIRECTION('',(-1.,0.,0.));
#1411=DIRECTION('',(0.,0.,-1.));
#1412=DIRECTION('',(0.,0.942809041582064,-0.33333333333333));
#1413=DIRECTION('',(0.,-0.33333333333333,-0.942809041582065));
#1414=DIRECTION('',(-1.,0.,0.));
#1415=DIRECTION('',(0.,0.,-1.));
#1416=DIRECTION('',(3.27160041778452E-15,2.3356347091615E-15,1.));
#1417=DIRECTION('',(1.,0.,-3.27160041778452E-15));
#1418=DIRECTION('',(0.,-6.12323399573677E-17,1.));
#1419=DIRECTION('',(0.,-1.,-6.12323399573677E-17));
#1420=DIRECTION('',(0.,1.,6.12323399573677E-17));
#1421=DIRECTION('',(1.,0.,0.));
#1422=DIRECTION('',(0.,1.,6.12323399573677E-17));
#1423=DIRECTION('',(1.,0.,0.));
#1424=DIRECTION('',(0.,0.,1.));
#1425=DIRECTION('',(1.,0.,0.));
#1426=DIRECTION('',(-1.,0.,0.));
#1427=DIRECTION('',(0.,0.,1.));
#1428=DIRECTION('',(1.,0.,0.));
#1429=DIRECTION('',(0.,0.,-1.));
#1430=DIRECTION('',(1.,0.,0.));
#1431=DIRECTION('',(0.,0.,-1.));
#1432=DIRECTION('',(1.,0.,0.));
#1433=DIRECTION('',(0.,1.,0.));
#1434=DIRECTION('',(1.,0.,0.));
#1435=DIRECTION('',(0.,1.,0.));
#1436=CARTESIAN_POINT('',(0.,0.,0.));
#1437=CARTESIAN_POINT('',(0.,22.5445588364244,63.2519894480241));
#1438=CARTESIAN_POINT('',(-50.002,-210.,42.4453710256042));
#1439=CARTESIAN_POINT('',(-49.5,-210.,42.4453710256042));
#1440=CARTESIAN_POINT('',(0.,-210.,42.4453710256042));
#1441=CARTESIAN_POINT('',(-49.5,145.386503436079,74.2431108070534));
#1442=CARTESIAN_POINT('',(-49.5,259.499999995125,84.4532657624413));
#1443=CARTESIAN_POINT('',(0.,259.499999995125,84.4532657624413));
#1444=CARTESIAN_POINT('',(0.,259.499999995125,84.4532657624413));
#1445=CARTESIAN_POINT('',(0.,145.386503436079,74.2431108070534));
#1446=CARTESIAN_POINT('',(0.,176.066776429793,-268.654057942697));
#1447=CARTESIAN_POINT('',(0.,-210.,-2.67365791988617E-14));
#1448=CARTESIAN_POINT('',(0.,-210.,-42.4453710256043));
#1449=CARTESIAN_POINT('',(0.,259.499999995125,2.01200441082397E-15));
#1450=CARTESIAN_POINT('',(0.,259.499999995125,-84.4532657624413));
#1451=CARTESIAN_POINT('',(0.,22.5445588364242,-63.2519894480241));
#1452=CARTESIAN_POINT('',(0.,259.999999995125,2.04262058080266E-15));
#1453=CARTESIAN_POINT('',(0.,259.999999995125,85.));
#1454=CARTESIAN_POINT('',(0.,259.999999995125,-85.));
#1455=CARTESIAN_POINT('',(0.,22.4999999975629,63.75));
#1456=CARTESIAN_POINT('',(0.,-215.,42.5));
#1457=CARTESIAN_POINT('',(0.,-215.,-2.01038469947413E-14));
#1458=CARTESIAN_POINT('',(0.,-215.,-42.5));
#1459=CARTESIAN_POINT('',(0.,22.4999999975627,-63.75));
#1460=CARTESIAN_POINT('',(0.,-215.,-2.01038469947413E-14));
#1461=CARTESIAN_POINT('',(-25.,-215.,-20.));
#1462=CARTESIAN_POINT('',(-31.,-215.,-20.));
#1463=CARTESIAN_POINT('',(-25.,-215.,20.));
#1464=CARTESIAN_POINT('',(-31.,-215.,20.));
#1465=CARTESIAN_POINT('',(0.,-215.,42.5));
#1466=CARTESIAN_POINT('',(-50.,-215.,42.5));
#1467=CARTESIAN_POINT('',(-50.,-215.,-268.654057942697));
#1468=CARTESIAN_POINT('',(-50.,-215.,-42.5));
#1469=CARTESIAN_POINT('',(0.,-215.,-42.5));
#1470=CARTESIAN_POINT('',(0.,22.4999999975627,-63.75));
#1471=CARTESIAN_POINT('',(-50.,22.4999999975627,-63.75));
#1472=CARTESIAN_POINT('',(-50.,259.999999995125,-85.));
#1473=CARTESIAN_POINT('',(0.,259.999999995125,-85.));
#1474=CARTESIAN_POINT('',(0.,259.999999995125,2.04262058080266E-15));
#1475=CARTESIAN_POINT('',(-25.,259.999999995125,-68.4532657624413));
#1476=CARTESIAN_POINT('',(-31.,259.999999995125,-68.4532657624413));
#1477=CARTESIAN_POINT('',(-25.,259.999999995125,66.4532657624413));
#1478=CARTESIAN_POINT('',(-31.,259.999999995125,66.4532657624413));
#1479=CARTESIAN_POINT('',(-50.,259.999999995125,-268.654057942697));
#1480=CARTESIAN_POINT('',(-50.,259.999999995125,85.));
#1481=CARTESIAN_POINT('',(0.,259.999999995125,85.));
#1482=CARTESIAN_POINT('',(0.,22.4999999975629,63.75));
#1483=CARTESIAN_POINT('',(-50.,22.4999999975629,63.75));
#1484=CARTESIAN_POINT('',(-50.,176.066776429793,-268.654057942697));
#1485=CARTESIAN_POINT('',(-50.,182.265705926089,1.11605556678359E-14));
#1486=CARTESIAN_POINT('',(-50.,110.031411857052,6.73748081682014E-15));
#1487=CARTESIAN_POINT('',(-50.,45.0274706138335,2.75713738804663E-15));
#1488=CARTESIAN_POINT('',(-50.,-14.9764706293842,-9.17044340939988E-16));
#1489=CARTESIAN_POINT('',(-50.,-69.7515702954997,-4.27105186489426E-15));
#1490=CARTESIAN_POINT('',(-50.,-119.526669961614,-7.31889768906165E-15));
#1491=CARTESIAN_POINT('',(-50.,-165.746889690939,-1.01490698964319E-14));
#1492=CARTESIAN_POINT('',(-50.,-206.967109420263,-1.26730804040152E-14));
#1493=CARTESIAN_POINT('',(0.,22.5445588364242,-63.2519894480241));
#1494=CARTESIAN_POINT('',(-49.5,22.5445588364242,-63.2519894480241));
#1495=CARTESIAN_POINT('',(-49.5,259.499999995125,-84.4532657624413));
#1496=CARTESIAN_POINT('',(-49.5,-210.,-42.4453710256043));
#1497=CARTESIAN_POINT('',(-50.002,-210.,-42.4453710256043));
#1498=CARTESIAN_POINT('',(0.,259.499999995125,-84.4532657624413));
#1499=CARTESIAN_POINT('',(0.,259.499999995125,2.01200441082397E-15));
#1500=CARTESIAN_POINT('',(-25.,259.499999995125,-68.4532657624413));
#1501=CARTESIAN_POINT('',(-31.,259.499999995125,-68.4532657624413));
#1502=CARTESIAN_POINT('',(-25.,259.499999995125,66.4532657624413));
#1503=CARTESIAN_POINT('',(-31.,259.499999995125,66.4532657624413));
#1504=CARTESIAN_POINT('',(-49.5,259.499999995125,2.01200441082397E-15));
#1505=CARTESIAN_POINT('',(-49.5,176.066776429793,-268.654057942697));
#1506=CARTESIAN_POINT('',(-49.5,182.265705926089,1.11605556678359E-14));
#1507=CARTESIAN_POINT('',(-49.5,110.031411857052,6.73748081682014E-15));
#1508=CARTESIAN_POINT('',(-49.5,45.0274706138335,2.75713738804663E-15));
#1509=CARTESIAN_POINT('',(-49.5,-14.9764706293842,-9.17044340939988E-16));
#1510=CARTESIAN_POINT('',(-49.5,-69.7515702954997,-4.27105186489426E-15));
#1511=CARTESIAN_POINT('',(-49.5,-119.526669961614,-7.31889768906165E-15));
#1512=CARTESIAN_POINT('',(-49.5,-165.746889690939,-1.01490698964319E-14));
#1513=CARTESIAN_POINT('',(-49.5,-206.967109420263,-1.26730804040152E-14));
#1514=CARTESIAN_POINT('',(-49.5,-210.,-2.67365791988617E-14));
#1515=CARTESIAN_POINT('',(-50.002,-210.,-2.67365791988617E-14));
#1516=CARTESIAN_POINT('',(-25.,-210.,-20.));
#1517=CARTESIAN_POINT('',(-19.,-210.,-20.));
#1518=CARTESIAN_POINT('',(-25.,-210.,20.));
#1519=CARTESIAN_POINT('',(-19.,-210.,20.));
#1520=CARTESIAN_POINT('',(-74.5,-165.746889690939,-1.01490698964319E-14));
#1521=CARTESIAN_POINT('',(-74.5,-69.7515702954997,-4.27105186489426E-15));
#1522=CARTESIAN_POINT('',(-74.5,45.0274706138335,2.75713738804663E-15));
#1523=CARTESIAN_POINT('',(-74.5,182.265705926089,1.11605556678359E-14));
#1524=CARTESIAN_POINT('',(-25.,284.499999995126,66.4532657624413));
#1525=CARTESIAN_POINT('',(-25.,284.499999995126,-68.4532657624413));
#1526=CARTESIAN_POINT('',(-25.,-225.,20.));
#1527=CARTESIAN_POINT('',(-25.,-225.,-20.));
#1528=CARTESIAN_POINT('',(0.,0.,0.));
#1529=CARTESIAN_POINT('',(-15.,-157.450159456818,-4.01650429449548));
#1530=CARTESIAN_POINT('',(-15.,-225.,-42.5));
#1531=CARTESIAN_POINT('',(-15.,-240.,-42.5));
#1532=CARTESIAN_POINT('',(-15.,-255.,-53.0330085889911));
#1533=CARTESIAN_POINT('',(-15.,-285.,-42.4264068711928));
#1534=CARTESIAN_POINT('',(-15.,-225.,-42.5));
#1535=CARTESIAN_POINT('',(-15.,-285.,-42.4264068711928));
#1536=CARTESIAN_POINT('',(-15.,-220.,-42.5));
#1537=CARTESIAN_POINT('',(-15.,-215.,-42.5));
#1538=CARTESIAN_POINT('',(-15.,-215.,-2.01038469947413E-14));
#1539=CARTESIAN_POINT('',(-15.,-215.,42.5));
#1540=CARTESIAN_POINT('',(-15.,-220.,42.5));
#1541=CARTESIAN_POINT('',(-15.,-225.,42.5));
#1542=CARTESIAN_POINT('',(-15.,-225.,42.5));
#1543=CARTESIAN_POINT('',(-15.,-240.,42.5));
#1544=CARTESIAN_POINT('',(-15.,-250.,25.));
#1545=CARTESIAN_POINT('',(-15.,-250.,-1.53080849893419E-14));
#1546=CARTESIAN_POINT('',(-15.,-250.,-3.43900432250868E-14));
#1547=CARTESIAN_POINT('',(-15.,-270.,3.72436959667917E-14));
#1548=CARTESIAN_POINT('',(-15.,-285.320888862379,12.8557521937308));
#1549=CARTESIAN_POINT('',(-15.,-304.471999940354,28.9254424358943));
#1550=CARTESIAN_POINT('',(-15.,-291.616247746623,44.2463312982738));
#1551=CARTESIAN_POINT('',(-15.,-277.703212868728,31.2802562268595));
#1552=CARTESIAN_POINT('',(-15.,-282.106950813947,16.6859744093257));
#1553=CARTESIAN_POINT('',(-15.,-285.320888862379,12.8557521937308));
#1554=CARTESIAN_POINT('',(-15.,-304.471999940354,28.9254424358943));
#1555=CARTESIAN_POINT('',(-15.,-270.,4.28394992323241E-15));
#1556=CARTESIAN_POINT('',(-15.,-227.5,39.8068800698204));
#1557=CARTESIAN_POINT('',(-15.,-228.502519383187,39.6490176821804));
#1558=CARTESIAN_POINT('',(-15.,-230.438134692097,39.1454276436645));
#1559=CARTESIAN_POINT('',(-15.,-234.092456634329,37.3854051113231));
#1560=CARTESIAN_POINT('',(-15.,-237.931376603776,34.0287038557151));
#1561=CARTESIAN_POINT('',(-15.,-241.332523572812,29.0797267315486));
#1562=CARTESIAN_POINT('',(-15.,-243.838748486908,23.5696010584968));
#1563=CARTESIAN_POINT('',(-15.,-245.573329228566,17.8805467371907));
#1564=CARTESIAN_POINT('',(-15.,-247.113876379916,10.0004223046714));
#1565=CARTESIAN_POINT('',(-15.,-247.5,4.01006576715102));
#1566=CARTESIAN_POINT('',(-15.,-247.5,-1.53080849893419E-14));
#1567=CARTESIAN_POINT('',(-15.,-227.5,39.8068800698204));
#1568=CARTESIAN_POINT('',(-15.,-247.5,-1.53080849893419E-14));
#1569=CARTESIAN_POINT('',(-15.,-227.5,11.5929000552627));
#1570=CARTESIAN_POINT('',(-15.,-227.5,-40.0859638896245));
#1571=CARTESIAN_POINT('',(-15.,-227.5,-40.0859638896245));
#1572=CARTESIAN_POINT('',(-15.,-232.329897725424,-40.4091011694525));
#1573=CARTESIAN_POINT('',(-15.,-239.353970263596,-42.10935862135));
#1574=CARTESIAN_POINT('',(-15.,-248.821597134303,-43.9362035470359));
#1575=CARTESIAN_POINT('',(-15.,-255.964499819167,-44.7017643015468));
#1576=CARTESIAN_POINT('',(-15.,-263.097295475063,-44.6837021233693));
#1577=CARTESIAN_POINT('',(-15.,-270.275207196783,-43.8582106008833));
#1578=CARTESIAN_POINT('',(-15.,-277.314514518036,-42.3067603089003));
#1579=CARTESIAN_POINT('',(-15.,-281.896383728961,-40.8720504974696));
#1580=CARTESIAN_POINT('',(-15.,-284.166666666667,-40.0693842672377));
#1581=CARTESIAN_POINT('',(-15.,-284.166666666667,-40.0693842672377));
#1582=CARTESIAN_POINT('',(-15.,-270.,4.28394992323241E-15));
#1583=CARTESIAN_POINT('',(-15.,-302.556888832557,27.3184734116779));
#1584=CARTESIAN_POINT('',(-15.,-302.556888832557,27.3184734116779));
#1585=CARTESIAN_POINT('',(-15.,-301.483250723137,28.5979854857247));
#1586=CARTESIAN_POINT('',(-15.,-299.798765369687,30.4405997879809));
#1587=CARTESIAN_POINT('',(-15.,-297.31821295521,32.6364486033512));
#1588=CARTESIAN_POINT('',(-15.,-295.271727457081,34.109544486057));
#1589=CARTESIAN_POINT('',(-15.,-293.025209892222,35.2608225230246));
#1590=CARTESIAN_POINT('',(-15.,-290.928932997658,35.7145218115381));
#1591=CARTESIAN_POINT('',(-15.,-289.251925219372,35.4555577716201));
#1592=CARTESIAN_POINT('',(-15.,-287.711238983773,34.7384080840624));
#1593=CARTESIAN_POINT('',(-15.,-286.203869824193,33.2218402259234));
#1594=CARTESIAN_POINT('',(-15.,-284.965258878895,31.0335854462107));
#1595=CARTESIAN_POINT('',(-15.,-284.145306380167,28.6393960044978));
#1596=CARTESIAN_POINT('',(-15.,-283.735314462662,26.1885535778422));
#1597=CARTESIAN_POINT('',(-15.,-283.712924822571,23.6606144179429));
#1598=CARTESIAN_POINT('',(-15.,-284.054042251694,21.1931695539645));
#1599=CARTESIAN_POINT('',(-15.,-284.986032997306,17.9593815167134));
#1600=CARTESIAN_POINT('',(-15.,-286.149679625637,15.7573473912607));
#1601=CARTESIAN_POINT('',(-15.,-287.235999970177,14.4627212179471));
#1602=CARTESIAN_POINT('',(-15.,-287.235999970177,14.4627212179471));
#1603=CARTESIAN_POINT('',(-15.,-270.,3.72436959667917E-14));
#1604=CARTESIAN_POINT('',(-15.,-225.,42.5));
#1605=CARTESIAN_POINT('',(-35.,-225.,42.5));
#1606=CARTESIAN_POINT('',(-15.,-240.,42.5));
#1607=CARTESIAN_POINT('',(-35.,-240.,42.5));
#1608=CARTESIAN_POINT('',(-15.,-250.,25.));
#1609=CARTESIAN_POINT('',(-35.,-250.,25.));
#1610=CARTESIAN_POINT('',(-15.,-250.,-1.53080849893419E-14));
#1611=CARTESIAN_POINT('',(-35.,-250.,-1.53080849893419E-14));
#1612=CARTESIAN_POINT('',(-15.,-225.,42.5));
#1613=CARTESIAN_POINT('',(-35.,-225.,42.5));
#1614=CARTESIAN_POINT('',(-35.,-225.,42.5));
#1615=CARTESIAN_POINT('',(-35.,-240.,42.5));
#1616=CARTESIAN_POINT('',(-35.,-250.,25.));
#1617=CARTESIAN_POINT('',(-35.,-250.,-1.53080849893419E-14));
#1618=CARTESIAN_POINT('',(-35.,-250.,-3.43900432250868E-14));
#1619=CARTESIAN_POINT('',(-15.,-250.,-3.43900432250868E-14));
#1620=CARTESIAN_POINT('',(-15.,-270.,3.72436959667917E-14));
#1621=CARTESIAN_POINT('',(-35.,-270.,3.72436959667917E-14));
#1622=CARTESIAN_POINT('',(-35.,-285.320888862379,12.8557521937308));
#1623=CARTESIAN_POINT('',(-15.,-285.320888862379,12.8557521937308));
#1624=CARTESIAN_POINT('',(-15.,-304.471999940354,28.9254424358943));
#1625=CARTESIAN_POINT('',(-35.,-304.471999940354,28.9254424358943));
#1626=CARTESIAN_POINT('',(-15.,-298.426493316367,36.1301966740831));
#1627=CARTESIAN_POINT('',(-35.,-298.426493316367,36.1301966740831));
#1628=CARTESIAN_POINT('',(-15.,-291.168513803453,39.5660149001341));
#1629=CARTESIAN_POINT('',(-35.,-291.168513803453,39.5660149001341));
#1630=CARTESIAN_POINT('',(-15.,-285.027353482853,36.2072194061294));
#1631=CARTESIAN_POINT('',(-35.,-285.027353482853,36.2072194061294));
#1632=CARTESIAN_POINT('',(-15.,-282.160098861778,31.3828918384583));
#1633=CARTESIAN_POINT('',(-35.,-282.160098861778,31.3828918384583));
#1634=CARTESIAN_POINT('',(-15.,-281.039129038061,26.0779241240624));
#1635=CARTESIAN_POINT('',(-35.,-281.039129038061,26.0779241240624));
#1636=CARTESIAN_POINT('',(-15.,-281.525516636628,19.2566624457204));
#1637=CARTESIAN_POINT('',(-35.,-281.525516636628,19.2566624457204));
#1638=CARTESIAN_POINT('',(-15.,-283.605418863822,14.9001697274989));
#1639=CARTESIAN_POINT('',(-35.,-283.605418863822,14.9001697274989));
#1640=CARTESIAN_POINT('',(-15.,-285.320888862379,12.8557521937308));
#1641=CARTESIAN_POINT('',(-35.,-285.320888862379,12.8557521937308));
#1642=CARTESIAN_POINT('',(-35.,-304.471999940354,28.9254424358943));
#1643=CARTESIAN_POINT('',(-35.,-291.616247746623,44.2463312982738));
#1644=CARTESIAN_POINT('',(-35.,-277.703212868728,31.2802562268595));
#1645=CARTESIAN_POINT('',(-35.,-282.106950813947,16.6859744093257));
#1646=CARTESIAN_POINT('',(-35.,-285.320888862379,12.8557521937308));
#1647=CARTESIAN_POINT('',(-35.,-304.471999940354,28.9254424358943));
#1648=CARTESIAN_POINT('',(-15.,-304.471999940354,28.9254424358943));
#1649=CARTESIAN_POINT('',(-15.,-270.,4.28394992323241E-15));
#1650=CARTESIAN_POINT('',(-35.,-270.,4.28394992323241E-15));
#1651=CARTESIAN_POINT('',(-35.,-285.,-42.4264068711928));
#1652=CARTESIAN_POINT('',(-15.,-285.,-42.4264068711928));
#1653=CARTESIAN_POINT('',(-15.,-225.,-42.5));
#1654=CARTESIAN_POINT('',(-35.,-225.,-42.5));
#1655=CARTESIAN_POINT('',(-15.,-240.,-42.5));
#1656=CARTESIAN_POINT('',(-35.,-240.,-42.5));
#1657=CARTESIAN_POINT('',(-15.,-255.,-53.0330085889911));
#1658=CARTESIAN_POINT('',(-35.,-255.,-53.0330085889911));
#1659=CARTESIAN_POINT('',(-15.,-285.,-42.4264068711928));
#1660=CARTESIAN_POINT('',(-35.,-285.,-42.4264068711928));
#1661=CARTESIAN_POINT('',(-35.,-225.,-42.5));
#1662=CARTESIAN_POINT('',(-35.,-240.,-42.5));
#1663=CARTESIAN_POINT('',(-35.,-255.,-53.0330085889911));
#1664=CARTESIAN_POINT('',(-35.,-285.,-42.4264068711928));
#1665=CARTESIAN_POINT('',(-35.,-225.,-42.5));
#1666=CARTESIAN_POINT('',(-15.,-225.,-42.5));
#1667=CARTESIAN_POINT('',(-15.,-227.5,39.8068800698204));
#1668=CARTESIAN_POINT('',(-17.5,-227.5,39.8068800698204));
#1669=CARTESIAN_POINT('',(-15.,-230.382014263979,39.3530617591181));
#1670=CARTESIAN_POINT('',(-17.5,-230.382014263979,39.3530617591181));
#1671=CARTESIAN_POINT('',(-15.,-235.624731059072,36.9063435088385));
#1672=CARTESIAN_POINT('',(-17.5,-235.624731059072,36.9063435088385));
#1673=CARTESIAN_POINT('',(-15.,-242.103965030676,28.6474973101646));
#1674=CARTESIAN_POINT('',(-17.5,-242.103965030676,28.6474973101646));
#1675=CARTESIAN_POINT('',(-15.,-246.436410418489,16.2075985610089));
#1676=CARTESIAN_POINT('',(-17.5,-246.436410418489,16.2075985610089));
#1677=CARTESIAN_POINT('',(-15.,-247.5,5.68386535269096));
#1678=CARTESIAN_POINT('',(-17.5,-247.5,5.68386535269096));
#1679=CARTESIAN_POINT('',(-15.,-247.5,-1.53080849893419E-14));
#1680=CARTESIAN_POINT('',(-17.5,-247.5,-1.53080849893419E-14));
#1681=CARTESIAN_POINT('',(-15.,-247.5,-4.33442606240719E-14));
#1682=CARTESIAN_POINT('',(-17.5,-247.5,-4.33442606240719E-14));
#1683=CARTESIAN_POINT('',(-17.5,-247.5,-1.53080849893419E-14));
#1684=CARTESIAN_POINT('',(-17.5,-247.5,4.0086948484908));
#1685=CARTESIAN_POINT('',(-17.5,-247.111102648516,9.97097720416741));
#1686=CARTESIAN_POINT('',(-17.5,-245.601386897291,17.7744537059508));
#1687=CARTESIAN_POINT('',(-17.5,-243.840084893863,23.5665430949583));
#1688=CARTESIAN_POINT('',(-17.5,-241.367537897303,29.0168622082486));
#1689=CARTESIAN_POINT('',(-17.5,-237.931348324469,34.0329850089381));
#1690=CARTESIAN_POINT('',(-17.5,-233.339656876421,38.0464105482726));
#1691=CARTESIAN_POINT('',(-17.5,-229.505225972492,39.4911258160035));
#1692=CARTESIAN_POINT('',(-17.5,-227.5,39.8068800698204));
#1693=CARTESIAN_POINT('',(-17.5,-227.5,39.8068800698204));
#1694=CARTESIAN_POINT('',(-15.,-227.5,39.8068800698204));
#1695=CARTESIAN_POINT('',(-15.,-270.,3.72436959667917E-14));
#1696=CARTESIAN_POINT('',(-15.,-287.235999970177,14.4627212179471));
#1697=CARTESIAN_POINT('',(-17.5,-287.235999970177,14.4627212179471));
#1698=CARTESIAN_POINT('',(-17.5,-270.,3.72436959667917E-14));
#1699=CARTESIAN_POINT('',(-15.,-302.556888832557,27.3184734116779));
#1700=CARTESIAN_POINT('',(-17.5,-302.556888832557,27.3184734116779));
#1701=CARTESIAN_POINT('',(-15.,-301.109096042131,29.0438856709992));
#1702=CARTESIAN_POINT('',(-17.5,-301.109096042131,29.0438856709992));
#1703=CARTESIAN_POINT('',(-15.,-298.393033581655,31.863307834791));
#1704=CARTESIAN_POINT('',(-17.5,-298.393033581655,31.863307834791));
#1705=CARTESIAN_POINT('',(-15.,-294.919569243714,34.4132439942734));
#1706=CARTESIAN_POINT('',(-17.5,-294.919569243714,34.4132439942734));
#1707=CARTESIAN_POINT('',(-15.,-292.141560465856,35.5496838235174));
#1708=CARTESIAN_POINT('',(-17.5,-292.141560465856,35.5496838235174));
#1709=CARTESIAN_POINT('',(-15.,-290.095912199737,35.6782353899706));
#1710=CARTESIAN_POINT('',(-17.5,-290.095912199737,35.6782353899706));
#1711=CARTESIAN_POINT('',(-15.,-288.501745182296,35.1965049142386));
#1712=CARTESIAN_POINT('',(-17.5,-288.501745182296,35.1965049142386));
#1713=CARTESIAN_POINT('',(-15.,-287.040756112268,34.136183408984));
#1714=CARTESIAN_POINT('',(-17.5,-287.040756112268,34.136183408984));
#1715=CARTESIAN_POINT('',(-15.,-285.742314645728,32.4889676851477));
#1716=CARTESIAN_POINT('',(-17.5,-285.742314645728,32.4889676851477));
#1717=CARTESIAN_POINT('',(-15.,-284.719742342372,30.4165519038574));
#1718=CARTESIAN_POINT('',(-17.5,-284.719742342372,30.4165519038574));
#1719=CARTESIAN_POINT('',(-15.,-284.047126893694,28.1774132342874));
#1720=CARTESIAN_POINT('',(-17.5,-284.047126893694,28.1774132342874));
#1721=CARTESIAN_POINT('',(-15.,-283.620902041046,25.1793052940015));
#1722=CARTESIAN_POINT('',(-17.5,-283.620902041046,25.1793052940015));
#1723=CARTESIAN_POINT('',(-15.,-283.880613702505,21.4455372977502));
#1724=CARTESIAN_POINT('',(-17.5,-283.880613702505,21.4455372977502));
#1725=CARTESIAN_POINT('',(-15.,-285.206169778873,17.3997510860875));
#1726=CARTESIAN_POINT('',(-17.5,-285.206169778873,17.3997510860875));
#1727=CARTESIAN_POINT('',(-15.,-286.539164473083,15.2931774250556));
#1728=CARTESIAN_POINT('',(-17.5,-286.539164473083,15.2931774250556));
#1729=CARTESIAN_POINT('',(-15.,-287.235999970177,14.462721217947));
#1730=CARTESIAN_POINT('',(-17.5,-287.235999970177,14.462721217947));
#1731=CARTESIAN_POINT('',(-15.,-302.556888832557,27.3184734116779));
#1732=CARTESIAN_POINT('',(-17.5,-302.556888832557,27.3184734116779));
#1733=CARTESIAN_POINT('',(-17.5,-302.556888832557,27.3184734116779));
#1734=CARTESIAN_POINT('',(-17.5,-301.802551315389,28.2174578577908));
#1735=CARTESIAN_POINT('',(-17.5,-300.22023799639,29.9890665274356));
#1736=CARTESIAN_POINT('',(-17.5,-297.668487970224,32.3968954539554));
#1737=CARTESIAN_POINT('',(-17.5,-294.774149430348,34.4875712757932));
#1738=CARTESIAN_POINT('',(-17.5,-292.53798484309,35.4156176021078));
#1739=CARTESIAN_POINT('',(-17.5,-291.341477433424,35.5588308344999));
#1740=CARTESIAN_POINT('',(-17.4999999998568,-291.341477433424,35.5588308344999));
#1741=CARTESIAN_POINT('',(-17.4999999998568,-287.598293139171,34.5067113440065));
#1742=CARTESIAN_POINT('',(-17.4999999998568,-288.130810604727,34.9268497525231));
#1743=CARTESIAN_POINT('',(-17.4999999998568,-289.236655781461,35.5180760321664));
#1744=CARTESIAN_POINT('',(-17.4999999998568,-290.549699873798,35.6536008482363));
#1745=CARTESIAN_POINT('',(-17.4999999998568,-291.341477433424,35.5588308344999));
#1746=CARTESIAN_POINT('',(-17.5,-287.598293139171,34.5067113440065));
#1747=CARTESIAN_POINT('',(-17.5,-287.598293139171,34.5067113440065));
#1748=CARTESIAN_POINT('',(-17.5,-286.870914852626,33.9328342874495));
#1749=CARTESIAN_POINT('',(-17.5,-285.705261861244,32.4975789376237));
#1750=CARTESIAN_POINT('',(-17.5,-284.156417484968,29.1801172256055));
#1751=CARTESIAN_POINT('',(-17.5,-283.437588480215,24.5923659751267));
#1752=CARTESIAN_POINT('',(-17.5,-284.225814092339,20.0488358967164));
#1753=CARTESIAN_POINT('',(-17.5,-285.656868164479,16.6895950485823));
#1754=CARTESIAN_POINT('',(-17.5,-286.642445894558,15.1700914199645));
#1755=CARTESIAN_POINT('',(-17.5,-287.235999970177,14.4627212179471));
#1756=CARTESIAN_POINT('',(-15.,-270.,4.28394992323241E-15));
#1757=CARTESIAN_POINT('',(-15.,-284.166666666667,-40.0693842672377));
#1758=CARTESIAN_POINT('',(-17.5,-284.166666666667,-40.0693842672377));
#1759=CARTESIAN_POINT('',(-17.5,-270.,4.28394992323241E-15));
#1760=CARTESIAN_POINT('',(-15.,-227.5,-40.0859638896245));
#1761=CARTESIAN_POINT('',(-17.5,-227.5,-40.0859638896245));
#1762=CARTESIAN_POINT('',(-15.,-231.295960255409,-40.3399270873981));
#1763=CARTESIAN_POINT('',(-17.5,-231.295960255409,-40.3399270873981));
#1764=CARTESIAN_POINT('',(-15.,-238.731651550045,-41.8761615912927));
#1765=CARTESIAN_POINT('',(-17.5,-238.731651550045,-41.8761615912927));
#1766=CARTESIAN_POINT('',(-15.,-250.762203703111,-44.4879529432911));
#1767=CARTESIAN_POINT('',(-17.5,-250.762203703111,-44.4879529432911));
#1768=CARTESIAN_POINT('',(-15.,-265.106344604054,-45.0766167640107));
#1769=CARTESIAN_POINT('',(-17.5,-265.106344604054,-45.0766167640107));
#1770=CARTESIAN_POINT('',(-15.,-277.229951792155,-42.5218833307001));
#1771=CARTESIAN_POINT('',(-17.5,-277.229951792155,-42.5218833307001));
#1772=CARTESIAN_POINT('',(-15.,-284.166666666667,-40.0693842672377));
#1773=CARTESIAN_POINT('',(-17.5,-284.166666666667,-40.0693842672377));
#1774=CARTESIAN_POINT('',(-15.,-227.5,-40.0859638896245));
#1775=CARTESIAN_POINT('',(-17.5,-227.5,-40.0859638896245));
#1776=CARTESIAN_POINT('',(-17.5,-227.5,-40.0859638896245));
#1777=CARTESIAN_POINT('',(-17.5,-229.903633119712,-40.2467754662175));
#1778=CARTESIAN_POINT('',(-17.5,-234.664374534984,-40.9907680751907));
#1779=CARTESIAN_POINT('',(-17.5,-241.71086628374,-42.5595788336099));
#1780=CARTESIAN_POINT('',(-17.5,-248.812703108997,-43.9356359602028));
#1781=CARTESIAN_POINT('',(-17.5,-255.961186025417,-44.7031767478615));
#1782=CARTESIAN_POINT('',(-17.5,-263.172391825299,-44.6813727587861));
#1783=CARTESIAN_POINT('',(-17.5,-272.730704830865,-43.5657050516809));
#1784=CARTESIAN_POINT('',(-17.5,-279.631402443979,-41.6728423104054));
#1785=CARTESIAN_POINT('',(-17.5,-284.166666666667,-40.0693842672377));
#1786=CARTESIAN_POINT('',(-22.5,-157.450159456818,-4.01650429449548));
#1787=CARTESIAN_POINT('',(-22.5,-290.716366973624,30.5975133598595));
#1788=CARTESIAN_POINT('',(-22.5,-290.93881623517,30.5776431885242));
#1789=CARTESIAN_POINT('',(-22.5,-291.362616265508,30.4395694700943));
#1790=CARTESIAN_POINT('',(-22.5,-292.151277265732,30.0897013386961));
#1791=CARTESIAN_POINT('',(-22.5,-293.082065035423,29.5243492652071));
#1792=CARTESIAN_POINT('',(-22.5,-294.13578564397,28.7443734899934));
#1793=CARTESIAN_POINT('',(-22.5,-295.464286800777,27.6134711909519));
#1794=CARTESIAN_POINT('',(-22.5,-297.013587846114,26.0785350965814));
#1795=CARTESIAN_POINT('',(-22.5,-298.165978999377,24.7727368458241));
#1796=CARTESIAN_POINT('',(-22.5,-298.726666616961,24.1045353632452));
#1797=CARTESIAN_POINT('',(-22.5,-290.716366973624,30.5975133598595));
#1798=CARTESIAN_POINT('',(-22.5,-298.726666616962,24.1045353632452));
#1799=CARTESIAN_POINT('',(-22.5,-270.,4.28394992323241E-15));
#1800=CARTESIAN_POINT('',(-22.5,-282.5,-35.3553390593274));
#1801=CARTESIAN_POINT('',(-22.5,-282.5,-35.3553390593274));
#1802=CARTESIAN_POINT('',(-22.5,-278.494623807286,-36.7714533928629));
#1803=CARTESIAN_POINT('',(-22.5,-272.401282803504,-38.4753244199437));
#1804=CARTESIAN_POINT('',(-22.5,-264.00134538517,-39.5899796920665));
#1805=CARTESIAN_POINT('',(-22.5,-257.614480973761,-39.7484648536168));
#1806=CARTESIAN_POINT('',(-22.5,-251.297968995253,-39.2247364611229));
#1807=CARTESIAN_POINT('',(-22.5,-242.905151860938,-37.7801506161817));
#1808=CARTESIAN_POINT('',(-22.5,-236.706565489183,-36.2647327184412));
#1809=CARTESIAN_POINT('',(-22.5,-232.5,-35.6224438830436));
#1810=CARTESIAN_POINT('',(-22.5,-232.5,-35.6224438830436));
#1811=CARTESIAN_POINT('',(-22.5,-232.5,-4.01650429449548));
#1812=CARTESIAN_POINT('',(-22.5,-232.5,32.0393905980102));
#1813=CARTESIAN_POINT('',(-22.5,-232.5,32.0393905980102));
#1814=CARTESIAN_POINT('',(-22.5,-233.596456359463,31.0814069653827));
#1815=CARTESIAN_POINT('',(-22.5,-235.487264971616,28.8893401660369));
#1816=CARTESIAN_POINT('',(-22.5,-237.679046701033,25.1292454400133));
#1817=CARTESIAN_POINT('',(-22.5,-239.335179488363,21.1653342184467));
#1818=CARTESIAN_POINT('',(-22.5,-241.011208172324,15.6190857347114));
#1819=CARTESIAN_POINT('',(-22.5,-242.212491409444,8.59698798322765));
#1820=CARTESIAN_POINT('',(-22.5,-242.5,2.87787712537392));
#1821=CARTESIAN_POINT('',(-22.5,-242.5,-4.1251140337523E-14));
#1822=CARTESIAN_POINT('',(-22.5,-242.5,-4.33442606240721E-14));
#1823=CARTESIAN_POINT('',(-22.5,-270.,3.72436959667917E-14));
#1824=CARTESIAN_POINT('',(-22.5,-291.066222185772,17.6766592663799));
#1825=CARTESIAN_POINT('',(-22.5,-291.066222185772,17.6766592663799));
#1826=CARTESIAN_POINT('',(-22.5,-290.689669357683,18.1254174520559));
#1827=CARTESIAN_POINT('',(-22.5,-290.068983270559,19.1114660230025));
#1828=CARTESIAN_POINT('',(-22.5,-289.161953855013,21.2353014628192));
#1829=CARTESIAN_POINT('',(-22.5,-288.703773282386,23.5283390842051));
#1830=CARTESIAN_POINT('',(-22.5,-288.745431429281,25.8611741371533));
#1831=CARTESIAN_POINT('',(-22.5,-289.052221186742,27.5601467828541));
#1832=CARTESIAN_POINT('',(-22.5,-289.54734833055,28.9415191546153));
#1833=CARTESIAN_POINT('',(-22.5,-290.12279331714,29.947022891597));
#1834=CARTESIAN_POINT('',(-22.5,-290.478036112461,30.4198474308582));
#1835=CARTESIAN_POINT('',(-22.5,-290.716366973624,30.5975133598595));
#1836=CARTESIAN_POINT('',(-24.75,-227.5,11.5929000552627));
#1837=CARTESIAN_POINT('',(-17.5,-227.5,11.5929000552627));
#1838=CARTESIAN_POINT('',(-17.4999999998568,-291.341477433424,35.5588308344999));
#1839=CARTESIAN_POINT('',(-17.4999999998568,-291.143533043517,35.582523337934));
#1840=CARTESIAN_POINT('',(-17.4999999998568,-290.953873912666,35.595595282075));
#1841=CARTESIAN_POINT('',(-17.4999999998568,-290.588820325589,35.6028868544016));
#1842=CARTESIAN_POINT('',(-17.4999999998568,-290.413425869363,35.5971064825873));
#1843=CARTESIAN_POINT('',(-17.4999999998568,-289.905180747387,35.5550700971587));
#1844=CARTESIAN_POINT('',(-17.4999999998568,-289.589990747876,35.4941783621038));
#1845=CARTESIAN_POINT('',(-17.4999999998568,-288.986920272847,35.3141229704422));
#1846=CARTESIAN_POINT('',(-17.4999999998568,-288.698790272209,35.1946994975357));
#1847=CARTESIAN_POINT('',(-17.4999999998568,-288.277830513608,34.9707597562333));
#1848=CARTESIAN_POINT('',(-17.4999999998568,-288.139430873309,34.8886033091326));
#1849=CARTESIAN_POINT('',(-17.4999999998568,-287.866226869286,34.7090964040838));
#1850=CARTESIAN_POINT('',(-17.4999999998568,-287.73142250556,34.6117459461356));
#1851=CARTESIAN_POINT('',(-17.4999999998568,-287.598293139171,34.5067113440065));
#1852=CARTESIAN_POINT('',(-17.8301443678604,-291.341477433424,35.5588308344999));
#1853=CARTESIAN_POINT('',(-17.830062613944,-291.14410338613,35.5824550722072));
#1854=CARTESIAN_POINT('',(-17.8301439628244,-290.953873912665,35.595595282075));
#1855=CARTESIAN_POINT('',(-17.8301435577885,-290.588820325591,35.6028868544015));
#1856=CARTESIAN_POINT('',(-17.8301433552705,-290.413425869365,35.5971064825873));
#1857=CARTESIAN_POINT('',(-17.8301427477166,-289.90518074739,35.5550700971586));
#1858=CARTESIAN_POINT('',(-17.8301423426806,-289.589990747879,35.4941783621038));
#1859=CARTESIAN_POINT('',(-17.8301415326087,-288.986920272849,35.3141229704422));
#1860=CARTESIAN_POINT('',(-17.8301411275728,-288.69879027221,35.1946994975357));
#1861=CARTESIAN_POINT('',(-17.8301405200188,-288.277830513608,34.9707597562333));
#1862=CARTESIAN_POINT('',(-17.8301403175008,-288.139430873309,34.8886033091326));
#1863=CARTESIAN_POINT('',(-17.8301399124649,-287.866226869286,34.7090964040838));
#1864=CARTESIAN_POINT('',(-17.8300800030545,-287.73108983274,34.6114834772398));
#1865=CARTESIAN_POINT('',(-17.8301395074289,-287.598293139171,34.5067113440065));
#1866=CARTESIAN_POINT('',(-18.1567174400007,-291.3374290788,35.5267002370596));
#1867=CARTESIAN_POINT('',(-18.1565578987265,-291.142119424568,35.5500894220801));
#1868=CARTESIAN_POINT('',(-18.1566863217723,-290.952938147694,35.5631776176716));
#1869=CARTESIAN_POINT('',(-18.1566624452135,-290.590577300939,35.5703956286549));
#1870=CARTESIAN_POINT('',(-18.1566528605562,-290.41639963148,35.5646449090686));
#1871=CARTESIAN_POINT('',(-18.1566306250398,-289.9115094171,35.5228541582598));
#1872=CARTESIAN_POINT('',(-18.1566244926365,-289.598166422904,35.4623341530867));
#1873=CARTESIAN_POINT('',(-18.1566267175225,-288.998532156342,35.2833928478029));
#1874=CARTESIAN_POINT('',(-18.1566350748118,-288.711995257686,35.1647157910221));
#1875=CARTESIAN_POINT('',(-18.1566563083735,-288.293533300323,34.942244307795));
#1876=CARTESIAN_POINT('',(-18.1566648358319,-288.15598353923,34.8606360488986));
#1877=CARTESIAN_POINT('',(-18.1566844283511,-287.884543853239,34.6823546922355));
#1878=CARTESIAN_POINT('',(-18.1565910063501,-287.750071750906,34.585222273901));
#1879=CARTESIAN_POINT('',(-18.1567076464702,-287.618486281612,34.4813947556522));
#1880=CARTESIAN_POINT('',(-18.641199389167,-291.325327208811,35.4306512618584));
#1881=CARTESIAN_POINT('',(-18.6409351094783,-291.135099475435,35.4534613784133));
#1882=CARTESIAN_POINT('',(-18.6410983499565,-290.949671629625,35.4663195692868));
#1883=CARTESIAN_POINT('',(-18.6410210320724,-290.595114022643,35.4733595679918));
#1884=CARTESIAN_POINT('',(-18.640990086289,-290.424518302716,35.4677168400744));
#1885=CARTESIAN_POINT('',(-18.6409186428628,-289.929634229126,35.4267208552522));
#1886=CARTESIAN_POINT('',(-18.6408995391438,-289.621987103521,35.3673559729559));
#1887=CARTESIAN_POINT('',(-18.6409090725592,-289.033026911017,35.1918121163268));
#1888=CARTESIAN_POINT('',(-18.6409377096936,-288.751478452257,35.075388041852));
#1889=CARTESIAN_POINT('',(-18.6410094888277,-288.340649934171,34.8572636352988));
#1890=CARTESIAN_POINT('',(-18.6410382191111,-288.205667824704,34.7772674100578));
#1891=CARTESIAN_POINT('',(-18.6411041237874,-287.93947147265,34.6025611282716));
#1892=CARTESIAN_POINT('',(-18.6409878328084,-287.807402156956,34.5071764446424));
#1893=CARTESIAN_POINT('',(-18.6411821127774,-287.678850124464,34.4057152735999));
#1894=CARTESIAN_POINT('',(-18.8013122647663,-291.320282572108,35.3906134672023));
#1895=CARTESIAN_POINT('',(-18.8010150627098,-291.132079700895,35.4131928126962));
#1896=CARTESIAN_POINT('',(-18.8011839581873,-290.948267065423,35.4259491543103));
#1897=CARTESIAN_POINT('',(-18.8010858394071,-290.59693979709,35.4329190605698));
#1898=CARTESIAN_POINT('',(-18.8010465956568,-290.427832215124,35.4273232892567));
#1899=CARTESIAN_POINT('',(-18.8009560886868,-289.937117380623,35.3866646245498));
#1900=CARTESIAN_POINT('',(-18.800932049748,-289.631860789621,35.3277855674675));
#1901=CARTESIAN_POINT('',(-18.8009447158812,-289.047387285305,35.1536643060634));
#1902=CARTESIAN_POINT('',(-18.8009814209531,-288.767939122635,35.0381813149562));
#1903=CARTESIAN_POINT('',(-18.8010731460151,-288.360307769471,34.821864727998));
#1904=CARTESIAN_POINT('',(-18.8011098322783,-288.226398375902,34.7425378463605));
#1905=CARTESIAN_POINT('',(-18.8011939455301,-287.962384515151,34.5693132382739));
#1906=CARTESIAN_POINT('',(-18.8010746130342,-287.831350903178,34.4746824444008));
#1907=CARTESIAN_POINT('',(-18.8012934289913,-287.704012783018,34.3741682932153));
#1908=CARTESIAN_POINT('',(-19.1140287899639,-291.30836805759,35.29605147715));
#1909=CARTESIAN_POINT('',(-19.1136707228433,-291.124834063719,35.318097732544));
#1910=CARTESIAN_POINT('',(-19.1138415943154,-290.944921190589,35.3305997892832));
#1911=CARTESIAN_POINT('',(-19.1136985031319,-290.601205408427,35.3373977393875));
#1912=CARTESIAN_POINT('',(-19.1136412999573,-290.435606811317,35.3319085631268));
#1913=CARTESIAN_POINT('',(-19.1135094860444,-289.954729293162,35.2920343046771));
#1914=CARTESIAN_POINT('',(-19.1134746709171,-289.655121967337,35.2342954119381));
#1915=CARTESIAN_POINT('',(-19.1134939268754,-289.081257201936,35.0635293436511));
#1916=CARTESIAN_POINT('',(-19.1135479979609,-288.806778016402,34.9502712766649));
#1917=CARTESIAN_POINT('',(-19.1136828426868,-288.406710586844,34.7382336268116));
#1918=CARTESIAN_POINT('',(-19.1137367472784,-288.275339092615,34.6604915992416));
#1919=CARTESIAN_POINT('',(-19.1138603147337,-288.016489492711,34.4907760011389));
#1920=CARTESIAN_POINT('',(-19.1137419941781,-287.887963987455,34.3979760636919));
#1921=CARTESIAN_POINT('',(-19.1140064423836,-287.763442354289,34.2996601280631));
#1922=CARTESIAN_POINT('',(-19.4206385933496,-291.29459615566,35.1867479506558));
#1923=CARTESIAN_POINT('',(-19.4202246408364,-291.116350192152,35.2081895679725));
#1924=CARTESIAN_POINT('',(-19.4203881605532,-290.941009431154,35.220387598341));
#1925=CARTESIAN_POINT('',(-19.4201967482448,-290.606066472503,35.2269847780381));
#1926=CARTESIAN_POINT('',(-19.4201202377909,-290.444517089514,35.2216169908247));
#1927=CARTESIAN_POINT('',(-19.4199439933671,-289.975002799058,35.1826445084043));
#1928=CARTESIAN_POINT('',(-19.4198975463356,-289.681936999437,35.1262210528082));
#1929=CARTESIAN_POINT('',(-19.4199238165755,-289.120364465608,34.959333698074));
#1930=CARTESIAN_POINT('',(-19.419996533847,-288.851646707225,34.8486500714791));
#1931=CARTESIAN_POINT('',(-19.4201777823318,-288.460339868224,34.6415622603909));
#1932=CARTESIAN_POINT('',(-19.4202502272564,-288.331906261209,34.5656533659002));
#1933=CARTESIAN_POINT('',(-19.4204163078568,-288.079030728861,34.399995397378));
#1934=CARTESIAN_POINT('',(-19.4203061004699,-287.953453037726,34.3093502381317));
#1935=CARTESIAN_POINT('',(-19.4206127411961,-287.832136553887,34.2135366939021));
#1936=CARTESIAN_POINT('',(-19.7151962700388,-291.277158544189,35.0483507679634));
#1937=CARTESIAN_POINT('',(-19.7147383890707,-291.105353668944,35.0690525482491));
#1938=CARTESIAN_POINT('',(-19.7148811083883,-290.93584425122,35.0808556372823));
#1939=CARTESIAN_POINT('',(-19.7146401354374,-290.61189377554,35.08720545393));
#1940=CARTESIAN_POINT('',(-19.7145437844244,-290.455443151024,35.0819927115664));
#1941=CARTESIAN_POINT('',(-19.7143217908347,-290.000295185534,35.0441678342383));
#1942=CARTESIAN_POINT('',(-19.7142632077072,-289.715581097839,34.9894163854779));
#1943=CARTESIAN_POINT('',(-19.7142963496482,-289.169737689348,34.8274586077073));
#1944=CARTESIAN_POINT('',(-19.7143880747167,-288.908410015575,34.7200457450371));
#1945=CARTESIAN_POINT('',(-19.7146170057148,-288.528274581442,34.5192221456597));
#1946=CARTESIAN_POINT('',(-19.7147085399467,-288.40357673147,34.4456298214371));
#1947=CARTESIAN_POINT('',(-19.7149184915838,-288.158266985212,34.285089676873));
#1948=CARTESIAN_POINT('',(-19.714826535485,-288.036482937036,34.1972170637814));
#1949=CARTESIAN_POINT('',(-19.715166985668,-287.919115184921,34.1044896645016));
#1950=CARTESIAN_POINT('',(-20.0036340893293,-291.257859550057,34.8951803397171));
#1951=CARTESIAN_POINT('',(-20.0031392571724,-291.093029667958,34.9150786319958));
#1952=CARTESIAN_POINT('',(-20.0032570553105,-290.929943439156,34.9264470018883));
#1953=CARTESIAN_POINT('',(-20.0029686313194,-290.618061143615,34.9325365619179));
#1954=CARTESIAN_POINT('',(-20.0028532546071,-290.467231003407,34.9275012153699));
#1955=CARTESIAN_POINT('',(-20.0025873177876,-290.027971227488,34.8909649633942));
#1956=CARTESIAN_POINT('',(-20.0025169509976,-289.752566490807,34.8380779836686));
#1957=CARTESIAN_POINT('',(-20.0025563994219,-289.224285037556,34.681599456449));
#1958=CARTESIAN_POINT('',(-20.0026662146363,-288.971223370237,34.5778153302722));
#1959=CARTESIAN_POINT('',(-20.00294082383,-288.603518167021,34.3839119748609));
#1960=CARTESIAN_POINT('',(-20.0030506746232,-288.482966366795,34.3128748682413));
#1961=CARTESIAN_POINT('',(-20.0033027966453,-288.246021693506,34.1579690072379));
#1962=CARTESIAN_POINT('',(-20.0032321288395,-288.128442374017,34.0731641821433));
#1963=CARTESIAN_POINT('',(-20.0036014451429,-288.015378273691,33.9838025055217));
#1964=CARTESIAN_POINT('',(-20.1455497884763,-291.247212152692,34.8106750850471));
#1965=CARTESIAN_POINT('',(-20.1450399693581,-291.086136719607,34.8301398078343));
#1966=CARTESIAN_POINT('',(-20.1451432457026,-290.926564295554,34.8412726977588));
#1967=CARTESIAN_POINT('',(-20.1448321481443,-290.62127594479,34.8472318724623));
#1968=CARTESIAN_POINT('',(-20.1447076639782,-290.473532628311,34.8423008205671));
#1969=CARTESIAN_POINT('',(-20.144420651189,-290.04303446665,34.8064953079423));
#1970=CARTESIAN_POINT('',(-20.1443445622751,-289.772813524727,34.7546509418732));
#1971=CARTESIAN_POINT('',(-20.1443868683137,-289.25433006346,34.601215172802));
#1972=CARTESIAN_POINT('',(-20.1445052632662,-289.005889659996,34.4994385491958));
#1973=CARTESIAN_POINT('',(-20.1448017020758,-288.645085572433,34.3093392484397));
#1974=CARTESIAN_POINT('',(-20.1449203227425,-288.526827662092,34.2397034955516));
#1975=CARTESIAN_POINT('',(-20.1451926767832,-288.294487174848,34.087879195897));
#1976=CARTESIAN_POINT('',(-20.1451341708128,-288.179222050028,34.0047576542272));
#1977=CARTESIAN_POINT('',(-20.145515448508,-288.068487235631,33.9172186277887));
#1978=CARTESIAN_POINT('',(-20.5550527687097,-291.212931419064,34.5385990061295));
#1979=CARTESIAN_POINT('',(-20.5545099528031,-291.06385625424,34.5566734667295));
#1980=CARTESIAN_POINT('',(-20.5545674406317,-290.915609944672,34.5670356866126));
#1981=CARTESIAN_POINT('',(-20.5541957653464,-290.63150332844,34.5725541788082));
#1982=CARTESIAN_POINT('',(-20.5540469351648,-290.493682469033,34.5679451145565));
#1983=CARTESIAN_POINT('',(-20.5537035757724,-290.091364700897,34.5344527624698));
#1984=CARTESIAN_POINT('',(-20.5536121777142,-289.837839114459,34.485941533144));
#1985=CARTESIAN_POINT('',(-20.5536623114436,-289.350927834991,34.3422855846141));
#1986=CARTESIAN_POINT('',(-20.5538038432311,-289.117386188759,34.2469784802229));
#1987=CARTESIAN_POINT('',(-20.5541592733759,-288.778836095466,34.0691559139904));
#1988=CARTESIAN_POINT('',(-20.5543016055014,-288.667976297154,34.0040448790494));
#1989=CARTESIAN_POINT('',(-20.5546287197534,-288.450489993065,33.8621737061608));
#1990=CARTESIAN_POINT('',(-20.5546082594371,-288.342719924468,33.7845113313834));
#1991=CARTESIAN_POINT('',(-20.5550168785968,-288.239480041256,33.7028411734552));
#1992=CARTESIAN_POINT('',(-20.8065265557908,-291.187054185086,34.3332190270832));
#1993=CARTESIAN_POINT('',(-20.8059776941524,-291.046961760728,34.3502472412747));
#1994=CARTESIAN_POINT('',(-20.8060016227336,-290.907303579363,34.3600075853319));
#1995=CARTESIAN_POINT('',(-20.8055992433979,-290.639153566877,34.3651576591609));
#1996=CARTESIAN_POINT('',(-20.8054379775261,-290.508808122254,34.3607692525449));
#1997=CARTESIAN_POINT('',(-20.8050656042968,-290.127724748164,34.3289581635891));
#1998=CARTESIAN_POINT('',(-20.8049659213259,-289.886783639464,34.282923108198));
#1999=CARTESIAN_POINT('',(-20.8050191697411,-289.423682647259,34.1466164783053));
#2000=CARTESIAN_POINT('',(-20.8051721011272,-289.201382405874,34.056198757135));
#2001=CARTESIAN_POINT('',(-20.805557570969,-288.879655902529,33.8876913407873));
#2002=CARTESIAN_POINT('',(-20.8057120730433,-288.774394564302,33.8260181877758));
#2003=CARTESIAN_POINT('',(-20.8060675367787,-288.568168796132,33.6917184283683));
#2004=CARTESIAN_POINT('',(-20.8060744510392,-288.466123179522,33.6182387980609));
#2005=CARTESIAN_POINT('',(-20.8064899075603,-288.368556014969,33.5410157764213));
#2006=CARTESIAN_POINT('',(-21.1521861954307,-291.143807318836,33.9899813962191));
#2007=CARTESIAN_POINT('',(-21.15165818617,-291.018407103208,34.0052848243772));
#2008=CARTESIAN_POINT('',(-21.1516428488046,-290.892934818799,34.0140370481486));
#2009=CARTESIAN_POINT('',(-21.1512253183141,-290.651177949954,34.0185596227143));
#2010=CARTESIAN_POINT('',(-21.1510575854594,-290.533253630498,34.0145262374731));
#2011=CARTESIAN_POINT('',(-21.1506693271761,-290.18758315819,33.985489243553));
#2012=CARTESIAN_POINT('',(-21.1505637420278,-289.967809375554,33.9435767100578));
#2013=CARTESIAN_POINT('',(-21.1506155757257,-289.544841303381,33.8195678122634));
#2014=CARTESIAN_POINT('',(-21.1507729945718,-289.341530048942,33.7373496590738));
#2015=CARTESIAN_POINT('',(-21.1511737482712,-289.048109051889,33.5844388643586));
#2016=CARTESIAN_POINT('',(-21.1513347704095,-288.952248744555,33.5285181093566));
#2017=CARTESIAN_POINT('',(-21.1517062519018,-288.764880828941,33.4068722949233));
#2018=CARTESIAN_POINT('',(-21.1517450539402,-288.672416786302,33.3403926374166));
#2019=CARTESIAN_POINT('',(-21.1521491702543,-288.584271619747,33.2705683617291));
#2020=CARTESIAN_POINT('',(-21.262110029026,-291.12864792218,33.8696657330352));
#2021=CARTESIAN_POINT('',(-21.2615931792718,-291.00830918596,33.8843725765462));
#2022=CARTESIAN_POINT('',(-21.2615659601176,-290.887756966184,33.8927767395219));
#2023=CARTESIAN_POINT('',(-21.2611475001196,-290.655175948621,33.8970899708876));
#2024=CARTESIAN_POINT('',(-21.2609792513808,-290.541587620243,33.8931857033744));
#2025=CARTESIAN_POINT('',(-21.2605894535567,-290.208318984696,33.8651356278446));
#2026=CARTESIAN_POINT('',(-21.2604828528635,-289.99601358566,33.8246785993263));
#2027=CARTESIAN_POINT('',(-21.2605335384497,-289.587229112288,33.7049968629334));
#2028=CARTESIAN_POINT('',(-21.2606908247293,-289.390640870711,33.6256584854276));
#2029=CARTESIAN_POINT('',(-21.2610926878234,-289.107194805499,33.4782045506706));
#2030=CARTESIAN_POINT('',(-21.2612542978007,-289.014639719031,33.4242936081229));
#2031=CARTESIAN_POINT('',(-21.261627498721,-288.833878117912,33.3070613646045));
#2032=CARTESIAN_POINT('',(-21.2616758286301,-288.744761951019,33.2430223752468));
#2033=CARTESIAN_POINT('',(-21.2620730059606,-288.659886725157,33.1757680352028));
#2034=CARTESIAN_POINT('',(-21.471022649609,-291.096793415398,33.6168459014928));
#2035=CARTESIAN_POINT('',(-21.4705351507476,-290.98683161294,33.6303242884425));
#2036=CARTESIAN_POINT('',(-21.4704871996819,-290.876445090704,33.6380193549829));
#2037=CARTESIAN_POINT('',(-21.4700746027386,-290.662917315672,33.6419361082487));
#2038=CARTESIAN_POINT('',(-21.4699084198344,-290.558388080649,33.6383239260203));
#2039=CARTESIAN_POINT('',(-21.4695226989805,-290.251154556567,33.6124107736707));
#2040=CARTESIAN_POINT('',(-21.4694159888892,-290.05470008474,33.5750555867427));
#2041=CARTESIAN_POINT('',(-21.4694633424954,-289.676088473974,33.4645269427696));
#2042=CARTESIAN_POINT('',(-21.4696174061929,-289.493837519438,33.391255800885));
#2043=CARTESIAN_POINT('',(-21.4700140067051,-289.231510022035,33.2552230700013));
#2044=CARTESIAN_POINT('',(-21.4701737910368,-289.145926960653,33.2055085318271));
#2045=CARTESIAN_POINT('',(-21.4705435154596,-288.979021251925,33.0974652556035));
#2046=CARTESIAN_POINT('',(-21.4706081532305,-288.896889014084,33.0384977748896));
#2047=CARTESIAN_POINT('',(-21.4709859672403,-288.818776933515,32.9765638741757));
#2048=CARTESIAN_POINT('',(-21.5689805503773,-291.080244102985,33.4854988866051));
#2049=CARTESIAN_POINT('',(-21.568511242902,-290.975597754882,33.4983454016403));
#2050=CARTESIAN_POINT('',(-21.5684544639899,-290.870443242876,33.5056755749773));
#2051=CARTESIAN_POINT('',(-21.5680487375756,-290.666745179726,33.5093916918695));
#2052=CARTESIAN_POINT('',(-21.5678851920807,-290.566904990291,33.5059328332881));
#2053=CARTESIAN_POINT('',(-21.5675052882237,-290.273182136824,33.4811349676533));
#2054=CARTESIAN_POINT('',(-21.5673996624893,-290.085001227197,33.4453952568271));
#2055=CARTESIAN_POINT('',(-21.5674451886467,-289.722160917417,33.3396308228493));
#2056=CARTESIAN_POINT('',(-21.5675963405385,-289.547415255649,33.2695162803909));
#2057=CARTESIAN_POINT('',(-21.56798676956,-289.296108790128,33.1394131753467));
#2058=CARTESIAN_POINT('',(-21.5681441960978,-289.214158476277,33.091875585182));
#2059=CARTESIAN_POINT('',(-21.5685088025619,-289.054454666078,32.9885942038646));
#2060=CARTESIAN_POINT('',(-21.5685802426,-288.975944858866,32.9322537060814));
#2061=CARTESIAN_POINT('',(-21.5689456322727,-288.901325982897,32.8730703090543));
#2062=CARTESIAN_POINT('',(-21.8407931382054,-291.029299894413,33.081169718441));
#2063=CARTESIAN_POINT('',(-21.8403868743847,-290.940869604729,33.0920797238382));
#2064=CARTESIAN_POINT('',(-21.840309056468,-290.851712512624,33.0982839812857));
#2065=CARTESIAN_POINT('',(-21.8399346406242,-290.678120229502,33.1013660358226));
#2066=CARTESIAN_POINT('',(-21.8397833061256,-290.592669115701,33.0983654312379));
#2067=CARTESIAN_POINT('',(-21.8394307860283,-290.340470811447,33.0769606601692));
#2068=CARTESIAN_POINT('',(-21.8393310838284,-290.177807094428,33.0461688887301));
#2069=CARTESIAN_POINT('',(-21.8393695718456,-289.863663507655,32.9550556598987));
#2070=CARTESIAN_POINT('',(-21.8395077620627,-289.712119307207,32.8946672186166));
#2071=CARTESIAN_POINT('',(-21.8398689192167,-289.494853592529,32.7828461200776));
#2072=CARTESIAN_POINT('',(-21.8400149502394,-289.424119092974,32.7420217383605));
#2073=CARTESIAN_POINT('',(-21.8403542116468,-289.286636112314,32.6534254419148));
#2074=CARTESIAN_POINT('',(-21.8404410891293,-289.21929505775,32.6051860044655));
#2075=CARTESIAN_POINT('',(-21.8407622264735,-289.155437763223,32.55448476165));
#2076=CARTESIAN_POINT('',(-21.9941903986665,-290.993410380887,32.7963252276498));
#2077=CARTESIAN_POINT('',(-21.9938374566108,-290.916150390623,32.8058897014287));
#2078=CARTESIAN_POINT('',(-21.9937529078832,-290.83807868116,32.8113068836136));
#2079=CARTESIAN_POINT('',(-21.99341375641,-290.685444153733,32.8139415018929));
#2080=CARTESIAN_POINT('',(-21.9932763837995,-290.610061468258,32.8112570699698));
#2081=CARTESIAN_POINT('',(-21.9929556855514,-290.387036833822,32.7922239944982));
#2082=CARTESIAN_POINT('',(-21.9928637794972,-290.242461923316,32.7649076670461));
#2083=CARTESIAN_POINT('',(-21.9928960740379,-289.962923918811,32.6841229477665));
#2084=CARTESIAN_POINT('',(-21.9930202746329,-289.827910140023,32.6306017807531));
#2085=CARTESIAN_POINT('',(-21.9933478963322,-289.634809053362,32.5316728451891));
#2086=CARTESIAN_POINT('',(-21.9934806570332,-289.572021651683,32.4955800475857));
#2087=CARTESIAN_POINT('',(-21.9937898255074,-289.450237779154,32.4173244842176));
#2088=CARTESIAN_POINT('',(-21.9938804046228,-289.390763091126,32.3747844194152));
#2089=CARTESIAN_POINT('',(-21.9941627346586,-289.334456141083,32.3300454702761));
#2090=CARTESIAN_POINT('',(-22.1821850522466,-290.936659408608,32.3459094874346));
#2091=CARTESIAN_POINT('',(-22.1819207185388,-290.876249189905,32.3534220240218));
#2092=CARTESIAN_POINT('',(-22.1818407179914,-290.815067889188,32.3576633904665));
#2093=CARTESIAN_POINT('',(-22.181572909708,-290.694786553822,32.3597009653301));
#2094=CARTESIAN_POINT('',(-22.1814641048893,-290.635133999766,32.3575633061718));
#2095=CARTESIAN_POINT('',(-22.1812093043937,-290.45810314896,32.3424219541209));
#2096=CARTESIAN_POINT('',(-22.1811349226771,-290.342614797417,32.3206977954433));
#2097=CARTESIAN_POINT('',(-22.1811574817592,-290.11896664303,32.2563945259967));
#2098=CARTESIAN_POINT('',(-22.1812544225578,-290.010773700131,32.2137809083753));
#2099=CARTESIAN_POINT('',(-22.1815135896079,-289.856439944282,32.1351333793412));
#2100=CARTESIAN_POINT('',(-22.1816189379333,-289.806327642397,32.1064573820461));
#2101=CARTESIAN_POINT('',(-22.1818650971957,-289.709349587415,32.044338646602));
#2102=CARTESIAN_POINT('',(-22.1819480670807,-289.662161557522,32.0106416417104));
#2103=CARTESIAN_POINT('',(-22.1821632223727,-289.617532346609,31.9751465837348));
#2104=CARTESIAN_POINT('',(-22.2379769139791,-290.917150677692,32.1910744401419));
#2105=CARTESIAN_POINT('',(-22.2377435131949,-290.862385936212,32.1978958795434));
#2106=CARTESIAN_POINT('',(-22.2376674394882,-290.806896987684,32.2017467512863));
#2107=CARTESIAN_POINT('',(-22.2374264445818,-290.697597692064,32.2036024826021));
#2108=CARTESIAN_POINT('',(-22.2373284210135,-290.643319485795,32.201663341404));
#2109=CARTESIAN_POINT('',(-22.2370985981749,-290.482078982326,32.187891575024));
#2110=CARTESIAN_POINT('',(-22.2370310467709,-290.376679897955,32.1681112364839));
#2111=CARTESIAN_POINT('',(-22.2370503447333,-290.172460130246,32.1095045039787));
#2112=CARTESIAN_POINT('',(-22.2371371940999,-290.073611667745,32.070649185152));
#2113=CARTESIAN_POINT('',(-22.2373705735732,-289.93270272892,31.9989502042553));
#2114=CARTESIAN_POINT('',(-22.2374655509683,-289.886965689809,31.9728098182275));
#2115=CARTESIAN_POINT('',(-22.2376877583737,-289.798506084851,31.9161933703283));
#2116=CARTESIAN_POINT('',(-22.2377660100739,-289.755510623331,31.8855020019407));
#2117=CARTESIAN_POINT('',(-22.2379572867727,-289.714842819257,31.8531462964709));
#2118=CARTESIAN_POINT('',(-22.3330206006284,-290.877901456793,31.8795649421712));
#2119=CARTESIAN_POINT('',(-22.3328484329543,-290.834374546709,31.8850037993582));
#2120=CARTESIAN_POINT('',(-22.3327838920299,-290.790220081495,31.8880687831474));
#2121=CARTESIAN_POINT('',(-22.3325990889665,-290.702869961961,31.8895420573376));
#2122=CARTESIAN_POINT('',(-22.3325237438085,-290.659360173622,31.8879879472208));
#2123=CARTESIAN_POINT('',(-22.3323466682158,-290.529820298448,31.8769283506865));
#2124=CARTESIAN_POINT('',(-22.332293897662,-290.444759370859,31.8610299595508));
#2125=CARTESIAN_POINT('',(-22.3323071336207,-290.279756817241,31.8138626460702));
#2126=CARTESIAN_POINT('',(-22.3323731401334,-290.199796915446,31.7825746942113));
#2127=CARTESIAN_POINT('',(-22.3325523957399,-290.086007288071,31.7248843933651));
#2128=CARTESIAN_POINT('',(-22.3326255219151,-290.049105946329,31.7038581221658));
#2129=CARTESIAN_POINT('',(-22.3327970500508,-289.977840368027,31.6583421626371));
#2130=CARTESIAN_POINT('',(-22.3328625665747,-289.943292901514,31.6337079113613));
#2131=CARTESIAN_POINT('',(-22.3330057554514,-289.910620466036,31.6076955397657));
#2132=CARTESIAN_POINT('',(-22.3725435258106,-290.858106599254,31.7224589922069));
#2133=CARTESIAN_POINT('',(-22.3724016583231,-290.820172043341,31.7272063643652));
#2134=CARTESIAN_POINT('',(-22.3723447211884,-290.781664791689,31.7298773901446));
#2135=CARTESIAN_POINT('',(-22.3721892890597,-290.705299597023,31.7311550741035));
#2136=CARTESIAN_POINT('',(-22.3721258356823,-290.667196584917,31.7297910652124));
#2137=CARTESIAN_POINT('',(-22.3719765103123,-290.553612732628,31.7200869700301));
#2138=CARTESIAN_POINT('',(-22.3719316730819,-290.47884135414,31.7061381880962));
#2139=CARTESIAN_POINT('',(-22.3719420737281,-290.333708946918,31.6647367205693));
#2140=CARTESIAN_POINT('',(-22.3719973116045,-290.263333784923,31.6372693188186));
#2141=CARTESIAN_POINT('',(-22.3721482115551,-290.1632843939,31.5866520670625));
#2142=CARTESIAN_POINT('',(-22.3722098520612,-290.130856192845,31.5682078875291));
#2143=CARTESIAN_POINT('',(-22.372354645253,-290.068283979702,31.528295152173));
#2144=CARTESIAN_POINT('',(-22.3724121426334,-290.037997022261,31.5067138167466));
#2145=CARTESIAN_POINT('',(-22.3725311222813,-290.009358548539,31.4839054265194));
#2146=CARTESIAN_POINT('',(-22.435948625225,-290.818183990113,31.4056050102348));
#2147=CARTESIAN_POINT('',(-22.4358632990213,-290.791270123032,31.4089828728928));
#2148=CARTESIAN_POINT('',(-22.4358240999497,-290.763930917632,31.4108810053745));
#2149=CARTESIAN_POINT('',(-22.4357264536962,-290.709455207117,31.4117926034868));
#2150=CARTESIAN_POINT('',(-22.4356864830029,-290.682189483754,31.4108215355712));
#2151=CARTESIAN_POINT('',(-22.4355921630595,-290.600725810506,31.4038791192453));
#2152=CARTESIAN_POINT('',(-22.435563405946,-290.546853225217,31.3938803028422));
#2153=CARTESIAN_POINT('',(-22.4355689898768,-290.442161009285,31.3641410981002));
#2154=CARTESIAN_POINT('',(-22.435603330921,-290.391334068335,31.3443930979557));
#2155=CARTESIAN_POINT('',(-22.4356983054505,-290.319186196267,31.3080183215487));
#2156=CARTESIAN_POINT('',(-22.4357372074542,-290.295820394068,31.2947666898849));
#2157=CARTESIAN_POINT('',(-22.4358288556735,-290.250794202107,31.2661025161533));
#2158=CARTESIAN_POINT('',(-22.4358680745463,-290.229058441158,31.2506305084763));
#2159=CARTESIAN_POINT('',(-22.4359409484894,-290.208495346523,31.2342432278084));
#2160=CARTESIAN_POINT('',(-22.4598871063455,-290.798056826051,31.2458616413421));
#2161=CARTESIAN_POINT('',(-22.459828176647,-290.776599477842,31.2485580845423));
#2162=CARTESIAN_POINT('',(-22.4597992462973,-290.754799930683,31.2500729377386));
#2163=CARTESIAN_POINT('',(-22.45973024399,-290.711252076173,31.250804480448));
#2164=CARTESIAN_POINT('',(-22.459701958758,-290.689421336491,31.2500310364922));
#2165=CARTESIAN_POINT('',(-22.4596351208989,-290.62412024575,31.2444793819579));
#2166=CARTESIAN_POINT('',(-22.459614586109,-290.580835872574,31.2364709536173));
#2167=CARTESIAN_POINT('',(-22.4596182044791,-290.496666575306,31.2126170567666));
#2168=CARTESIAN_POINT('',(-22.4596423576393,-290.455777021351,31.1967667674461));
#2169=CARTESIAN_POINT('',(-22.4597095836303,-290.397773671446,31.1675724843625));
#2170=CARTESIAN_POINT('',(-22.4597371583359,-290.378995270761,31.1569371276032));
#2171=CARTESIAN_POINT('',(-22.4598022198787,-290.342829844757,31.1339352143137));
#2172=CARTESIAN_POINT('',(-22.4598310772041,-290.325394737821,31.121530722826));
#2173=CARTESIAN_POINT('',(-22.459881939643,-290.308891120203,31.1083748305476));
#2174=CARTESIAN_POINT('',(-22.4919127937331,-290.757465734009,30.9237021076021));
#2175=CARTESIAN_POINT('',(-22.4918959673254,-290.746815080365,30.9250436411783));
#2176=CARTESIAN_POINT('',(-22.4918861462574,-290.735993786636,30.9257973533368));
#2177=CARTESIAN_POINT('',(-22.4918651259972,-290.714256826308,30.9261671823638));
#2178=CARTESIAN_POINT('',(-22.4918564752861,-290.703323336502,30.9257854325361));
#2179=CARTESIAN_POINT('',(-22.4918359545365,-290.670537790259,30.9230164610831));
#2180=CARTESIAN_POINT('',(-22.4918295158811,-290.648699572696,30.9190057500992));
#2181=CARTESIAN_POINT('',(-22.4918303389302,-290.606174555913,30.9070161494494));
#2182=CARTESIAN_POINT('',(-22.4918376006347,-290.585486781986,30.899036244876));
#2183=CARTESIAN_POINT('',(-22.4918581809652,-290.55617641574,30.8843350514734));
#2184=CARTESIAN_POINT('',(-22.4918666557042,-290.546693362578,30.878979265116));
#2185=CARTESIAN_POINT('',(-22.491886736524,-290.52844941123,30.8673977506249));
#2186=CARTESIAN_POINT('',(-22.4918964767643,-290.519678117016,30.8611638203384));
#2187=CARTESIAN_POINT('',(-22.4919114653984,-290.511362700908,30.8545317411384));
#2188=CARTESIAN_POINT('',(-22.5,-290.737001806029,30.7612859427548));
#2189=CARTESIAN_POINT('',(-22.5,-290.731674408136,30.7619571782005));
#2190=CARTESIAN_POINT('',(-22.5,-290.726267907046,30.7623325105379));
#2191=CARTESIAN_POINT('',(-22.5,-290.715372800291,30.7625147082634));
#2192=CARTESIAN_POINT('',(-22.5,-290.709884194624,30.7623215736514));
#2193=CARTESIAN_POINT('',(-22.5,-290.693409373486,30.7609244782915));
#2194=CARTESIAN_POINT('',(-22.5,-290.682414153873,30.7589028260195));
#2195=CARTESIAN_POINT('',(-22.5,-290.661008518143,30.7528657248793));
#2196=CARTESIAN_POINT('',(-22.5,-290.650598102026,30.7488502760112));
#2197=CARTESIAN_POINT('',(-22.5,-290.635877691375,30.7414717908627));
#2198=CARTESIAN_POINT('',(-22.5,-290.631120090078,30.7387864105055));
#2199=CARTESIAN_POINT('',(-22.5,-290.621979393809,30.7329872184425));
#2200=CARTESIAN_POINT('',(-22.5,-290.617596298837,30.7298734067367));
#2201=CARTESIAN_POINT('',(-22.5,-290.613438507936,30.72655704899));
#2202=CARTESIAN_POINT('',(-22.5,-290.716366973624,30.5975133598595));
#2203=CARTESIAN_POINT('',(-22.5,-290.716366973624,30.5975133598595));
#2204=CARTESIAN_POINT('',(-22.5,-290.716366973624,30.5975133598595));
#2205=CARTESIAN_POINT('',(-22.5,-290.716366973624,30.5975133598595));
#2206=CARTESIAN_POINT('',(-22.5,-290.716366973624,30.5975133598595));
#2207=CARTESIAN_POINT('',(-22.5,-290.716366973624,30.5975133598595));
#2208=CARTESIAN_POINT('',(-22.5,-290.716366973624,30.5975133598595));
#2209=CARTESIAN_POINT('',(-22.5,-290.716366973624,30.5975133598595));
#2210=CARTESIAN_POINT('',(-22.5,-290.716366973624,30.5975133598595));
#2211=CARTESIAN_POINT('',(-22.5,-290.716366973624,30.5975133598595));
#2212=CARTESIAN_POINT('',(-22.5,-290.716366973624,30.5975133598595));
#2213=CARTESIAN_POINT('',(-22.5,-290.716366973624,30.5975133598595));
#2214=CARTESIAN_POINT('',(-22.5,-290.716366973624,30.5975133598595));
#2215=CARTESIAN_POINT('',(-22.5,-290.716366973624,30.5975133598595));
#2216=CARTESIAN_POINT('',(-17.4999999998568,-287.598293139171,34.5067113440065));
#2217=CARTESIAN_POINT('',(-18.8205580301454,-287.598293139171,34.5067113440065));
#2218=CARTESIAN_POINT('',(-21.4135798169732,-288.279116642666,33.6531478914645));
#2219=CARTESIAN_POINT('',(-22.5,-289.892939248116,31.6298628729038));
#2220=CARTESIAN_POINT('',(-22.5,-290.716366973624,30.5975133598595));
#2221=CARTESIAN_POINT('',(-17.4999999998568,-291.341477433424,35.5588308344999));
#2222=CARTESIAN_POINT('',(-18.8205774718713,-291.341477433424,35.5588308344999));
#2223=CARTESIAN_POINT('',(-21.4136438951658,-291.204984348696,34.4755254509201));
#2224=CARTESIAN_POINT('',(-22.5,-290.88144563286,31.9076940230219));
#2225=CARTESIAN_POINT('',(-22.5,-290.716366973624,30.5975133598595));
#2226=CARTESIAN_POINT('',(-17.5,-302.556888832556,27.3184734116778));
#2227=CARTESIAN_POINT('',(-22.5,-302.556888832556,27.3184734116778));
#2228=CARTESIAN_POINT('',(-22.5,-298.726666616961,24.1045353632452));
#2229=CARTESIAN_POINT('',(-17.500000000003,-302.247665055233,27.6869919592179));
#2230=CARTESIAN_POINT('',(-22.5000000000054,-302.247665055609,27.6869919595384));
#2231=CARTESIAN_POINT('',(-22.5,-298.444603692208,24.4406848677961));
#2232=CARTESIAN_POINT('',(-17.4999999999986,-301.616690740607,28.4200662625706));
#2233=CARTESIAN_POINT('',(-22.4999999999975,-301.616690740432,28.4200662624219));
#2234=CARTESIAN_POINT('',(-22.5,-297.872428329694,25.1053239519459));
#2235=CARTESIAN_POINT('',(-17.5000000000004,-300.624411894921,29.50717086961));
#2236=CARTESIAN_POINT('',(-22.5000000000007,-300.624411894968,29.5071708696499));
#2237=CARTESIAN_POINT('',(-22.5,-296.986237077044,26.0759326248652));
#2238=CARTESIAN_POINT('',(-17.4999999999999,-299.574964170318,30.5806617221703));
#2239=CARTESIAN_POINT('',(-22.4999999999998,-299.574964170305,30.5806617221593));
#2240=CARTESIAN_POINT('',(-22.5,-296.067583755614,27.0152444007848));
#2241=CARTESIAN_POINT('',(-17.5,-298.636659575578,31.4645103645799));
#2242=CARTESIAN_POINT('',(-22.5,-298.63665957558,31.4645103645812));
#2243=CARTESIAN_POINT('',(-22.5,-295.268290866168,27.7675446262525));
#2244=CARTESIAN_POINT('',(-17.5,-297.835031126794,32.1623741738519));
#2245=CARTESIAN_POINT('',(-22.5,-297.835031126793,32.1623741738516));
#2246=CARTESIAN_POINT('',(-22.5,-294.605962367947,28.3439426517409));
#2247=CARTESIAN_POINT('',(-17.5,-297.203438077034,32.6801110453702));
#2248=CARTESIAN_POINT('',(-22.5,-297.203438077034,32.6801110453702));
#2249=CARTESIAN_POINT('',(-22.5,-294.0971299403,28.7608649643564));
#2250=CARTESIAN_POINT('',(-17.5,-296.533515228428,33.1921076355196));
#2251=CARTESIAN_POINT('',(-22.5,-296.533515228428,33.1921076355196));
#2252=CARTESIAN_POINT('',(-22.5,-293.574395442858,29.1600808821166));
#2253=CARTESIAN_POINT('',(-17.5,-295.810743601362,33.69946064734));
#2254=CARTESIAN_POINT('',(-22.5,-295.810743601362,33.69946064734));
#2255=CARTESIAN_POINT('',(-22.5,-293.033991073936,29.5390069629963));
#2256=CARTESIAN_POINT('',(-17.5,-295.154250447941,34.1138822205851));
#2257=CARTESIAN_POINT('',(-22.5,-295.154250447941,34.1138822205851));
#2258=CARTESIAN_POINT('',(-22.5,-292.571133038409,29.8305030996049));
#2259=CARTESIAN_POINT('',(-17.5,-294.578030273173,34.4402295577241));
#2260=CARTESIAN_POINT('',(-22.5,-294.578030273173,34.4402295577242));
#2261=CARTESIAN_POINT('',(-22.5,-292.191610722094,30.045211033517));
#2262=CARTESIAN_POINT('',(-17.5,-294.111194597874,34.6824867834146));
#2263=CARTESIAN_POINT('',(-22.5,-294.111194597874,34.6824867834146));
#2264=CARTESIAN_POINT('',(-22.5,-291.901558808375,30.1955038815405));
#2265=CARTESIAN_POINT('',(-17.5,-293.681635568181,34.8823906626608));
#2266=CARTESIAN_POINT('',(-22.5,-293.681635568181,34.8823906626608));
#2267=CARTESIAN_POINT('',(-22.5,-291.654501088168,30.3101141067704));
#2268=CARTESIAN_POINT('',(-17.5,-293.299197505799,35.0412718614));
#2269=CARTESIAN_POINT('',(-22.5,-293.2991975058,35.0412718614));
#2270=CARTESIAN_POINT('',(-22.5,-291.452819592648,30.3937786236357));
#2271=CARTESIAN_POINT('',(-17.5,-292.985954320598,35.1599680673606));
#2272=CARTESIAN_POINT('',(-22.5,-292.985954320598,35.1599680673606));
#2273=CARTESIAN_POINT('',(-22.5,-291.299213093532,30.4518714931487));
#2274=CARTESIAN_POINT('',(-17.5,-292.693993333194,35.2585343864811));
#2275=CARTESIAN_POINT('',(-22.5,-292.693993333194,35.2585343864811));
#2276=CARTESIAN_POINT('',(-22.5,-291.168905064779,30.4956824578053));
#2277=CARTESIAN_POINT('',(-17.5,-292.430541425264,35.3371937484048));
#2278=CARTESIAN_POINT('',(-22.5,-292.430541425264,35.3371937484048));
#2279=CARTESIAN_POINT('',(-22.5,-291.062896065552,30.5272775044418));
#2280=CARTESIAN_POINT('',(-17.5,-292.212913590613,35.3960124089284));
#2281=CARTESIAN_POINT('',(-22.5,-292.212913590613,35.3960124089284));
#2282=CARTESIAN_POINT('',(-22.5,-290.982445268783,30.5489600557275));
#2283=CARTESIAN_POINT('',(-17.5,-291.965469271911,35.45476709288));
#2284=CARTESIAN_POINT('',(-22.5,-291.965469271911,35.45476709288));
#2285=CARTESIAN_POINT('',(-22.5,-290.900562513686,30.5683190557015));
#2286=CARTESIAN_POINT('',(-17.5,-291.724711472691,35.5026950310499));
#2287=CARTESIAN_POINT('',(-22.5,-291.724711472691,35.5026950310499));
#2288=CARTESIAN_POINT('',(-22.5,-290.832030409854,30.5818083981584));
#2289=CARTESIAN_POINT('',(-17.5,-291.49363242505,35.5396604873015));
#2290=CARTESIAN_POINT('',(-22.5,-291.49363242505,35.5396604873015));
#2291=CARTESIAN_POINT('',(-22.5,-290.777142616231,30.5905277319171));
#2292=CARTESIAN_POINT('',(-17.5,-291.322512137694,35.561903448876));
#2293=CARTESIAN_POINT('',(-22.5,-291.322512137694,35.561903448876));
#2294=CARTESIAN_POINT('',(-22.5,-290.742784936672,30.594947784497));
#2295=CARTESIAN_POINT('',(-17.5,-291.159079653614,35.5784495463672));
#2296=CARTESIAN_POINT('',(-22.5,-291.159079653613,35.5784495463672));
#2297=CARTESIAN_POINT('',(-22.5,-290.715262138241,30.597690903751));
#2298=CARTESIAN_POINT('',(-17.5,-291.031354765689,35.5881844867404));
#2299=CARTESIAN_POINT('',(-22.5,-291.031354765689,35.5881844867404));
#2300=CARTESIAN_POINT('',(-22.5,-290.698041554212,30.5990093198142));
#2301=CARTESIAN_POINT('',(-17.5,-290.935416054431,35.5936870228729));
#2302=CARTESIAN_POINT('',(-22.5,-290.935416054431,35.5936870228729));
#2303=CARTESIAN_POINT('',(-22.5,-290.685974639361,30.5996674897702));
#2304=CARTESIAN_POINT('',(-17.5,-290.851575448457,35.5970289346542));
#2305=CARTESIAN_POINT('',(-22.5,-290.851575448457,35.5970289346542));
#2306=CARTESIAN_POINT('',(-22.5,-290.679074843966,30.5999502967929));
#2307=CARTESIAN_POINT('',(-17.5,-290.834347389044,35.5975120179531));
#2308=CARTESIAN_POINT('',(-22.5,-290.834347389044,35.597512017953));
#2309=CARTESIAN_POINT('',(-22.5,-290.672172102031,30.6001708171141));
#2310=CARTESIAN_POINT('',(-17.5,-290.830882341381,35.5976716290684));
#2311=CARTESIAN_POINT('',(-22.5,-290.830882341381,35.5976716290684));
#2312=CARTESIAN_POINT('',(-22.5,-290.663544395629,30.6004617097183));
#2313=CARTESIAN_POINT('',(-17.5,-290.822603247524,35.5979347063061));
#2314=CARTESIAN_POINT('',(-22.5,-290.822603247523,35.5979347063061));
#2315=CARTESIAN_POINT('',(-22.5,-290.656642010769,30.6006897785589));
#2316=CARTESIAN_POINT('',(-17.5,-290.819152082561,35.5980493213817));
#2317=CARTESIAN_POINT('',(-22.5,-290.819152082561,35.5980493213817));
#2318=CARTESIAN_POINT('',(-22.5,-290.653190845806,30.6008043936346));
#2319=CARTESIAN_POINT('',(-17.5,-298.726666616962,24.1045353632452));
#2320=CARTESIAN_POINT('',(-17.5,-288.043224628692,34.8253403621949));
#2321=CARTESIAN_POINT('',(-22.5,-288.043224628692,34.8253403621949));
#2322=CARTESIAN_POINT('',(-22.5,-290.786734985185,30.6452505397375));
#2323=CARTESIAN_POINT('',(-17.5,-288.038234275372,34.8220732514908));
#2324=CARTESIAN_POINT('',(-22.5,-288.038234275372,34.8220732514908));
#2325=CARTESIAN_POINT('',(-22.5,-290.778975649554,30.6401585644384));
#2326=CARTESIAN_POINT('',(-17.5,-288.030748745392,34.8171725854348));
#2327=CARTESIAN_POINT('',(-22.5,-288.030748745392,34.8171725854348));
#2328=CARTESIAN_POINT('',(-22.5,-290.767336646107,30.6325206014899));
#2329=CARTESIAN_POINT('',(-17.5,-288.002393567006,34.79851565737));
#2330=CARTESIAN_POINT('',(-22.5,-288.002393567006,34.79851565737));
#2331=CARTESIAN_POINT('',(-22.5,-290.754730054618,30.6242425908092));
#2332=CARTESIAN_POINT('',(-17.5,-288.012667162645,34.805306159614));
#2333=CARTESIAN_POINT('',(-22.5,-288.012667162645,34.805306159614));
#2334=CARTESIAN_POINT('',(-22.5,-290.748908940571,30.6204260675947));
#2335=CARTESIAN_POINT('',(-17.5,-287.961374286017,34.7715008073893));
#2336=CARTESIAN_POINT('',(-22.5,-287.961374286017,34.7715008073893));
#2337=CARTESIAN_POINT('',(-22.5,-290.745034886029,30.6178715215593));
#2338=CARTESIAN_POINT('',(-17.5,-287.898649418673,34.728952424404));
#2339=CARTESIAN_POINT('',(-22.5,-287.898649418674,34.728952424404));
#2340=CARTESIAN_POINT('',(-22.5,-290.738306585031,30.6133231134384));
#2341=CARTESIAN_POINT('',(-17.5,-287.815617793724,34.6707259303891));
#2342=CARTESIAN_POINT('',(-22.5,-287.815617793724,34.6707259303891));
#2343=CARTESIAN_POINT('',(-22.5,-290.728803540296,30.6066585211031));
#2344=CARTESIAN_POINT('',(-17.5,-287.707747942567,34.591776977319));
#2345=CARTESIAN_POINT('',(-22.5,-287.707747942567,34.591776977319));
#2346=CARTESIAN_POINT('',(-22.5,-290.713797162581,30.595700149168));
#2347=CARTESIAN_POINT('',(-17.5,-287.550459455553,34.4706292334911));
#2348=CARTESIAN_POINT('',(-22.5,-287.550459455553,34.4706292334911));
#2349=CARTESIAN_POINT('',(-22.5,-290.68794114155,30.5758373298977));
#2350=CARTESIAN_POINT('',(-17.5,-287.379524507055,34.3277535661543));
#2351=CARTESIAN_POINT('',(-22.5,-287.379524507055,34.3277535661543));
#2352=CARTESIAN_POINT('',(-22.5,-290.652227068646,30.5461626221011));
#2353=CARTESIAN_POINT('',(-17.5,-287.157971376743,34.1287221933683));
#2354=CARTESIAN_POINT('',(-22.5,-287.157971376744,34.1287221933683));
#2355=CARTESIAN_POINT('',(-22.5,-290.597236419585,30.4968676181859));
#2356=CARTESIAN_POINT('',(-17.5,-286.940466701152,33.9138070833381));
#2357=CARTESIAN_POINT('',(-22.5,-286.940466701152,33.9138070833381));
#2358=CARTESIAN_POINT('',(-22.5,-290.531622432496,30.4324142194366));
#2359=CARTESIAN_POINT('',(-17.5,-286.654092677718,33.6048162095145));
#2360=CARTESIAN_POINT('',(-22.5,-286.654092677718,33.6048162095145));
#2361=CARTESIAN_POINT('',(-22.5,-290.431651833573,30.3247936514809));
#2362=CARTESIAN_POINT('',(-17.5,-286.36900722765,33.2590893548769));
#2363=CARTESIAN_POINT('',(-22.5,-286.36900722765,33.2590893548769));
#2364=CARTESIAN_POINT('',(-22.5,-290.314428480851,30.1834985041614));
#2365=CARTESIAN_POINT('',(-17.5,-285.990994141306,32.745409760538));
#2366=CARTESIAN_POINT('',(-22.5,-285.990994141306,32.745409760538));
#2367=CARTESIAN_POINT('',(-22.5,-290.138907779622,29.9455791761683));
#2368=CARTESIAN_POINT('',(-17.5,-285.620577266238,32.1579742612918));
#2369=CARTESIAN_POINT('',(-22.5,-285.620577266238,32.1579742612918));
#2370=CARTESIAN_POINT('',(-22.5,-289.942405423155,29.6359547758749));
#2371=CARTESIAN_POINT('',(-17.5,-285.262006640373,31.4930347264636));
#2372=CARTESIAN_POINT('',(-22.5,-285.262006640373,31.4930347264636));
#2373=CARTESIAN_POINT('',(-22.5,-289.734567474733,29.2513925704533));
#2374=CARTESIAN_POINT('',(-17.5,-284.961871120395,30.8487544649005));
#2375=CARTESIAN_POINT('',(-22.5,-284.961871120395,30.8487544649005));
#2376=CARTESIAN_POINT('',(-22.5,-289.549801151588,28.8555059698549));
#2377=CARTESIAN_POINT('',(-17.5,-284.619638999224,30.0028522833117));
#2378=CARTESIAN_POINT('',(-22.5,-284.619638999224,30.0028522833117));
#2379=CARTESIAN_POINT('',(-22.5,-289.330734276653,28.3147072134335));
#2380=CARTESIAN_POINT('',(-17.5,-284.278192175183,28.9482032368111));
#2381=CARTESIAN_POINT('',(-22.5,-284.278192175183,28.9482032368111));
#2382=CARTESIAN_POINT('',(-22.5,-289.103634587896,27.6147375014374));
#2383=CARTESIAN_POINT('',(-17.5,-283.98672328756,27.6798225558515));
#2384=CARTESIAN_POINT('',(-22.5,-283.98672328756,27.6798225558515));
#2385=CARTESIAN_POINT('',(-22.5,-288.908442206356,26.7657214551661));
#2386=CARTESIAN_POINT('',(-17.5,-283.745141510679,25.9940966854307));
#2387=CARTESIAN_POINT('',(-22.5,-283.745141510679,25.9940966854307));
#2388=CARTESIAN_POINT('',(-22.5,-288.743772683741,25.6200324244396));
#2389=CARTESIAN_POINT('',(-17.5,-283.700707275139,23.8822533238661));
#2390=CARTESIAN_POINT('',(-22.5,-283.700707275139,23.8822533238661));
#2391=CARTESIAN_POINT('',(-22.5,-288.711279878228,24.1500302897839));
#2392=CARTESIAN_POINT('',(-17.5,-284.00415772861,21.4612424785386));
#2393=CARTESIAN_POINT('',(-22.5,-284.00415772861,21.4612424785386));
#2394=CARTESIAN_POINT('',(-22.5,-288.926578075813,22.4226836479748));
#2395=CARTESIAN_POINT('',(-17.5,-284.530410136567,19.4888797435686));
#2396=CARTESIAN_POINT('',(-22.5,-284.530410136567,19.4888797435686));
#2397=CARTESIAN_POINT('',(-22.5,-289.30524447889,21.0052815015142));
#2398=CARTESIAN_POINT('',(-17.5,-285.121727132385,17.9524109254179));
#2399=CARTESIAN_POINT('',(-22.5,-285.121727132385,17.9524109254179));
#2400=CARTESIAN_POINT('',(-22.5,-289.723515160985,19.9193599881339));
#2401=CARTESIAN_POINT('',(-17.5,-285.658866234627,16.8146277642605));
#2402=CARTESIAN_POINT('',(-22.5,-285.658866234627,16.8146277642605));
#2403=CARTESIAN_POINT('',(-22.5,-290.095151536812,19.1338334482538));
#2404=CARTESIAN_POINT('',(-17.5,-286.211499787613,15.8618755762101));
#2405=CARTESIAN_POINT('',(-22.5,-286.211499787613,15.8618755762101));
#2406=CARTESIAN_POINT('',(-22.5,-290.459714603371,18.5064402584991));
#2407=CARTESIAN_POINT('',(-17.5,-286.740894816486,15.0798381544337));
#2408=CARTESIAN_POINT('',(-22.5,-286.740894816486,15.0798381544337));
#2409=CARTESIAN_POINT('',(-22.5,-290.789597086478,18.0212262680943));
#2410=CARTESIAN_POINT('',(-17.5,-287.070964918947,14.6684268634426));
#2411=CARTESIAN_POINT('',(-22.5,-287.070964918947,14.6684268634426));
#2412=CARTESIAN_POINT('',(-22.5,-290.974013819341,17.7915149336178));
#2413=CARTESIAN_POINT('',(-17.5,-287.235999970177,14.462721217947));
#2414=CARTESIAN_POINT('',(-22.5,-287.235999970177,14.462721217947));
#2415=CARTESIAN_POINT('',(-22.5,-291.066222185772,17.6766592663796));
#2416=CARTESIAN_POINT('',(-17.5,-291.066222185772,17.6766592663799));
#2417=CARTESIAN_POINT('',(-17.5,-270.,4.28394992323241E-15));
#2418=CARTESIAN_POINT('',(-17.5,-282.5,-35.3553390593273));
#2419=CARTESIAN_POINT('',(-17.5,-270.,3.72436959667917E-14));
#2420=CARTESIAN_POINT('',(-17.5,-242.5,-2.69862585351496E-14));
#2421=CARTESIAN_POINT('',(-22.5,-282.5,-35.3553390593273));
#2422=CARTESIAN_POINT('',(-22.5,-284.166666666667,-40.0693842672377));
#2423=CARTESIAN_POINT('',(-17.5,-284.166666666667,-40.0693842672377));
#2424=CARTESIAN_POINT('',(-22.5,-278.097985421786,-36.9116862395878));
#2425=CARTESIAN_POINT('',(-22.5000000000458,-279.531050398146,-41.7083221175436));
#2426=CARTESIAN_POINT('',(-17.5000000000243,-279.531050397343,-41.7083221167463));
#2427=CARTESIAN_POINT('',(-22.5,-271.400545026404,-38.7403015656116));
#2428=CARTESIAN_POINT('',(-22.4999999999897,-272.404549661192,-43.6621164566748));
#2429=CARTESIAN_POINT('',(-17.4999999999945,-272.404549661372,-43.6621164568536));
#2430=CARTESIAN_POINT('',(-22.5,-262.095262855719,-39.7355937535577));
#2431=CARTESIAN_POINT('',(-22.5000000000019,-262.332884200713,-44.7422806437195));
#2432=CARTESIAN_POINT('',(-17.500000000001,-262.332884200679,-44.7422806436873));
#2433=CARTESIAN_POINT('',(-22.5,-255.108593007404,-39.6417243015971));
#2434=CARTESIAN_POINT('',(-22.4999999999995,-254.742373927308,-44.6394145246772));
#2435=CARTESIAN_POINT('',(-17.4999999999997,-254.742373927316,-44.6394145246799));
#2436=CARTESIAN_POINT('',(-22.5,-248.171062304842,-38.7600062204474));
#2437=CARTESIAN_POINT('',(-22.5000000000001,-247.304963278473,-43.6894338014793));
#2438=CARTESIAN_POINT('',(-17.5000000000001,-247.304963278472,-43.6894338015007));
#2439=CARTESIAN_POINT('',(-22.5,-241.299218209787,-37.3417478756838));
#2440=CARTESIAN_POINT('',(-22.5,-240.199349065855,-42.2184125534058));
#2441=CARTESIAN_POINT('',(-17.5,-240.199349065848,-42.2184125533177));
#2442=CARTESIAN_POINT('',(-22.5,-234.446789304818,-35.855252705572));
#2443=CARTESIAN_POINT('',(-22.5,-233.498307947464,-40.7685360168422));
#2444=CARTESIAN_POINT('',(-17.5,-233.49830794749,-40.7685360171734));
#2445=CARTESIAN_POINT('',(-22.5,-229.820246094647,-35.2142762155554));
#2446=CARTESIAN_POINT('',(-22.5,-229.266168601406,-40.1901279586492));
#2447=CARTESIAN_POINT('',(-17.5,-229.266168601351,-40.1901279579353));
#2448=CARTESIAN_POINT('',(-22.5,-227.501999073513,-35.076128875071));
#2449=CARTESIAN_POINT('',(-22.5,-227.20457023945,-40.0672746441974));
#2450=CARTESIAN_POINT('',(-17.5,-227.20457023945,-40.0672746441974));
#2451=CARTESIAN_POINT('',(-17.5,-227.5,-40.0859638896245));
#2452=CARTESIAN_POINT('',(-18.2789904270499,-227.5,-40.0859638896245));
#2453=CARTESIAN_POINT('',(-19.7843073628032,-227.877650496229,-39.7311337886729));
#2454=CARTESIAN_POINT('',(-21.3825697907543,-229.163441000841,-38.5511524409387));
#2455=CARTESIAN_POINT('',(-22.2949096723146,-230.750302571447,-37.1364334158791));
#2456=CARTESIAN_POINT('',(-22.5,-231.9191152352,-36.121400292195));
#2457=CARTESIAN_POINT('',(-22.5,-232.5,-35.6224438830437));
#2458=CARTESIAN_POINT('',(-17.5,-247.5,-1.53080849893419E-14));
#2459=CARTESIAN_POINT('',(-22.5,-247.5,-1.53080849893419E-14));
#2460=CARTESIAN_POINT('',(-22.5,-242.5,-1.53080849893419E-14));
#2461=CARTESIAN_POINT('',(-17.5000000000179,-247.5,3.63957746971981));
#2462=CARTESIAN_POINT('',(-22.4999999999916,-247.499999999662,3.6395774697198));
#2463=CARTESIAN_POINT('',(-22.5,-242.500000000143,3.44014856737373));
#2464=CARTESIAN_POINT('',(-17.499999999996,-247.179927473505,9.08866271262331));
#2465=CARTESIAN_POINT('',(-22.500000000002,-247.179927473581,9.08866271262316));
#2466=CARTESIAN_POINT('',(-22.5,-242.196105685532,8.56255959085957));
#2467=CARTESIAN_POINT('',(-17.5000000000008,-245.918371240908,16.3446864642615));
#2468=CARTESIAN_POINT('',(-22.4999999999996,-245.918371240893,16.3446864642617));
#2469=CARTESIAN_POINT('',(-22.5,-241.027161954632,15.2744962088853));
#2470=CARTESIAN_POINT('',(-17.4999999999998,-244.430048024061,21.8450705942056));
#2471=CARTESIAN_POINT('',(-22.5000000000001,-244.430048024065,21.8450705942047));
#2472=CARTESIAN_POINT('',(-22.5,-239.670322019867,20.2783330504753));
#2473=CARTESIAN_POINT('',(-17.5000000000001,-242.279580630463,27.2357780584519));
#2474=CARTESIAN_POINT('',(-22.5,-242.279580630462,27.2357780584553));
#2475=CARTESIAN_POINT('',(-22.5,-237.759443652908,25.055394705181));
#2476=CARTESIAN_POINT('',(-17.5,-239.675032132222,31.6496538140023));
#2477=CARTESIAN_POINT('',(-22.5,-239.675032132221,31.6496538139923));
#2478=CARTESIAN_POINT('',(-22.5,-235.539605345608,28.7900626857059));
#2479=CARTESIAN_POINT('',(-17.5,-236.842684426287,34.9402662497641));
#2480=CARTESIAN_POINT('',(-22.5,-236.842684426289,34.9402662497814));
#2481=CARTESIAN_POINT('',(-22.5,-233.283748420413,31.4005733443858));
#2482=CARTESIAN_POINT('',(-17.5,-234.620674254462,36.8362493365165));
#2483=CARTESIAN_POINT('',(-22.5,-234.620674254455,36.8362493364644));
#2484=CARTESIAN_POINT('',(-22.5,-231.618721684057,32.8129790365113));
#2485=CARTESIAN_POINT('',(-17.5,-232.563217601255,38.1123814885525));
#2486=CARTESIAN_POINT('',(-22.5,-232.563217601268,38.1123814886428));
#2487=CARTESIAN_POINT('',(-22.5,-230.15970580262,33.7159596334791));
#2488=CARTESIAN_POINT('',(-17.5,-230.265054511661,39.2023971865543));
#2489=CARTESIAN_POINT('',(-22.5,-230.265054511589,39.2023971860647));
#2490=CARTESIAN_POINT('',(-22.5,-228.580275565935,34.4631700184987));
#2491=CARTESIAN_POINT('',(-17.5,-228.392314055511,39.6916921061684));
#2492=CARTESIAN_POINT('',(-22.5,-228.392314055831,39.6916921083454));
#2493=CARTESIAN_POINT('',(-22.5,-227.330125665566,34.7892611895434));
#2494=CARTESIAN_POINT('',(-17.5,-227.142395259074,39.8589495280539));
#2495=CARTESIAN_POINT('',(-22.5,-227.142395259074,39.8589495280539));
#2496=CARTESIAN_POINT('',(-22.5,-226.479233170637,34.9031230536443));
#2497=CARTESIAN_POINT('',(-17.5,-227.5,39.8068800698204));
#2498=CARTESIAN_POINT('',(-18.4813987931425,-227.5,39.8068800698204));
#2499=CARTESIAN_POINT('',(-20.3157305080311,-228.121977183787,39.0914836592408));
#2500=CARTESIAN_POINT('',(-21.77125575001,-229.697124594984,37.0428299766828));
#2501=CARTESIAN_POINT('',(-22.4073367832637,-231.220657962888,34.6482721005));
#2502=CARTESIAN_POINT('',(-22.4999999999998,-232.101203093043,32.9168223486531));
#2503=CARTESIAN_POINT('',(-22.5,-232.5,32.0393905980102));
#2504=CARTESIAN_POINT('',(-17.5,-232.5,-4.01650429449548));
#2505=CARTESIAN_POINT('',(-15.,-215.,-2.01038469947413E-14));
#2506=CARTESIAN_POINT('',(-25.,-215.,-20.));
#2507=CARTESIAN_POINT('',(-19.,-215.,-20.));
#2508=CARTESIAN_POINT('',(-25.,-215.,20.));
#2509=CARTESIAN_POINT('',(-19.,-215.,20.));
#2510=CARTESIAN_POINT('',(-35.,-215.,-2.01038469947413E-14));
#2511=CARTESIAN_POINT('',(-35.,-215.,42.5));
#2512=CARTESIAN_POINT('',(-35.,-215.,-42.5));
#2513=CARTESIAN_POINT('',(-15.,-215.,42.5));
#2514=CARTESIAN_POINT('',(-15.,-215.,-42.5));
#2515=CARTESIAN_POINT('',(-25.,-225.,-20.));
#2516=CARTESIAN_POINT('',(-25.,-225.,-20.));
#2517=CARTESIAN_POINT('',(-19.,-225.,-20.));
#2518=CARTESIAN_POINT('',(-25.,-225.,20.));
#2519=CARTESIAN_POINT('',(-25.,-225.,20.));
#2520=CARTESIAN_POINT('',(-19.,-225.,20.));
#2521=CARTESIAN_POINT('',(-15.,-220.,-42.5));
#2522=CARTESIAN_POINT('',(-35.,-220.,-42.5));
#2523=CARTESIAN_POINT('',(-15.,-220.,42.5));
#2524=CARTESIAN_POINT('',(-35.,-220.,42.5));
#2525=CARTESIAN_POINT('',(-35.,-157.450159456818,-4.01650429449548));
#2526=CARTESIAN_POINT('',(-35.,-227.5,39.8068800698204));
#2527=CARTESIAN_POINT('',(-35.,-228.502519383187,39.6490176821804));
#2528=CARTESIAN_POINT('',(-35.,-230.438134692097,39.1454276436645));
#2529=CARTESIAN_POINT('',(-35.,-234.092456634329,37.3854051113231));
#2530=CARTESIAN_POINT('',(-35.,-237.931376603776,34.0287038557151));
#2531=CARTESIAN_POINT('',(-35.,-241.332523572812,29.0797267315486));
#2532=CARTESIAN_POINT('',(-35.,-243.838748486908,23.5696010584968));
#2533=CARTESIAN_POINT('',(-35.,-245.573329228566,17.8805467371907));
#2534=CARTESIAN_POINT('',(-35.,-247.113876379916,10.0004223046714));
#2535=CARTESIAN_POINT('',(-35.,-247.5,4.01006576715102));
#2536=CARTESIAN_POINT('',(-35.,-247.5,-1.53080849893419E-14));
#2537=CARTESIAN_POINT('',(-35.,-227.5,39.8068800698204));
#2538=CARTESIAN_POINT('',(-35.,-247.5,-1.53080849893419E-14));
#2539=CARTESIAN_POINT('',(-35.,-270.,3.72436959667917E-14));
#2540=CARTESIAN_POINT('',(-35.,-287.235999970177,14.4627212179471));
#2541=CARTESIAN_POINT('',(-35.,-302.556888832557,27.3184734116779));
#2542=CARTESIAN_POINT('',(-35.,-301.483250723137,28.5979854857247));
#2543=CARTESIAN_POINT('',(-35.,-299.798765369687,30.4405997879809));
#2544=CARTESIAN_POINT('',(-35.,-297.31821295521,32.6364486033512));
#2545=CARTESIAN_POINT('',(-35.,-295.271727457081,34.109544486057));
#2546=CARTESIAN_POINT('',(-35.,-293.025209892222,35.2608225230246));
#2547=CARTESIAN_POINT('',(-35.,-290.928932997658,35.7145218115381));
#2548=CARTESIAN_POINT('',(-35.,-289.251925219372,35.4555577716201));
#2549=CARTESIAN_POINT('',(-35.,-287.711238983773,34.7384080840624));
#2550=CARTESIAN_POINT('',(-35.,-286.203869824193,33.2218402259234));
#2551=CARTESIAN_POINT('',(-35.,-284.965258878895,31.0335854462107));
#2552=CARTESIAN_POINT('',(-35.,-284.145306380167,28.6393960044978));
#2553=CARTESIAN_POINT('',(-35.,-283.735314462662,26.1885535778422));
#2554=CARTESIAN_POINT('',(-35.,-283.712924822571,23.6606144179429));
#2555=CARTESIAN_POINT('',(-35.,-284.054042251694,21.1931695539645));
#2556=CARTESIAN_POINT('',(-35.,-284.986032997306,17.9593815167134));
#2557=CARTESIAN_POINT('',(-35.,-286.149679625637,15.7573473912607));
#2558=CARTESIAN_POINT('',(-35.,-287.235999970177,14.4627212179471));
#2559=CARTESIAN_POINT('',(-35.,-302.556888832557,27.3184734116779));
#2560=CARTESIAN_POINT('',(-35.,-270.,4.28394992323241E-15));
#2561=CARTESIAN_POINT('',(-35.,-284.166666666667,-40.0693842672377));
#2562=CARTESIAN_POINT('',(-35.,-227.5,-40.0859638896245));
#2563=CARTESIAN_POINT('',(-35.,-232.329897725424,-40.4091011694525));
#2564=CARTESIAN_POINT('',(-35.,-239.353970263596,-42.10935862135));
#2565=CARTESIAN_POINT('',(-35.,-248.821597134303,-43.9362035470359));
#2566=CARTESIAN_POINT('',(-35.,-255.964499819167,-44.7017643015468));
#2567=CARTESIAN_POINT('',(-35.,-263.097295475063,-44.6837021233693));
#2568=CARTESIAN_POINT('',(-35.,-270.275207196783,-43.8582106008833));
#2569=CARTESIAN_POINT('',(-35.,-277.314514518036,-42.3067603089003));
#2570=CARTESIAN_POINT('',(-35.,-281.896383728961,-40.8720504974696));
#2571=CARTESIAN_POINT('',(-35.,-284.166666666667,-40.0693842672377));
#2572=CARTESIAN_POINT('',(-35.,-227.5,-40.0859638896245));
#2573=CARTESIAN_POINT('',(-35.,-227.5,11.5929000552627));
#2574=CARTESIAN_POINT('',(-35.,-227.5,39.8068800698204));
#2575=CARTESIAN_POINT('',(-32.5,-227.5,39.8068800698204));
#2576=CARTESIAN_POINT('',(-35.,-230.382014263979,39.3530617591181));
#2577=CARTESIAN_POINT('',(-32.5,-230.382014263979,39.3530617591181));
#2578=CARTESIAN_POINT('',(-35.,-235.624731059072,36.9063435088385));
#2579=CARTESIAN_POINT('',(-32.5,-235.624731059072,36.9063435088385));
#2580=CARTESIAN_POINT('',(-35.,-242.103965030676,28.6474973101646));
#2581=CARTESIAN_POINT('',(-32.5,-242.103965030676,28.6474973101646));
#2582=CARTESIAN_POINT('',(-35.,-246.436410418489,16.2075985610089));
#2583=CARTESIAN_POINT('',(-32.5,-246.436410418489,16.2075985610089));
#2584=CARTESIAN_POINT('',(-35.,-247.5,5.68386535269096));
#2585=CARTESIAN_POINT('',(-32.5,-247.5,5.68386535269096));
#2586=CARTESIAN_POINT('',(-35.,-247.5,-1.53080849893419E-14));
#2587=CARTESIAN_POINT('',(-32.5,-247.5,-1.53080849893419E-14));
#2588=CARTESIAN_POINT('',(-35.,-247.5,-4.33442606240719E-14));
#2589=CARTESIAN_POINT('',(-32.5,-247.5,-4.33442606240719E-14));
#2590=CARTESIAN_POINT('',(-35.,-227.5,39.8068800698204));
#2591=CARTESIAN_POINT('',(-32.5,-227.5,39.8068800698204));
#2592=CARTESIAN_POINT('',(-32.5,-247.5,-1.53080849893419E-14));
#2593=CARTESIAN_POINT('',(-32.5,-247.5,4.0086948484908));
#2594=CARTESIAN_POINT('',(-32.5,-247.111102648516,9.97097720416741));
#2595=CARTESIAN_POINT('',(-32.5,-245.601386897291,17.7744537059508));
#2596=CARTESIAN_POINT('',(-32.5,-243.840084893863,23.5665430949583));
#2597=CARTESIAN_POINT('',(-32.5,-241.367537897303,29.0168622082486));
#2598=CARTESIAN_POINT('',(-32.5,-237.931348324469,34.0329850089381));
#2599=CARTESIAN_POINT('',(-32.5,-233.339656876421,38.0464105482726));
#2600=CARTESIAN_POINT('',(-32.5,-229.505225972492,39.4911258160035));
#2601=CARTESIAN_POINT('',(-32.5,-227.5,39.8068800698204));
#2602=CARTESIAN_POINT('',(-35.,-270.,3.72436959667917E-14));
#2603=CARTESIAN_POINT('',(-35.,-287.235999970177,14.4627212179471));
#2604=CARTESIAN_POINT('',(-32.5,-287.235999970177,14.4627212179471));
#2605=CARTESIAN_POINT('',(-32.5,-270.,3.72436959667917E-14));
#2606=CARTESIAN_POINT('',(-35.,-302.556888832557,27.3184734116779));
#2607=CARTESIAN_POINT('',(-32.5,-302.556888832557,27.3184734116779));
#2608=CARTESIAN_POINT('',(-35.,-301.109096042131,29.0438856709992));
#2609=CARTESIAN_POINT('',(-32.5,-301.109096042131,29.0438856709992));
#2610=CARTESIAN_POINT('',(-35.,-298.393033581655,31.863307834791));
#2611=CARTESIAN_POINT('',(-32.5,-298.393033581655,31.863307834791));
#2612=CARTESIAN_POINT('',(-35.,-294.919569243714,34.4132439942734));
#2613=CARTESIAN_POINT('',(-32.5,-294.919569243714,34.4132439942734));
#2614=CARTESIAN_POINT('',(-35.,-292.141560465856,35.5496838235174));
#2615=CARTESIAN_POINT('',(-32.5,-292.141560465856,35.5496838235174));
#2616=CARTESIAN_POINT('',(-35.,-290.095912199737,35.6782353899706));
#2617=CARTESIAN_POINT('',(-32.5,-290.095912199737,35.6782353899706));
#2618=CARTESIAN_POINT('',(-35.,-288.501745182296,35.1965049142386));
#2619=CARTESIAN_POINT('',(-32.5,-288.501745182296,35.1965049142386));
#2620=CARTESIAN_POINT('',(-35.,-287.040756112268,34.136183408984));
#2621=CARTESIAN_POINT('',(-32.5,-287.040756112268,34.136183408984));
#2622=CARTESIAN_POINT('',(-35.,-285.742314645728,32.4889676851477));
#2623=CARTESIAN_POINT('',(-32.5,-285.742314645728,32.4889676851477));
#2624=CARTESIAN_POINT('',(-35.,-284.719742342372,30.4165519038574));
#2625=CARTESIAN_POINT('',(-32.5,-284.719742342372,30.4165519038574));
#2626=CARTESIAN_POINT('',(-35.,-284.047126893694,28.1774132342874));
#2627=CARTESIAN_POINT('',(-32.5,-284.047126893694,28.1774132342874));
#2628=CARTESIAN_POINT('',(-35.,-283.620902041046,25.1793052940015));
#2629=CARTESIAN_POINT('',(-32.5,-283.620902041046,25.1793052940015));
#2630=CARTESIAN_POINT('',(-35.,-283.880613702505,21.4455372977502));
#2631=CARTESIAN_POINT('',(-32.5,-283.880613702505,21.4455372977502));
#2632=CARTESIAN_POINT('',(-35.,-285.206169778873,17.3997510860875));
#2633=CARTESIAN_POINT('',(-32.5,-285.206169778873,17.3997510860875));
#2634=CARTESIAN_POINT('',(-35.,-286.539164473083,15.2931774250556));
#2635=CARTESIAN_POINT('',(-32.5,-286.539164473083,15.2931774250556));
#2636=CARTESIAN_POINT('',(-35.,-287.235999970177,14.462721217947));
#2637=CARTESIAN_POINT('',(-32.5,-287.235999970177,14.462721217947));
#2638=CARTESIAN_POINT('',(-35.,-302.556888832557,27.3184734116779));
#2639=CARTESIAN_POINT('',(-32.5,-302.556888832557,27.3184734116779));
#2640=CARTESIAN_POINT('',(-32.5,-287.598293139171,34.5067113440065));
#2641=CARTESIAN_POINT('',(-32.5,-286.870914852626,33.9328342874495));
#2642=CARTESIAN_POINT('',(-32.5,-285.705261861244,32.4975789376237));
#2643=CARTESIAN_POINT('',(-32.5,-284.156417484968,29.1801172256055));
#2644=CARTESIAN_POINT('',(-32.5,-283.437588480215,24.5923659751267));
#2645=CARTESIAN_POINT('',(-32.5,-284.225814092339,20.0488358967164));
#2646=CARTESIAN_POINT('',(-32.5,-285.656868164479,16.6895950485823));
#2647=CARTESIAN_POINT('',(-32.5,-286.642445894558,15.1700914199645));
#2648=CARTESIAN_POINT('',(-32.5,-287.235999970177,14.4627212179471));
#2649=CARTESIAN_POINT('',(-32.5,-287.598293139171,34.5067113440065));
#2650=CARTESIAN_POINT('',(-32.5000000001433,-287.598293139171,34.5067113440065));
#2651=CARTESIAN_POINT('',(-32.5000000001433,-288.130810604727,34.9268497525231));
#2652=CARTESIAN_POINT('',(-32.5000000001433,-289.236655781461,35.5180760321664));
#2653=CARTESIAN_POINT('',(-32.5000000001433,-290.549699873798,35.6536008482363));
#2654=CARTESIAN_POINT('',(-32.5000000001433,-291.341477433424,35.5588308344999));
#2655=CARTESIAN_POINT('',(-32.5000000001433,-291.341477433424,35.5588308344999));
#2656=CARTESIAN_POINT('',(-32.5,-302.556888832557,27.3184734116779));
#2657=CARTESIAN_POINT('',(-32.5,-301.802551315389,28.2174578577908));
#2658=CARTESIAN_POINT('',(-32.5,-300.22023799639,29.9890665274356));
#2659=CARTESIAN_POINT('',(-32.5,-297.668487970224,32.3968954539554));
#2660=CARTESIAN_POINT('',(-32.5,-294.774149430348,34.4875712757932));
#2661=CARTESIAN_POINT('',(-32.5,-292.53798484309,35.4156176021078));
#2662=CARTESIAN_POINT('',(-32.5,-291.341477433424,35.5588308344999));
#2663=CARTESIAN_POINT('',(-35.,-270.,4.28394992323241E-15));
#2664=CARTESIAN_POINT('',(-35.,-284.166666666667,-40.0693842672377));
#2665=CARTESIAN_POINT('',(-32.5,-284.166666666667,-40.0693842672377));
#2666=CARTESIAN_POINT('',(-32.5,-270.,4.28394992323241E-15));
#2667=CARTESIAN_POINT('',(-35.,-227.5,-40.0859638896245));
#2668=CARTESIAN_POINT('',(-32.5,-227.5,-40.0859638896245));
#2669=CARTESIAN_POINT('',(-35.,-231.295960255409,-40.3399270873981));
#2670=CARTESIAN_POINT('',(-32.5,-231.295960255409,-40.3399270873981));
#2671=CARTESIAN_POINT('',(-35.,-238.731651550045,-41.8761615912927));
#2672=CARTESIAN_POINT('',(-32.5,-238.731651550045,-41.8761615912927));
#2673=CARTESIAN_POINT('',(-35.,-250.762203703111,-44.4879529432911));
#2674=CARTESIAN_POINT('',(-32.5,-250.762203703111,-44.4879529432911));
#2675=CARTESIAN_POINT('',(-35.,-265.106344604054,-45.0766167640107));
#2676=CARTESIAN_POINT('',(-32.5,-265.106344604054,-45.0766167640107));
#2677=CARTESIAN_POINT('',(-35.,-277.229951792155,-42.5218833307001));
#2678=CARTESIAN_POINT('',(-32.5,-277.229951792155,-42.5218833307001));
#2679=CARTESIAN_POINT('',(-35.,-284.166666666667,-40.0693842672377));
#2680=CARTESIAN_POINT('',(-32.5,-284.166666666667,-40.0693842672377));
#2681=CARTESIAN_POINT('',(-35.,-227.5,-40.0859638896245));
#2682=CARTESIAN_POINT('',(-32.5,-227.5,-40.0859638896245));
#2683=CARTESIAN_POINT('',(-32.5,-227.5,-40.0859638896245));
#2684=CARTESIAN_POINT('',(-32.5,-229.903633119712,-40.2467754662175));
#2685=CARTESIAN_POINT('',(-32.5,-234.664374534984,-40.9907680751907));
#2686=CARTESIAN_POINT('',(-32.5,-241.71086628374,-42.5595788336099));
#2687=CARTESIAN_POINT('',(-32.5,-248.812703108997,-43.9356359602028));
#2688=CARTESIAN_POINT('',(-32.5,-255.961186025417,-44.7031767478615));
#2689=CARTESIAN_POINT('',(-32.5,-263.172391825299,-44.6813727587861));
#2690=CARTESIAN_POINT('',(-32.5,-272.730704830865,-43.5657050516809));
#2691=CARTESIAN_POINT('',(-32.5,-279.631402443979,-41.6728423104054));
#2692=CARTESIAN_POINT('',(-32.5,-284.166666666667,-40.0693842672377));
#2693=CARTESIAN_POINT('',(-27.5,-157.450159456818,-4.01650429449548));
#2694=CARTESIAN_POINT('',(-27.5,-290.716366973624,30.5975133598595));
#2695=CARTESIAN_POINT('',(-27.5,-290.93881623517,30.5776431885243));
#2696=CARTESIAN_POINT('',(-27.5,-291.362616265508,30.4395694700943));
#2697=CARTESIAN_POINT('',(-27.5,-292.151277265732,30.0897013386961));
#2698=CARTESIAN_POINT('',(-27.5,-293.082065035423,29.5243492652072));
#2699=CARTESIAN_POINT('',(-27.5,-294.13578564397,28.7443734899932));
#2700=CARTESIAN_POINT('',(-27.5,-295.464286800777,27.6134711909519));
#2701=CARTESIAN_POINT('',(-27.5,-297.013587846114,26.0785350965815));
#2702=CARTESIAN_POINT('',(-27.5,-298.165978999377,24.7727368458241));
#2703=CARTESIAN_POINT('',(-27.5,-298.726666616961,24.1045353632452));
#2704=CARTESIAN_POINT('',(-27.5,-290.716366973624,30.5975133598595));
#2705=CARTESIAN_POINT('',(-27.5,-298.726666616962,24.1045353632452));
#2706=CARTESIAN_POINT('',(-27.5,-291.066222185772,17.6766592663799));
#2707=CARTESIAN_POINT('',(-27.5,-290.689669357683,18.1254174520559));
#2708=CARTESIAN_POINT('',(-27.5,-290.068983270559,19.1114660230024));
#2709=CARTESIAN_POINT('',(-27.5,-289.161953855013,21.2353014628192));
#2710=CARTESIAN_POINT('',(-27.5,-288.703773282386,23.5283390842048));
#2711=CARTESIAN_POINT('',(-27.5,-288.745431429281,25.8611741371534));
#2712=CARTESIAN_POINT('',(-27.5,-289.052221186742,27.5601467828541));
#2713=CARTESIAN_POINT('',(-27.5,-289.54734833055,28.9415191546152));
#2714=CARTESIAN_POINT('',(-27.5,-290.12279331714,29.9470228915971));
#2715=CARTESIAN_POINT('',(-27.5,-290.478036112461,30.4198474308582));
#2716=CARTESIAN_POINT('',(-27.5,-290.716366973624,30.5975133598595));
#2717=CARTESIAN_POINT('',(-27.5,-291.066222185772,17.6766592663799));
#2718=CARTESIAN_POINT('',(-27.5,-270.,3.72436959667917E-14));
#2719=CARTESIAN_POINT('',(-27.5,-242.5,-4.33442606240721E-14));
#2720=CARTESIAN_POINT('',(-27.5,-232.5,32.0393905980102));
#2721=CARTESIAN_POINT('',(-27.5,-233.596456359463,31.0814069653827));
#2722=CARTESIAN_POINT('',(-27.5,-235.487264971616,28.8893401660369));
#2723=CARTESIAN_POINT('',(-27.5,-237.679046701033,25.1292454400133));
#2724=CARTESIAN_POINT('',(-27.5,-239.335179488363,21.1653342184467));
#2725=CARTESIAN_POINT('',(-27.5,-241.011208172324,15.6190857347113));
#2726=CARTESIAN_POINT('',(-27.5,-242.212491409444,8.59698798322766));
#2727=CARTESIAN_POINT('',(-27.5,-242.5,2.87787712537392));
#2728=CARTESIAN_POINT('',(-27.5,-242.5,-4.1251140337523E-14));
#2729=CARTESIAN_POINT('',(-27.5,-232.5,32.0393905980102));
#2730=CARTESIAN_POINT('',(-27.5,-232.5,-4.01650429449548));
#2731=CARTESIAN_POINT('',(-27.5,-232.5,-35.6224438830436));
#2732=CARTESIAN_POINT('',(-27.5,-282.5,-35.3553390593274));
#2733=CARTESIAN_POINT('',(-27.5,-278.494623807286,-36.7714533928629));
#2734=CARTESIAN_POINT('',(-27.5,-272.401282803504,-38.4753244199437));
#2735=CARTESIAN_POINT('',(-27.5,-264.00134538517,-39.5899796920665));
#2736=CARTESIAN_POINT('',(-27.5,-257.614480973761,-39.7484648536168));
#2737=CARTESIAN_POINT('',(-27.5,-251.297968995253,-39.2247364611229));
#2738=CARTESIAN_POINT('',(-27.5,-242.905151860938,-37.7801506161817));
#2739=CARTESIAN_POINT('',(-27.5,-236.706565489183,-36.2647327184412));
#2740=CARTESIAN_POINT('',(-27.5,-232.5,-35.6224438830436));
#2741=CARTESIAN_POINT('',(-27.5,-282.5,-35.3553390593274));
#2742=CARTESIAN_POINT('',(-27.5,-270.,4.28394992323241E-15));
#2743=CARTESIAN_POINT('',(-25.25,-227.5,11.5929000552627));
#2744=CARTESIAN_POINT('',(-32.5,-227.5,11.5929000552627));
#2745=CARTESIAN_POINT('',(-32.5000000001433,-291.341477433424,35.5588308344999));
#2746=CARTESIAN_POINT('',(-32.5000000001433,-291.143533043517,35.582523337934));
#2747=CARTESIAN_POINT('',(-32.5000000001433,-290.953873912666,35.595595282075));
#2748=CARTESIAN_POINT('',(-32.5000000001433,-290.588820325589,35.6028868544016));
#2749=CARTESIAN_POINT('',(-32.5000000001433,-290.413425869363,35.5971064825873));
#2750=CARTESIAN_POINT('',(-32.5000000001433,-289.905180747387,35.5550700971587));
#2751=CARTESIAN_POINT('',(-32.5000000001433,-289.589990747876,35.4941783621038));
#2752=CARTESIAN_POINT('',(-32.5000000001433,-288.986920272847,35.3141229704422));
#2753=CARTESIAN_POINT('',(-32.5000000001433,-288.698790272209,35.1946994975357));
#2754=CARTESIAN_POINT('',(-32.5000000001433,-288.277830513608,34.9707597562333));
#2755=CARTESIAN_POINT('',(-32.5000000001433,-288.139430873309,34.8886033091326));
#2756=CARTESIAN_POINT('',(-32.5000000001433,-287.866226869286,34.7090964040838));
#2757=CARTESIAN_POINT('',(-32.5000000001433,-287.73142250556,34.6117459461356));
#2758=CARTESIAN_POINT('',(-32.5000000001433,-287.598293139171,34.5067113440065));
#2759=CARTESIAN_POINT('',(-32.1698556321396,-291.341477433424,35.5588308344999));
#2760=CARTESIAN_POINT('',(-32.169937386056,-291.14410338613,35.5824550722072));
#2761=CARTESIAN_POINT('',(-32.1698560371755,-290.953873912665,35.595595282075));
#2762=CARTESIAN_POINT('',(-32.1698564422115,-290.588820325591,35.6028868544015));
#2763=CARTESIAN_POINT('',(-32.1698566447295,-290.413425869365,35.5971064825873));
#2764=CARTESIAN_POINT('',(-32.1698572522834,-289.90518074739,35.5550700971586));
#2765=CARTESIAN_POINT('',(-32.1698576573194,-289.589990747879,35.4941783621038));
#2766=CARTESIAN_POINT('',(-32.1698584673913,-288.986920272849,35.3141229704422));
#2767=CARTESIAN_POINT('',(-32.1698588724272,-288.69879027221,35.1946994975357));
#2768=CARTESIAN_POINT('',(-32.1698594799812,-288.277830513608,34.9707597562333));
#2769=CARTESIAN_POINT('',(-32.1698596824992,-288.139430873309,34.8886033091326));
#2770=CARTESIAN_POINT('',(-32.1698600875352,-287.866226869286,34.7090964040838));
#2771=CARTESIAN_POINT('',(-32.1699199969456,-287.73108983274,34.6114834772398));
#2772=CARTESIAN_POINT('',(-32.1698604925711,-287.598293139171,34.5067113440065));
#2773=CARTESIAN_POINT('',(-31.8432825599994,-291.3374290788,35.5267002370596));
#2774=CARTESIAN_POINT('',(-31.8434421012736,-291.142119424568,35.5500894220801));
#2775=CARTESIAN_POINT('',(-31.8433136782277,-290.952938147694,35.5631776176716));
#2776=CARTESIAN_POINT('',(-31.8433375547865,-290.590577300939,35.5703956286549));
#2777=CARTESIAN_POINT('',(-31.8433471394438,-290.41639963148,35.5646449090686));
#2778=CARTESIAN_POINT('',(-31.8433693749602,-289.9115094171,35.5228541582598));
#2779=CARTESIAN_POINT('',(-31.8433755073635,-289.598166422904,35.4623341530867));
#2780=CARTESIAN_POINT('',(-31.8433732824775,-288.998532156342,35.2833928478029));
#2781=CARTESIAN_POINT('',(-31.8433649251881,-288.711995257686,35.1647157910221));
#2782=CARTESIAN_POINT('',(-31.8433436916265,-288.293533300323,34.942244307795));
#2783=CARTESIAN_POINT('',(-31.8433351641681,-288.15598353923,34.8606360488986));
#2784=CARTESIAN_POINT('',(-31.8433155716488,-287.884543853239,34.6823546922355));
#2785=CARTESIAN_POINT('',(-31.8434089936499,-287.750071750906,34.585222273901));
#2786=CARTESIAN_POINT('',(-31.8432923535297,-287.618486281612,34.4813947556522));
#2787=CARTESIAN_POINT('',(-31.358800610833,-291.325327208811,35.4306512618584));
#2788=CARTESIAN_POINT('',(-31.3590648905217,-291.135099475435,35.4534613784133));
#2789=CARTESIAN_POINT('',(-31.3589016500435,-290.949671629625,35.4663195692868));
#2790=CARTESIAN_POINT('',(-31.3589789679276,-290.595114022643,35.4733595679918));
#2791=CARTESIAN_POINT('',(-31.3590099137109,-290.424518302716,35.4677168400744));
#2792=CARTESIAN_POINT('',(-31.3590813571373,-289.929634229126,35.4267208552522));
#2793=CARTESIAN_POINT('',(-31.3591004608563,-289.621987103521,35.3673559729559));
#2794=CARTESIAN_POINT('',(-31.3590909274408,-289.033026911017,35.1918121163268));
#2795=CARTESIAN_POINT('',(-31.3590622903064,-288.751478452257,35.075388041852));
#2796=CARTESIAN_POINT('',(-31.3589905111723,-288.340649934171,34.8572636352988));
#2797=CARTESIAN_POINT('',(-31.3589617808889,-288.205667824704,34.7772674100578));
#2798=CARTESIAN_POINT('',(-31.3588958762126,-287.93947147265,34.6025611282716));
#2799=CARTESIAN_POINT('',(-31.3590121671916,-287.807402156956,34.5071764446424));
#2800=CARTESIAN_POINT('',(-31.3588178872227,-287.678850124464,34.4057152735999));
#2801=CARTESIAN_POINT('',(-31.1986877352338,-291.320282572108,35.3906134672023));
#2802=CARTESIAN_POINT('',(-31.1989849372902,-291.132079700895,35.4131928126962));
#2803=CARTESIAN_POINT('',(-31.1988160418128,-290.948267065423,35.4259491543103));
#2804=CARTESIAN_POINT('',(-31.1989141605929,-290.59693979709,35.4329190605698));
#2805=CARTESIAN_POINT('',(-31.1989534043432,-290.427832215124,35.4273232892567));
#2806=CARTESIAN_POINT('',(-31.1990439113132,-289.937117380623,35.3866646245498));
#2807=CARTESIAN_POINT('',(-31.1990679502519,-289.631860789621,35.3277855674675));
#2808=CARTESIAN_POINT('',(-31.1990552841188,-289.047387285305,35.1536643060634));
#2809=CARTESIAN_POINT('',(-31.1990185790469,-288.767939122635,35.0381813149562));
#2810=CARTESIAN_POINT('',(-31.1989268539849,-288.360307769471,34.821864727998));
#2811=CARTESIAN_POINT('',(-31.1988901677217,-288.226398375902,34.7425378463605));
#2812=CARTESIAN_POINT('',(-31.1988060544698,-287.962384515151,34.5693132382739));
#2813=CARTESIAN_POINT('',(-31.1989253869658,-287.831350903178,34.4746824444008));
#2814=CARTESIAN_POINT('',(-31.1987065710087,-287.704012783018,34.3741682932153));
#2815=CARTESIAN_POINT('',(-30.8859712100361,-291.30836805759,35.29605147715));
#2816=CARTESIAN_POINT('',(-30.8863292771567,-291.124834063719,35.318097732544));
#2817=CARTESIAN_POINT('',(-30.8861584056847,-290.944921190589,35.3305997892832));
#2818=CARTESIAN_POINT('',(-30.8863014968681,-290.601205408427,35.3373977393875));
#2819=CARTESIAN_POINT('',(-30.8863587000427,-290.435606811317,35.3319085631268));
#2820=CARTESIAN_POINT('',(-30.8864905139555,-289.954729293162,35.2920343046771));
#2821=CARTESIAN_POINT('',(-30.8865253290829,-289.655121967337,35.2342954119381));
#2822=CARTESIAN_POINT('',(-30.8865060731247,-289.081257201936,35.0635293436511));
#2823=CARTESIAN_POINT('',(-30.886452002039,-288.806778016402,34.9502712766649));
#2824=CARTESIAN_POINT('',(-30.8863171573132,-288.406710586844,34.7382336268116));
#2825=CARTESIAN_POINT('',(-30.8862632527216,-288.275339092615,34.6604915992416));
#2826=CARTESIAN_POINT('',(-30.8861396852664,-288.016489492711,34.4907760011389));
#2827=CARTESIAN_POINT('',(-30.8862580058219,-287.887963987455,34.3979760636919));
#2828=CARTESIAN_POINT('',(-30.8859935576164,-287.763442354289,34.2996601280631));
#2829=CARTESIAN_POINT('',(-30.5793614066504,-291.29459615566,35.1867479506558));
#2830=CARTESIAN_POINT('',(-30.5797753591636,-291.116350192152,35.2081895679725));
#2831=CARTESIAN_POINT('',(-30.5796118394468,-290.941009431154,35.220387598341));
#2832=CARTESIAN_POINT('',(-30.5798032517552,-290.606066472503,35.2269847780381));
#2833=CARTESIAN_POINT('',(-30.5798797622091,-290.444517089514,35.2216169908247));
#2834=CARTESIAN_POINT('',(-30.5800560066329,-289.975002799058,35.1826445084043));
#2835=CARTESIAN_POINT('',(-30.5801024536644,-289.681936999437,35.1262210528082));
#2836=CARTESIAN_POINT('',(-30.5800761834245,-289.120364465608,34.959333698074));
#2837=CARTESIAN_POINT('',(-30.580003466153,-288.851646707225,34.8486500714791));
#2838=CARTESIAN_POINT('',(-30.5798222176682,-288.460339868224,34.6415622603909));
#2839=CARTESIAN_POINT('',(-30.5797497727436,-288.331906261209,34.5656533659002));
#2840=CARTESIAN_POINT('',(-30.5795836921433,-288.079030728861,34.399995397378));
#2841=CARTESIAN_POINT('',(-30.5796938995301,-287.953453037726,34.3093502381317));
#2842=CARTESIAN_POINT('',(-30.5793872588039,-287.832136553887,34.2135366939021));
#2843=CARTESIAN_POINT('',(-30.2848037299612,-291.277158544189,35.0483507679634));
#2844=CARTESIAN_POINT('',(-30.2852616109293,-291.105353668944,35.0690525482491));
#2845=CARTESIAN_POINT('',(-30.2851188916117,-290.93584425122,35.0808556372823));
#2846=CARTESIAN_POINT('',(-30.2853598645626,-290.61189377554,35.08720545393));
#2847=CARTESIAN_POINT('',(-30.2854562155756,-290.455443151024,35.0819927115664));
#2848=CARTESIAN_POINT('',(-30.2856782091653,-290.000295185534,35.0441678342383));
#2849=CARTESIAN_POINT('',(-30.2857367922928,-289.715581097839,34.9894163854779));
#2850=CARTESIAN_POINT('',(-30.2857036503518,-289.169737689348,34.8274586077073));
#2851=CARTESIAN_POINT('',(-30.2856119252833,-288.908410015575,34.7200457450371));
#2852=CARTESIAN_POINT('',(-30.2853829942852,-288.528274581442,34.5192221456597));
#2853=CARTESIAN_POINT('',(-30.2852914600533,-288.40357673147,34.4456298214371));
#2854=CARTESIAN_POINT('',(-30.2850815084162,-288.158266985212,34.285089676873));
#2855=CARTESIAN_POINT('',(-30.2851734645149,-288.036482937036,34.1972170637814));
#2856=CARTESIAN_POINT('',(-30.2848330143319,-287.919115184921,34.1044896645016));
#2857=CARTESIAN_POINT('',(-29.9963659106706,-291.257859550057,34.8951803397171));
#2858=CARTESIAN_POINT('',(-29.9968607428276,-291.093029667958,34.9150786319958));
#2859=CARTESIAN_POINT('',(-29.9967429446895,-290.929943439156,34.9264470018883));
#2860=CARTESIAN_POINT('',(-29.9970313686807,-290.618061143615,34.9325365619179));
#2861=CARTESIAN_POINT('',(-29.9971467453929,-290.467231003407,34.9275012153699));
#2862=CARTESIAN_POINT('',(-29.9974126822124,-290.027971227488,34.8909649633942));
#2863=CARTESIAN_POINT('',(-29.9974830490024,-289.752566490807,34.8380779836686));
#2864=CARTESIAN_POINT('',(-29.9974436005781,-289.224285037556,34.681599456449));
#2865=CARTESIAN_POINT('',(-29.9973337853637,-288.971223370237,34.5778153302722));
#2866=CARTESIAN_POINT('',(-29.99705917617,-288.603518167021,34.3839119748609));
#2867=CARTESIAN_POINT('',(-29.9969493253767,-288.482966366795,34.3128748682413));
#2868=CARTESIAN_POINT('',(-29.9966972033548,-288.246021693506,34.1579690072379));
#2869=CARTESIAN_POINT('',(-29.9967678711605,-288.128442374017,34.0731641821433));
#2870=CARTESIAN_POINT('',(-29.9963985548572,-288.015378273691,33.9838025055217));
#2871=CARTESIAN_POINT('',(-29.8544502115238,-291.247212152692,34.8106750850471));
#2872=CARTESIAN_POINT('',(-29.854960030642,-291.086136719607,34.8301398078343));
#2873=CARTESIAN_POINT('',(-29.8548567542974,-290.926564295554,34.8412726977588));
#2874=CARTESIAN_POINT('',(-29.8551678518557,-290.62127594479,34.8472318724623));
#2875=CARTESIAN_POINT('',(-29.8552923360218,-290.473532628311,34.8423008205671));
#2876=CARTESIAN_POINT('',(-29.855579348811,-290.04303446665,34.8064953079423));
#2877=CARTESIAN_POINT('',(-29.8556554377249,-289.772813524727,34.7546509418732));
#2878=CARTESIAN_POINT('',(-29.8556131316863,-289.25433006346,34.601215172802));
#2879=CARTESIAN_POINT('',(-29.8554947367338,-289.005889659996,34.4994385491958));
#2880=CARTESIAN_POINT('',(-29.8551982979242,-288.645085572433,34.3093392484397));
#2881=CARTESIAN_POINT('',(-29.8550796772575,-288.526827662092,34.2397034955516));
#2882=CARTESIAN_POINT('',(-29.8548073232168,-288.294487174848,34.087879195897));
#2883=CARTESIAN_POINT('',(-29.8548658291872,-288.179222050028,34.0047576542272));
#2884=CARTESIAN_POINT('',(-29.854484551492,-288.068487235631,33.9172186277887));
#2885=CARTESIAN_POINT('',(-29.4449472312903,-291.212931419064,34.5385990061295));
#2886=CARTESIAN_POINT('',(-29.445490047197,-291.06385625424,34.5566734667295));
#2887=CARTESIAN_POINT('',(-29.4454325593683,-290.915609944672,34.5670356866126));
#2888=CARTESIAN_POINT('',(-29.4458042346536,-290.63150332844,34.5725541788082));
#2889=CARTESIAN_POINT('',(-29.4459530648352,-290.493682469033,34.5679451145565));
#2890=CARTESIAN_POINT('',(-29.4462964242276,-290.091364700897,34.5344527624698));
#2891=CARTESIAN_POINT('',(-29.4463878222858,-289.837839114459,34.485941533144));
#2892=CARTESIAN_POINT('',(-29.4463376885565,-289.350927834991,34.3422855846141));
#2893=CARTESIAN_POINT('',(-29.4461961567689,-289.117386188759,34.2469784802229));
#2894=CARTESIAN_POINT('',(-29.4458407266242,-288.778836095466,34.0691559139904));
#2895=CARTESIAN_POINT('',(-29.4456983944986,-288.667976297154,34.0040448790494));
#2896=CARTESIAN_POINT('',(-29.4453712802467,-288.450489993065,33.8621737061608));
#2897=CARTESIAN_POINT('',(-29.445391740563,-288.342719924468,33.7845113313834));
#2898=CARTESIAN_POINT('',(-29.4449831214032,-288.239480041256,33.7028411734552));
#2899=CARTESIAN_POINT('',(-29.1934734442092,-291.187054185086,34.3332190270832));
#2900=CARTESIAN_POINT('',(-29.1940223058476,-291.046961760728,34.3502472412747));
#2901=CARTESIAN_POINT('',(-29.1939983772664,-290.907303579363,34.3600075853319));
#2902=CARTESIAN_POINT('',(-29.1944007566021,-290.639153566877,34.3651576591609));
#2903=CARTESIAN_POINT('',(-29.1945620224739,-290.508808122254,34.3607692525449));
#2904=CARTESIAN_POINT('',(-29.1949343957032,-290.127724748164,34.3289581635891));
#2905=CARTESIAN_POINT('',(-29.1950340786742,-289.886783639464,34.282923108198));
#2906=CARTESIAN_POINT('',(-29.194980830259,-289.423682647259,34.1466164783053));
#2907=CARTESIAN_POINT('',(-29.1948278988729,-289.201382405874,34.056198757135));
#2908=CARTESIAN_POINT('',(-29.194442429031,-288.879655902529,33.8876913407873));
#2909=CARTESIAN_POINT('',(-29.1942879269567,-288.774394564302,33.8260181877758));
#2910=CARTESIAN_POINT('',(-29.1939324632213,-288.568168796132,33.6917184283683));
#2911=CARTESIAN_POINT('',(-29.1939255489607,-288.466123179522,33.6182387980609));
#2912=CARTESIAN_POINT('',(-29.1935100924397,-288.368556014969,33.5410157764213));
#2913=CARTESIAN_POINT('',(-28.8478138045693,-291.143807318836,33.9899813962191));
#2914=CARTESIAN_POINT('',(-28.84834181383,-291.018407103208,34.0052848243772));
#2915=CARTESIAN_POINT('',(-28.8483571511954,-290.892934818799,34.0140370481486));
#2916=CARTESIAN_POINT('',(-28.848774681686,-290.651177949954,34.0185596227143));
#2917=CARTESIAN_POINT('',(-28.8489424145406,-290.533253630498,34.0145262374731));
#2918=CARTESIAN_POINT('',(-28.849330672824,-290.18758315819,33.985489243553));
#2919=CARTESIAN_POINT('',(-28.8494362579722,-289.967809375554,33.9435767100578));
#2920=CARTESIAN_POINT('',(-28.8493844242743,-289.544841303381,33.8195678122634));
#2921=CARTESIAN_POINT('',(-28.8492270054282,-289.341530048942,33.7373496590738));
#2922=CARTESIAN_POINT('',(-28.8488262517287,-289.048109051889,33.5844388643586));
#2923=CARTESIAN_POINT('',(-28.8486652295905,-288.952248744555,33.5285181093566));
#2924=CARTESIAN_POINT('',(-28.8482937480982,-288.764880828941,33.4068722949233));
#2925=CARTESIAN_POINT('',(-28.8482549460598,-288.672416786302,33.3403926374166));
#2926=CARTESIAN_POINT('',(-28.8478508297458,-288.584271619747,33.2705683617291));
#2927=CARTESIAN_POINT('',(-28.737889970974,-291.12864792218,33.8696657330352));
#2928=CARTESIAN_POINT('',(-28.7384068207281,-291.00830918596,33.8843725765462));
#2929=CARTESIAN_POINT('',(-28.7384340398823,-290.887756966184,33.8927767395219));
#2930=CARTESIAN_POINT('',(-28.7388524998804,-290.655175948621,33.8970899708876));
#2931=CARTESIAN_POINT('',(-28.7390207486192,-290.541587620243,33.8931857033744));
#2932=CARTESIAN_POINT('',(-28.7394105464433,-290.208318984696,33.8651356278446));
#2933=CARTESIAN_POINT('',(-28.7395171471366,-289.99601358566,33.8246785993263));
#2934=CARTESIAN_POINT('',(-28.7394664615503,-289.587229112288,33.7049968629334));
#2935=CARTESIAN_POINT('',(-28.7393091752708,-289.390640870711,33.6256584854276));
#2936=CARTESIAN_POINT('',(-28.7389073121766,-289.107194805499,33.4782045506706));
#2937=CARTESIAN_POINT('',(-28.7387457021993,-289.014639719031,33.4242936081229));
#2938=CARTESIAN_POINT('',(-28.738372501279,-288.833878117912,33.3070613646045));
#2939=CARTESIAN_POINT('',(-28.7383241713699,-288.744761951019,33.2430223752468));
#2940=CARTESIAN_POINT('',(-28.7379269940394,-288.659886725157,33.1757680352028));
#2941=CARTESIAN_POINT('',(-28.528977350391,-291.096793415398,33.6168459014928));
#2942=CARTESIAN_POINT('',(-28.5294648492524,-290.98683161294,33.6303242884425));
#2943=CARTESIAN_POINT('',(-28.5295128003181,-290.876445090704,33.6380193549829));
#2944=CARTESIAN_POINT('',(-28.5299253972614,-290.662917315672,33.6419361082487));
#2945=CARTESIAN_POINT('',(-28.5300915801655,-290.558388080649,33.6383239260203));
#2946=CARTESIAN_POINT('',(-28.5304773010195,-290.251154556567,33.6124107736707));
#2947=CARTESIAN_POINT('',(-28.5305840111108,-290.05470008474,33.5750555867427));
#2948=CARTESIAN_POINT('',(-28.5305366575045,-289.676088473974,33.4645269427696));
#2949=CARTESIAN_POINT('',(-28.5303825938071,-289.493837519438,33.391255800885));
#2950=CARTESIAN_POINT('',(-28.5299859932949,-289.231510022035,33.2552230700013));
#2951=CARTESIAN_POINT('',(-28.5298262089632,-289.145926960653,33.2055085318271));
#2952=CARTESIAN_POINT('',(-28.5294564845404,-288.979021251925,33.0974652556035));
#2953=CARTESIAN_POINT('',(-28.5293918467695,-288.896889014084,33.0384977748896));
#2954=CARTESIAN_POINT('',(-28.5290140327597,-288.818776933515,32.9765638741757));
#2955=CARTESIAN_POINT('',(-28.4310194496227,-291.080244102985,33.4854988866051));
#2956=CARTESIAN_POINT('',(-28.431488757098,-290.975597754882,33.4983454016403));
#2957=CARTESIAN_POINT('',(-28.43154553601,-290.870443242876,33.5056755749773));
#2958=CARTESIAN_POINT('',(-28.4319512624243,-290.666745179726,33.5093916918695));
#2959=CARTESIAN_POINT('',(-28.4321148079193,-290.566904990291,33.5059328332881));
#2960=CARTESIAN_POINT('',(-28.4324947117763,-290.273182136824,33.4811349676533));
#2961=CARTESIAN_POINT('',(-28.4326003375107,-290.085001227197,33.4453952568271));
#2962=CARTESIAN_POINT('',(-28.4325548113533,-289.722160917417,33.3396308228493));
#2963=CARTESIAN_POINT('',(-28.4324036594615,-289.547415255649,33.2695162803909));
#2964=CARTESIAN_POINT('',(-28.4320132304401,-289.296108790128,33.1394131753467));
#2965=CARTESIAN_POINT('',(-28.4318558039022,-289.214158476277,33.091875585182));
#2966=CARTESIAN_POINT('',(-28.4314911974381,-289.054454666078,32.9885942038646));
#2967=CARTESIAN_POINT('',(-28.4314197574,-288.975944858866,32.9322537060814));
#2968=CARTESIAN_POINT('',(-28.4310543677273,-288.901325982897,32.8730703090543));
#2969=CARTESIAN_POINT('',(-28.1592068617946,-291.029299894413,33.081169718441));
#2970=CARTESIAN_POINT('',(-28.1596131256153,-290.940869604729,33.0920797238382));
#2971=CARTESIAN_POINT('',(-28.159690943532,-290.851712512624,33.0982839812857));
#2972=CARTESIAN_POINT('',(-28.1600653593758,-290.678120229502,33.1013660358226));
#2973=CARTESIAN_POINT('',(-28.1602166938744,-290.592669115701,33.0983654312379));
#2974=CARTESIAN_POINT('',(-28.1605692139717,-290.340470811447,33.0769606601692));
#2975=CARTESIAN_POINT('',(-28.1606689161717,-290.177807094428,33.0461688887301));
#2976=CARTESIAN_POINT('',(-28.1606304281545,-289.863663507655,32.9550556598987));
#2977=CARTESIAN_POINT('',(-28.1604922379373,-289.712119307207,32.8946672186166));
#2978=CARTESIAN_POINT('',(-28.1601310807833,-289.494853592529,32.7828461200776));
#2979=CARTESIAN_POINT('',(-28.1599850497606,-289.424119092974,32.7420217383605));
#2980=CARTESIAN_POINT('',(-28.1596457883532,-289.286636112314,32.6534254419148));
#2981=CARTESIAN_POINT('',(-28.1595589108707,-289.21929505775,32.6051860044655));
#2982=CARTESIAN_POINT('',(-28.1592377735265,-289.155437763223,32.55448476165));
#2983=CARTESIAN_POINT('',(-28.0058096013335,-290.993410380887,32.7963252276498));
#2984=CARTESIAN_POINT('',(-28.0061625433893,-290.916150390623,32.8058897014287));
#2985=CARTESIAN_POINT('',(-28.0062470921168,-290.83807868116,32.8113068836136));
#2986=CARTESIAN_POINT('',(-28.00658624359,-290.685444153733,32.8139415018929));
#2987=CARTESIAN_POINT('',(-28.0067236162005,-290.610061468258,32.8112570699698));
#2988=CARTESIAN_POINT('',(-28.0070443144486,-290.387036833822,32.7922239944982));
#2989=CARTESIAN_POINT('',(-28.0071362205028,-290.242461923316,32.7649076670461));
#2990=CARTESIAN_POINT('',(-28.0071039259621,-289.962923918811,32.6841229477665));
#2991=CARTESIAN_POINT('',(-28.0069797253671,-289.827910140023,32.6306017807531));
#2992=CARTESIAN_POINT('',(-28.0066521036678,-289.634809053362,32.5316728451891));
#2993=CARTESIAN_POINT('',(-28.0065193429668,-289.572021651683,32.4955800475857));
#2994=CARTESIAN_POINT('',(-28.0062101744926,-289.450237779154,32.4173244842176));
#2995=CARTESIAN_POINT('',(-28.0061195953772,-289.390763091126,32.3747844194152));
#2996=CARTESIAN_POINT('',(-28.0058372653415,-289.334456141083,32.3300454702761));
#2997=CARTESIAN_POINT('',(-27.8178149477535,-290.936659408608,32.3459094874346));
#2998=CARTESIAN_POINT('',(-27.8180792814612,-290.876249189905,32.3534220240218));
#2999=CARTESIAN_POINT('',(-27.8181592820087,-290.815067889188,32.3576633904665));
#3000=CARTESIAN_POINT('',(-27.818427090292,-290.694786553822,32.3597009653301));
#3001=CARTESIAN_POINT('',(-27.8185358951106,-290.635133999766,32.3575633061718));
#3002=CARTESIAN_POINT('',(-27.8187906956063,-290.45810314896,32.3424219541209));
#3003=CARTESIAN_POINT('',(-27.8188650773229,-290.342614797417,32.3206977954433));
#3004=CARTESIAN_POINT('',(-27.8188425182408,-290.11896664303,32.2563945259967));
#3005=CARTESIAN_POINT('',(-27.8187455774421,-290.010773700131,32.2137809083753));
#3006=CARTESIAN_POINT('',(-27.818486410392,-289.856439944282,32.1351333793412));
#3007=CARTESIAN_POINT('',(-27.8183810620667,-289.806327642397,32.1064573820461));
#3008=CARTESIAN_POINT('',(-27.8181349028043,-289.709349587415,32.044338646602));
#3009=CARTESIAN_POINT('',(-27.8180519329194,-289.662161557522,32.0106416417104));
#3010=CARTESIAN_POINT('',(-27.8178367776273,-289.617532346609,31.9751465837348));
#3011=CARTESIAN_POINT('',(-27.7620230860209,-290.917150677692,32.1910744401419));
#3012=CARTESIAN_POINT('',(-27.7622564868051,-290.862385936212,32.1978958795434));
#3013=CARTESIAN_POINT('',(-27.7623325605118,-290.806896987684,32.2017467512863));
#3014=CARTESIAN_POINT('',(-27.7625735554182,-290.697597692064,32.2036024826021));
#3015=CARTESIAN_POINT('',(-27.7626715789865,-290.643319485795,32.201663341404));
#3016=CARTESIAN_POINT('',(-27.7629014018251,-290.482078982326,32.187891575024));
#3017=CARTESIAN_POINT('',(-27.7629689532292,-290.376679897955,32.1681112364839));
#3018=CARTESIAN_POINT('',(-27.7629496552666,-290.172460130246,32.1095045039787));
#3019=CARTESIAN_POINT('',(-27.7628628059001,-290.073611667745,32.070649185152));
#3020=CARTESIAN_POINT('',(-27.7626294264268,-289.93270272892,31.9989502042553));
#3021=CARTESIAN_POINT('',(-27.7625344490318,-289.886965689809,31.9728098182275));
#3022=CARTESIAN_POINT('',(-27.7623122416263,-289.798506084851,31.9161933703283));
#3023=CARTESIAN_POINT('',(-27.7622339899261,-289.755510623331,31.8855020019407));
#3024=CARTESIAN_POINT('',(-27.7620427132273,-289.714842819257,31.8531462964709));
#3025=CARTESIAN_POINT('',(-27.6669793993716,-290.877901456793,31.8795649421712));
#3026=CARTESIAN_POINT('',(-27.6671515670457,-290.834374546709,31.8850037993582));
#3027=CARTESIAN_POINT('',(-27.6672161079701,-290.790220081495,31.8880687831474));
#3028=CARTESIAN_POINT('',(-27.6674009110336,-290.702869961961,31.8895420573376));
#3029=CARTESIAN_POINT('',(-27.6674762561915,-290.659360173622,31.8879879472208));
#3030=CARTESIAN_POINT('',(-27.6676533317842,-290.529820298448,31.8769283506865));
#3031=CARTESIAN_POINT('',(-27.667706102338,-290.444759370859,31.8610299595508));
#3032=CARTESIAN_POINT('',(-27.6676928663793,-290.279756817241,31.8138626460702));
#3033=CARTESIAN_POINT('',(-27.6676268598667,-290.199796915446,31.7825746942113));
#3034=CARTESIAN_POINT('',(-27.6674476042601,-290.086007288071,31.7248843933651));
#3035=CARTESIAN_POINT('',(-27.667374478085,-290.049105946329,31.7038581221658));
#3036=CARTESIAN_POINT('',(-27.6672029499492,-289.977840368027,31.6583421626371));
#3037=CARTESIAN_POINT('',(-27.6671374334253,-289.943292901514,31.6337079113613));
#3038=CARTESIAN_POINT('',(-27.6669942445486,-289.910620466036,31.6076955397657));
#3039=CARTESIAN_POINT('',(-27.6274564741893,-290.858106599254,31.7224589922069));
#3040=CARTESIAN_POINT('',(-27.6275983416769,-290.820172043341,31.7272063643652));
#3041=CARTESIAN_POINT('',(-27.6276552788117,-290.781664791689,31.7298773901446));
#3042=CARTESIAN_POINT('',(-27.6278107109403,-290.705299597023,31.7311550741035));
#3043=CARTESIAN_POINT('',(-27.6278741643177,-290.667196584917,31.7297910652124));
#3044=CARTESIAN_POINT('',(-27.6280234896877,-290.553612732628,31.7200869700301));
#3045=CARTESIAN_POINT('',(-27.6280683269181,-290.47884135414,31.7061381880962));
#3046=CARTESIAN_POINT('',(-27.6280579262719,-290.333708946918,31.6647367205693));
#3047=CARTESIAN_POINT('',(-27.6280026883955,-290.263333784923,31.6372693188186));
#3048=CARTESIAN_POINT('',(-27.627851788445,-290.1632843939,31.5866520670625));
#3049=CARTESIAN_POINT('',(-27.6277901479388,-290.130856192845,31.5682078875291));
#3050=CARTESIAN_POINT('',(-27.627645354747,-290.068283979702,31.528295152173));
#3051=CARTESIAN_POINT('',(-27.6275878573666,-290.037997022261,31.5067138167466));
#3052=CARTESIAN_POINT('',(-27.6274688777187,-290.009358548539,31.4839054265194));
#3053=CARTESIAN_POINT('',(-27.5640513747751,-290.818183990113,31.4056050102348));
#3054=CARTESIAN_POINT('',(-27.5641367009787,-290.791270123032,31.4089828728928));
#3055=CARTESIAN_POINT('',(-27.5641759000503,-290.763930917632,31.4108810053745));
#3056=CARTESIAN_POINT('',(-27.5642735463038,-290.709455207117,31.4117926034868));
#3057=CARTESIAN_POINT('',(-27.5643135169972,-290.682189483754,31.4108215355712));
#3058=CARTESIAN_POINT('',(-27.5644078369405,-290.600725810506,31.4038791192453));
#3059=CARTESIAN_POINT('',(-27.564436594054,-290.546853225217,31.3938803028422));
#3060=CARTESIAN_POINT('',(-27.5644310101232,-290.442161009285,31.3641410981002));
#3061=CARTESIAN_POINT('',(-27.564396669079,-290.391334068335,31.3443930979557));
#3062=CARTESIAN_POINT('',(-27.5643016945495,-290.319186196267,31.3080183215487));
#3063=CARTESIAN_POINT('',(-27.5642627925458,-290.295820394068,31.2947666898849));
#3064=CARTESIAN_POINT('',(-27.5641711443265,-290.250794202107,31.2661025161533));
#3065=CARTESIAN_POINT('',(-27.5641319254537,-290.229058441158,31.2506305084763));
#3066=CARTESIAN_POINT('',(-27.5640590515106,-290.208495346523,31.2342432278084));
#3067=CARTESIAN_POINT('',(-27.5401128936544,-290.798056826051,31.2458616413421));
#3068=CARTESIAN_POINT('',(-27.5401718233529,-290.776599477842,31.2485580845423));
#3069=CARTESIAN_POINT('',(-27.5402007537027,-290.754799930683,31.2500729377386));
#3070=CARTESIAN_POINT('',(-27.54026975601,-290.711252076173,31.250804480448));
#3071=CARTESIAN_POINT('',(-27.5402980412421,-290.689421336491,31.2500310364922));
#3072=CARTESIAN_POINT('',(-27.5403648791011,-290.62412024575,31.2444793819579));
#3073=CARTESIAN_POINT('',(-27.540385413891,-290.580835872574,31.2364709536173));
#3074=CARTESIAN_POINT('',(-27.5403817955209,-290.496666575306,31.2126170567666));
#3075=CARTESIAN_POINT('',(-27.5403576423607,-290.455777021351,31.1967667674461));
#3076=CARTESIAN_POINT('',(-27.5402904163697,-290.397773671446,31.1675724843625));
#3077=CARTESIAN_POINT('',(-27.5402628416642,-290.378995270761,31.1569371276032));
#3078=CARTESIAN_POINT('',(-27.5401977801214,-290.342829844757,31.1339352143137));
#3079=CARTESIAN_POINT('',(-27.5401689227959,-290.325394737821,31.121530722826));
#3080=CARTESIAN_POINT('',(-27.5401180603569,-290.308891120203,31.1083748305476));
#3081=CARTESIAN_POINT('',(-27.5080872062669,-290.757465734009,30.9237021076021));
#3082=CARTESIAN_POINT('',(-27.5081040326746,-290.746815080365,30.9250436411783));
#3083=CARTESIAN_POINT('',(-27.5081138537426,-290.735993786636,30.9257973533368));
#3084=CARTESIAN_POINT('',(-27.5081348740028,-290.714256826308,30.9261671823638));
#3085=CARTESIAN_POINT('',(-27.5081435247138,-290.703323336502,30.9257854325361));
#3086=CARTESIAN_POINT('',(-27.5081640454635,-290.670537790259,30.9230164610831));
#3087=CARTESIAN_POINT('',(-27.508170484119,-290.648699572696,30.9190057500992));
#3088=CARTESIAN_POINT('',(-27.5081696610698,-290.606174555913,30.9070161494494));
#3089=CARTESIAN_POINT('',(-27.5081623993652,-290.585486781986,30.899036244876));
#3090=CARTESIAN_POINT('',(-27.5081418190349,-290.55617641574,30.8843350514734));
#3091=CARTESIAN_POINT('',(-27.5081333442959,-290.546693362578,30.878979265116));
#3092=CARTESIAN_POINT('',(-27.5081132634761,-290.52844941123,30.8673977506249));
#3093=CARTESIAN_POINT('',(-27.5081035232356,-290.519678117016,30.8611638203384));
#3094=CARTESIAN_POINT('',(-27.5080885346017,-290.511362700908,30.8545317411384));
#3095=CARTESIAN_POINT('',(-27.5,-290.737001806029,30.7612859427548));
#3096=CARTESIAN_POINT('',(-27.5,-290.731674408136,30.7619571782005));
#3097=CARTESIAN_POINT('',(-27.5,-290.726267907046,30.7623325105379));
#3098=CARTESIAN_POINT('',(-27.5,-290.715372800291,30.7625147082634));
#3099=CARTESIAN_POINT('',(-27.5,-290.709884194624,30.7623215736514));
#3100=CARTESIAN_POINT('',(-27.5,-290.693409373486,30.7609244782915));
#3101=CARTESIAN_POINT('',(-27.5,-290.682414153873,30.7589028260195));
#3102=CARTESIAN_POINT('',(-27.5,-290.661008518143,30.7528657248793));
#3103=CARTESIAN_POINT('',(-27.5,-290.650598102026,30.7488502760112));
#3104=CARTESIAN_POINT('',(-27.5,-290.635877691375,30.7414717908627));
#3105=CARTESIAN_POINT('',(-27.5,-290.631120090078,30.7387864105055));
#3106=CARTESIAN_POINT('',(-27.5,-290.621979393809,30.7329872184425));
#3107=CARTESIAN_POINT('',(-27.5,-290.617596298837,30.7298734067367));
#3108=CARTESIAN_POINT('',(-27.5,-290.613438507936,30.72655704899));
#3109=CARTESIAN_POINT('',(-27.5,-290.716366973624,30.5975133598595));
#3110=CARTESIAN_POINT('',(-27.5,-290.716366973624,30.5975133598595));
#3111=CARTESIAN_POINT('',(-27.5,-290.716366973624,30.5975133598595));
#3112=CARTESIAN_POINT('',(-27.5,-290.716366973624,30.5975133598595));
#3113=CARTESIAN_POINT('',(-27.5,-290.716366973624,30.5975133598595));
#3114=CARTESIAN_POINT('',(-27.5,-290.716366973624,30.5975133598595));
#3115=CARTESIAN_POINT('',(-27.5,-290.716366973624,30.5975133598595));
#3116=CARTESIAN_POINT('',(-27.5,-290.716366973624,30.5975133598595));
#3117=CARTESIAN_POINT('',(-27.5,-290.716366973624,30.5975133598595));
#3118=CARTESIAN_POINT('',(-27.5,-290.716366973624,30.5975133598595));
#3119=CARTESIAN_POINT('',(-27.5,-290.716366973624,30.5975133598595));
#3120=CARTESIAN_POINT('',(-27.5,-290.716366973624,30.5975133598595));
#3121=CARTESIAN_POINT('',(-27.5,-290.716366973624,30.5975133598595));
#3122=CARTESIAN_POINT('',(-27.5,-290.716366973624,30.5975133598595));
#3123=CARTESIAN_POINT('',(-32.5000000001433,-287.598293139171,34.5067113440065));
#3124=CARTESIAN_POINT('',(-31.1794419698546,-287.598293139171,34.5067113440065));
#3125=CARTESIAN_POINT('',(-28.5864201830268,-288.279116642666,33.6531478914645));
#3126=CARTESIAN_POINT('',(-27.5,-289.892939248116,31.6298628729038));
#3127=CARTESIAN_POINT('',(-27.5,-290.716366973624,30.5975133598595));
#3128=CARTESIAN_POINT('',(-32.5000000001433,-291.341477433424,35.5588308344999));
#3129=CARTESIAN_POINT('',(-31.1794225281286,-291.341477433424,35.5588308344999));
#3130=CARTESIAN_POINT('',(-28.5863561048342,-291.204984348696,34.4755254509201));
#3131=CARTESIAN_POINT('',(-27.5,-290.88144563286,31.9076940230219));
#3132=CARTESIAN_POINT('',(-27.5,-290.716366973624,30.5975133598595));
#3133=CARTESIAN_POINT('',(-27.5,-298.726666616961,24.1045353632452));
#3134=CARTESIAN_POINT('',(-27.5,-302.556888832556,27.3184734116778));
#3135=CARTESIAN_POINT('',(-32.5,-302.556888832556,27.3184734116778));
#3136=CARTESIAN_POINT('',(-27.5,-298.444603692208,24.4406848677961));
#3137=CARTESIAN_POINT('',(-27.4999999999946,-302.247665055583,27.6869919595374));
#3138=CARTESIAN_POINT('',(-32.5,-302.247665055233,27.6869919592179));
#3139=CARTESIAN_POINT('',(-27.5,-297.872428329694,25.1053239519459));
#3140=CARTESIAN_POINT('',(-27.5000000000025,-301.616690740444,28.4200662624224));
#3141=CARTESIAN_POINT('',(-32.5,-301.616690740607,28.4200662625706));
#3142=CARTESIAN_POINT('',(-27.5,-296.986237077044,26.0759326248652));
#3143=CARTESIAN_POINT('',(-27.4999999999993,-300.624411894965,29.5071708696497));
#3144=CARTESIAN_POINT('',(-32.5,-300.624411894921,29.50717086961));
#3145=CARTESIAN_POINT('',(-27.5,-296.067583755614,27.0152444007848));
#3146=CARTESIAN_POINT('',(-27.5000000000002,-299.574964170306,30.5806617221594));
#3147=CARTESIAN_POINT('',(-32.5,-299.574964170318,30.5806617221703));
#3148=CARTESIAN_POINT('',(-27.5,-295.268290866168,27.7675446262525));
#3149=CARTESIAN_POINT('',(-27.5,-298.63665957558,31.4645103645812));
#3150=CARTESIAN_POINT('',(-32.5,-298.636659575578,31.4645103645799));
#3151=CARTESIAN_POINT('',(-27.5,-294.605962367947,28.3439426517409));
#3152=CARTESIAN_POINT('',(-27.5,-297.835031126793,32.1623741738516));
#3153=CARTESIAN_POINT('',(-32.5,-297.835031126794,32.1623741738519));
#3154=CARTESIAN_POINT('',(-27.5,-294.0971299403,28.7608649643564));
#3155=CARTESIAN_POINT('',(-27.5,-297.203438077034,32.6801110453702));
#3156=CARTESIAN_POINT('',(-32.5,-297.203438077034,32.6801110453702));
#3157=CARTESIAN_POINT('',(-27.5,-293.574395442858,29.1600808821166));
#3158=CARTESIAN_POINT('',(-27.5,-296.533515228428,33.1921076355196));
#3159=CARTESIAN_POINT('',(-32.5,-296.533515228428,33.1921076355196));
#3160=CARTESIAN_POINT('',(-27.5,-293.033991073936,29.5390069629963));
#3161=CARTESIAN_POINT('',(-27.5,-295.810743601362,33.69946064734));
#3162=CARTESIAN_POINT('',(-32.5,-295.810743601362,33.69946064734));
#3163=CARTESIAN_POINT('',(-27.5,-292.571133038409,29.8305030996049));
#3164=CARTESIAN_POINT('',(-27.5,-295.154250447942,34.1138822205851));
#3165=CARTESIAN_POINT('',(-32.5,-295.154250447941,34.1138822205851));
#3166=CARTESIAN_POINT('',(-27.5,-292.191610722094,30.045211033517));
#3167=CARTESIAN_POINT('',(-27.5,-294.578030273173,34.4402295577241));
#3168=CARTESIAN_POINT('',(-32.5,-294.578030273173,34.4402295577241));
#3169=CARTESIAN_POINT('',(-27.5,-291.901558808375,30.1955038815405));
#3170=CARTESIAN_POINT('',(-27.5,-294.111194597874,34.6824867834146));
#3171=CARTESIAN_POINT('',(-32.5,-294.111194597874,34.6824867834146));
#3172=CARTESIAN_POINT('',(-27.5,-291.654501088168,30.3101141067704));
#3173=CARTESIAN_POINT('',(-27.5,-293.681635568181,34.8823906626608));
#3174=CARTESIAN_POINT('',(-32.5,-293.681635568181,34.8823906626608));
#3175=CARTESIAN_POINT('',(-27.5,-291.452819592648,30.3937786236357));
#3176=CARTESIAN_POINT('',(-27.5,-293.2991975058,35.0412718614));
#3177=CARTESIAN_POINT('',(-32.5,-293.299197505799,35.0412718614));
#3178=CARTESIAN_POINT('',(-27.5,-291.299213093532,30.4518714931487));
#3179=CARTESIAN_POINT('',(-27.5,-292.985954320598,35.1599680673606));
#3180=CARTESIAN_POINT('',(-32.5,-292.985954320598,35.1599680673606));
#3181=CARTESIAN_POINT('',(-27.5,-291.168905064779,30.4956824578053));
#3182=CARTESIAN_POINT('',(-27.5,-292.693993333194,35.2585343864811));
#3183=CARTESIAN_POINT('',(-32.5,-292.693993333194,35.2585343864811));
#3184=CARTESIAN_POINT('',(-27.5,-291.062896065552,30.5272775044418));
#3185=CARTESIAN_POINT('',(-27.5,-292.430541425264,35.3371937484048));
#3186=CARTESIAN_POINT('',(-32.5,-292.430541425264,35.3371937484048));
#3187=CARTESIAN_POINT('',(-27.5,-290.982445268783,30.5489600557275));
#3188=CARTESIAN_POINT('',(-27.5,-292.212913590613,35.3960124089284));
#3189=CARTESIAN_POINT('',(-32.5,-292.212913590613,35.3960124089284));
#3190=CARTESIAN_POINT('',(-27.5,-290.900562513686,30.5683190557015));
#3191=CARTESIAN_POINT('',(-27.5,-291.965469271911,35.45476709288));
#3192=CARTESIAN_POINT('',(-32.5,-291.965469271911,35.45476709288));
#3193=CARTESIAN_POINT('',(-27.5,-290.832030409854,30.5818083981584));
#3194=CARTESIAN_POINT('',(-27.5,-291.724711472691,35.5026950310499));
#3195=CARTESIAN_POINT('',(-32.5,-291.724711472691,35.5026950310499));
#3196=CARTESIAN_POINT('',(-27.5,-290.777142616231,30.5905277319171));
#3197=CARTESIAN_POINT('',(-27.5,-291.49363242505,35.5396604873015));
#3198=CARTESIAN_POINT('',(-32.5,-291.49363242505,35.5396604873015));
#3199=CARTESIAN_POINT('',(-27.5000000000001,-290.742784936672,30.594947784497));
#3200=CARTESIAN_POINT('',(-27.5000000000001,-291.322512137694,35.561903448876));
#3201=CARTESIAN_POINT('',(-32.5,-291.322512137694,35.561903448876));
#3202=CARTESIAN_POINT('',(-27.5,-290.715262138241,30.597690903751));
#3203=CARTESIAN_POINT('',(-27.5,-291.159079653614,35.5784495463672));
#3204=CARTESIAN_POINT('',(-32.5,-291.159079653614,35.5784495463672));
#3205=CARTESIAN_POINT('',(-27.5,-290.698041554212,30.5990093198142));
#3206=CARTESIAN_POINT('',(-27.5,-291.031354765689,35.5881844867404));
#3207=CARTESIAN_POINT('',(-32.5,-291.031354765689,35.5881844867404));
#3208=CARTESIAN_POINT('',(-27.5,-290.685974639361,30.5996674897702));
#3209=CARTESIAN_POINT('',(-27.5,-290.935416054431,35.5936870228729));
#3210=CARTESIAN_POINT('',(-32.5,-290.935416054431,35.5936870228729));
#3211=CARTESIAN_POINT('',(-27.5,-290.679074843966,30.5999502967929));
#3212=CARTESIAN_POINT('',(-27.5,-290.851575448457,35.5970289346542));
#3213=CARTESIAN_POINT('',(-32.5,-290.851575448457,35.5970289346542));
#3214=CARTESIAN_POINT('',(-27.5,-290.672172102031,30.6001708171141));
#3215=CARTESIAN_POINT('',(-27.5,-290.834347389044,35.5975120179531));
#3216=CARTESIAN_POINT('',(-32.5,-290.834347389044,35.5975120179531));
#3217=CARTESIAN_POINT('',(-27.5,-290.663544395629,30.6004617097183));
#3218=CARTESIAN_POINT('',(-27.5,-290.830882341381,35.5976716290684));
#3219=CARTESIAN_POINT('',(-32.5,-290.830882341381,35.5976716290684));
#3220=CARTESIAN_POINT('',(-27.5,-290.656642010769,30.6006897785589));
#3221=CARTESIAN_POINT('',(-27.4999999999999,-290.822603247523,35.5979347063061));
#3222=CARTESIAN_POINT('',(-32.5,-290.822603247524,35.5979347063061));
#3223=CARTESIAN_POINT('',(-27.5,-290.653190845806,30.6008043936346));
#3224=CARTESIAN_POINT('',(-27.5,-290.819152082561,35.5980493213817));
#3225=CARTESIAN_POINT('',(-32.5,-290.819152082561,35.5980493213817));
#3226=CARTESIAN_POINT('',(-32.5,-298.726666616962,24.1045353632452));
#3227=CARTESIAN_POINT('',(-27.5,-290.786734985185,30.6452505397375));
#3228=CARTESIAN_POINT('',(-27.5,-288.043224628692,34.8253403621949));
#3229=CARTESIAN_POINT('',(-32.5,-288.043224628692,34.8253403621949));
#3230=CARTESIAN_POINT('',(-27.5,-290.778975649554,30.6401585644384));
#3231=CARTESIAN_POINT('',(-27.5,-288.038234275372,34.8220732514908));
#3232=CARTESIAN_POINT('',(-32.5,-288.038234275372,34.8220732514908));
#3233=CARTESIAN_POINT('',(-27.5,-290.767336646107,30.6325206014899));
#3234=CARTESIAN_POINT('',(-27.5,-288.030748745392,34.8171725854348));
#3235=CARTESIAN_POINT('',(-32.5,-288.030748745392,34.8171725854348));
#3236=CARTESIAN_POINT('',(-27.5,-290.754730054618,30.6242425908092));
#3237=CARTESIAN_POINT('',(-27.5,-288.002393567006,34.79851565737));
#3238=CARTESIAN_POINT('',(-32.5,-288.002393567006,34.79851565737));
#3239=CARTESIAN_POINT('',(-27.5,-290.748908940571,30.6204260675947));
#3240=CARTESIAN_POINT('',(-27.5,-288.012667162645,34.805306159614));
#3241=CARTESIAN_POINT('',(-32.5,-288.012667162645,34.805306159614));
#3242=CARTESIAN_POINT('',(-27.5,-290.745034886029,30.6178715215593));
#3243=CARTESIAN_POINT('',(-27.5,-287.961374286017,34.7715008073893));
#3244=CARTESIAN_POINT('',(-32.5,-287.961374286017,34.7715008073893));
#3245=CARTESIAN_POINT('',(-27.5,-290.738306585031,30.6133231134384));
#3246=CARTESIAN_POINT('',(-27.5,-287.898649418674,34.728952424404));
#3247=CARTESIAN_POINT('',(-32.5,-287.898649418673,34.728952424404));
#3248=CARTESIAN_POINT('',(-27.5,-290.728803540296,30.6066585211031));
#3249=CARTESIAN_POINT('',(-27.5,-287.815617793724,34.6707259303891));
#3250=CARTESIAN_POINT('',(-32.5,-287.815617793724,34.6707259303891));
#3251=CARTESIAN_POINT('',(-27.5,-290.713797162581,30.595700149168));
#3252=CARTESIAN_POINT('',(-27.5,-287.707747942567,34.591776977319));
#3253=CARTESIAN_POINT('',(-32.5,-287.707747942567,34.591776977319));
#3254=CARTESIAN_POINT('',(-27.5,-290.68794114155,30.5758373298977));
#3255=CARTESIAN_POINT('',(-27.5,-287.550459455552,34.4706292334911));
#3256=CARTESIAN_POINT('',(-32.5,-287.550459455553,34.4706292334911));
#3257=CARTESIAN_POINT('',(-27.5,-290.652227068646,30.5461626221011));
#3258=CARTESIAN_POINT('',(-27.5,-287.379524507055,34.3277535661543));
#3259=CARTESIAN_POINT('',(-32.5,-287.379524507055,34.3277535661543));
#3260=CARTESIAN_POINT('',(-27.5,-290.597236419585,30.4968676181859));
#3261=CARTESIAN_POINT('',(-27.5,-287.157971376744,34.1287221933683));
#3262=CARTESIAN_POINT('',(-32.5,-287.157971376743,34.1287221933683));
#3263=CARTESIAN_POINT('',(-27.5,-290.531622432496,30.4324142194366));
#3264=CARTESIAN_POINT('',(-27.5,-286.940466701152,33.9138070833381));
#3265=CARTESIAN_POINT('',(-32.5,-286.940466701152,33.9138070833381));
#3266=CARTESIAN_POINT('',(-27.5,-290.431651833573,30.3247936514809));
#3267=CARTESIAN_POINT('',(-27.5,-286.654092677718,33.6048162095145));
#3268=CARTESIAN_POINT('',(-32.5,-286.654092677718,33.6048162095145));
#3269=CARTESIAN_POINT('',(-27.5,-290.314428480851,30.1834985041614));
#3270=CARTESIAN_POINT('',(-27.5,-286.36900722765,33.2590893548768));
#3271=CARTESIAN_POINT('',(-32.5,-286.36900722765,33.2590893548769));
#3272=CARTESIAN_POINT('',(-27.5,-290.138907779622,29.9455791761683));
#3273=CARTESIAN_POINT('',(-27.5,-285.990994141306,32.745409760538));
#3274=CARTESIAN_POINT('',(-32.5,-285.990994141306,32.745409760538));
#3275=CARTESIAN_POINT('',(-27.5,-289.942405423155,29.6359547758749));
#3276=CARTESIAN_POINT('',(-27.5,-285.620577266238,32.1579742612918));
#3277=CARTESIAN_POINT('',(-32.5,-285.620577266238,32.1579742612918));
#3278=CARTESIAN_POINT('',(-27.5,-289.734567474733,29.2513925704533));
#3279=CARTESIAN_POINT('',(-27.5,-285.262006640373,31.4930347264636));
#3280=CARTESIAN_POINT('',(-32.5,-285.262006640373,31.4930347264636));
#3281=CARTESIAN_POINT('',(-27.5,-289.549801151588,28.8555059698549));
#3282=CARTESIAN_POINT('',(-27.5,-284.961871120395,30.8487544649005));
#3283=CARTESIAN_POINT('',(-32.5,-284.961871120395,30.8487544649005));
#3284=CARTESIAN_POINT('',(-27.5,-289.330734276653,28.3147072134335));
#3285=CARTESIAN_POINT('',(-27.5,-284.619638999224,30.0028522833117));
#3286=CARTESIAN_POINT('',(-32.5,-284.619638999224,30.0028522833117));
#3287=CARTESIAN_POINT('',(-27.5,-289.103634587896,27.6147375014374));
#3288=CARTESIAN_POINT('',(-27.5,-284.278192175183,28.9482032368111));
#3289=CARTESIAN_POINT('',(-32.5,-284.278192175183,28.9482032368111));
#3290=CARTESIAN_POINT('',(-27.5,-288.908442206356,26.7657214551661));
#3291=CARTESIAN_POINT('',(-27.5,-283.98672328756,27.6798225558515));
#3292=CARTESIAN_POINT('',(-32.5,-283.98672328756,27.6798225558515));
#3293=CARTESIAN_POINT('',(-27.5,-288.743772683741,25.6200324244396));
#3294=CARTESIAN_POINT('',(-27.5,-283.745141510679,25.9940966854307));
#3295=CARTESIAN_POINT('',(-32.5,-283.745141510679,25.9940966854307));
#3296=CARTESIAN_POINT('',(-27.5,-288.711279878228,24.1500302897839));
#3297=CARTESIAN_POINT('',(-27.5,-283.700707275139,23.8822533238661));
#3298=CARTESIAN_POINT('',(-32.5,-283.700707275139,23.8822533238661));
#3299=CARTESIAN_POINT('',(-27.5,-288.926578075813,22.4226836479748));
#3300=CARTESIAN_POINT('',(-27.5,-284.00415772861,21.4612424785386));
#3301=CARTESIAN_POINT('',(-32.5,-284.00415772861,21.4612424785386));
#3302=CARTESIAN_POINT('',(-27.5,-289.30524447889,21.0052815015142));
#3303=CARTESIAN_POINT('',(-27.5,-284.530410136567,19.4888797435686));
#3304=CARTESIAN_POINT('',(-32.5,-284.530410136567,19.4888797435686));
#3305=CARTESIAN_POINT('',(-27.5,-289.723515160985,19.9193599881339));
#3306=CARTESIAN_POINT('',(-27.5,-285.121727132385,17.9524109254179));
#3307=CARTESIAN_POINT('',(-32.5,-285.121727132385,17.9524109254179));
#3308=CARTESIAN_POINT('',(-27.5,-290.095151536812,19.1338334482538));
#3309=CARTESIAN_POINT('',(-27.5,-285.658866234627,16.8146277642605));
#3310=CARTESIAN_POINT('',(-32.5,-285.658866234627,16.8146277642605));
#3311=CARTESIAN_POINT('',(-27.5,-290.459714603371,18.5064402584991));
#3312=CARTESIAN_POINT('',(-27.5,-286.211499787613,15.8618755762101));
#3313=CARTESIAN_POINT('',(-32.5,-286.211499787613,15.8618755762101));
#3314=CARTESIAN_POINT('',(-27.5,-290.789597086478,18.0212262680943));
#3315=CARTESIAN_POINT('',(-27.5,-286.740894816486,15.0798381544337));
#3316=CARTESIAN_POINT('',(-32.5,-286.740894816486,15.0798381544337));
#3317=CARTESIAN_POINT('',(-27.5,-290.974013819341,17.7915149336178));
#3318=CARTESIAN_POINT('',(-27.5,-287.070964918947,14.6684268634426));
#3319=CARTESIAN_POINT('',(-32.5,-287.070964918947,14.6684268634426));
#3320=CARTESIAN_POINT('',(-27.5,-291.066222185772,17.6766592663796));
#3321=CARTESIAN_POINT('',(-27.5,-287.235999970177,14.462721217947));
#3322=CARTESIAN_POINT('',(-32.5,-287.235999970177,14.462721217947));
#3323=CARTESIAN_POINT('',(-32.5,-291.066222185772,17.6766592663799));
#3324=CARTESIAN_POINT('',(-32.5,-270.,4.28394992323241E-15));
#3325=CARTESIAN_POINT('',(-32.5,-282.5,-35.3553390593273));
#3326=CARTESIAN_POINT('',(-32.5,-270.,3.72436959667917E-14));
#3327=CARTESIAN_POINT('',(-32.5,-242.5,-2.69862585351496E-14));
#3328=CARTESIAN_POINT('',(-32.5,-284.166666666667,-40.0693842672377));
#3329=CARTESIAN_POINT('',(-27.5,-284.166666666667,-40.0693842672377));
#3330=CARTESIAN_POINT('',(-27.5,-282.5,-35.3553390593273));
#3331=CARTESIAN_POINT('',(-32.5,-279.531050397343,-41.7083221167463));
#3332=CARTESIAN_POINT('',(-27.4999999999885,-279.531050397321,-41.7083221175092));
#3333=CARTESIAN_POINT('',(-27.5,-278.097985421786,-36.9116862395878));
#3334=CARTESIAN_POINT('',(-32.5000000000001,-272.404549661373,-43.6621164568536));
#3335=CARTESIAN_POINT('',(-27.5000000000028,-272.404549661378,-43.6621164566827));
#3336=CARTESIAN_POINT('',(-27.5,-271.400545026404,-38.7403015656116));
#3337=CARTESIAN_POINT('',(-32.4999999999999,-262.332884200679,-44.7422806436873));
#3338=CARTESIAN_POINT('',(-27.4999999999992,-262.332884200678,-44.7422806437178));
#3339=CARTESIAN_POINT('',(-27.5,-262.095262855719,-39.7355937535577));
#3340=CARTESIAN_POINT('',(-32.5000000000004,-254.742373927317,-44.63941452468));
#3341=CARTESIAN_POINT('',(-27.5000000000013,-254.742373927318,-44.6394145246782));
#3342=CARTESIAN_POINT('',(-27.5,-255.108593007405,-39.6417243015971));
#3343=CARTESIAN_POINT('',(-32.4999999999984,-247.304963278469,-43.6894338015005));
#3344=CARTESIAN_POINT('',(-27.4999999999956,-247.304963278466,-43.6894338014768));
#3345=CARTESIAN_POINT('',(-27.5,-248.171062304839,-38.7600062204474));
#3346=CARTESIAN_POINT('',(-32.500000000006,-240.199349065861,-42.2184125533184));
#3347=CARTESIAN_POINT('',(-27.5000000000163,-240.199349065872,-42.218412553415));
#3348=CARTESIAN_POINT('',(-27.5,-241.299218209799,-37.3417478756838));
#3349=CARTESIAN_POINT('',(-32.4999999999776,-233.498307947444,-40.7685360171707));
#3350=CARTESIAN_POINT('',(-27.4999999999392,-233.4983079474,-40.7685360168079));
#3351=CARTESIAN_POINT('',(-27.5,-234.446789304773,-35.855252705572));
#3352=CARTESIAN_POINT('',(-32.5000000000483,-229.266168601449,-40.1901279579412));
#3353=CARTESIAN_POINT('',(-27.500000000131,-229.266168601543,-40.1901279587233));
#3354=CARTESIAN_POINT('',(-27.5,-229.820246094744,-35.2142762155554));
#3355=CARTESIAN_POINT('',(-32.5,-227.20457023945,-40.0672746441974));
#3356=CARTESIAN_POINT('',(-27.5,-227.20457023945,-40.0672746441974));
#3357=CARTESIAN_POINT('',(-27.5,-227.501999073513,-35.076128875071));
#3358=CARTESIAN_POINT('',(-32.5,-227.5,-40.0859638896245));
#3359=CARTESIAN_POINT('',(-31.7210095729501,-227.5,-40.0859638896245));
#3360=CARTESIAN_POINT('',(-30.2156926371968,-227.877650496229,-39.7311337886729));
#3361=CARTESIAN_POINT('',(-28.6174302092457,-229.163441000841,-38.5511524409387));
#3362=CARTESIAN_POINT('',(-27.7050903276854,-230.750302571447,-37.1364334158791));
#3363=CARTESIAN_POINT('',(-27.5,-231.9191152352,-36.121400292195));
#3364=CARTESIAN_POINT('',(-27.5,-232.5,-35.6224438830437));
#3365=CARTESIAN_POINT('',(-27.5,-242.5,-1.53080849893419E-14));
#3366=CARTESIAN_POINT('',(-27.5,-247.5,-1.53080849893419E-14));
#3367=CARTESIAN_POINT('',(-32.5,-247.5,-1.53080849893419E-14));
#3368=CARTESIAN_POINT('',(-27.5,-242.500000000143,3.44014856737373));
#3369=CARTESIAN_POINT('',(-27.4999999998227,-247.499999999257,3.6395774697198));
#3370=CARTESIAN_POINT('',(-32.5,-247.5,3.63957746971981));
#3371=CARTESIAN_POINT('',(-27.5,-242.196105685532,8.56255959085957));
#3372=CARTESIAN_POINT('',(-27.5000000000399,-247.179927473673,9.08866271262315));
#3373=CARTESIAN_POINT('',(-32.5,-247.179927473505,9.08866271262331));
#3374=CARTESIAN_POINT('',(-27.5,-241.027161954632,15.2744962088853));
#3375=CARTESIAN_POINT('',(-27.4999999999925,-245.918371240876,16.3446864642617));
#3376=CARTESIAN_POINT('',(-32.5,-245.918371240908,16.3446864642615));
#3377=CARTESIAN_POINT('',(-27.5,-239.670322019867,20.2783330504753));
#3378=CARTESIAN_POINT('',(-27.500000000002,-244.430048024069,21.8450705942047));
#3379=CARTESIAN_POINT('',(-32.5,-244.430048024061,21.8450705942056));
#3380=CARTESIAN_POINT('',(-27.5,-237.759443652908,25.055394705181));
#3381=CARTESIAN_POINT('',(-27.4999999999995,-242.279580630461,27.2357780584553));
#3382=CARTESIAN_POINT('',(-32.5,-242.279580630463,27.2357780584519));
#3383=CARTESIAN_POINT('',(-27.5,-235.539605345608,28.7900626857059));
#3384=CARTESIAN_POINT('',(-27.5,-239.675032132221,31.6496538139923));
#3385=CARTESIAN_POINT('',(-32.5,-239.675032132222,31.6496538140023));
#3386=CARTESIAN_POINT('',(-27.5,-233.283748420413,31.4005733443858));
#3387=CARTESIAN_POINT('',(-27.5000000000001,-236.84268442629,34.9402662497815));
#3388=CARTESIAN_POINT('',(-32.5,-236.842684426287,34.9402662497641));
#3389=CARTESIAN_POINT('',(-27.5,-231.618721684057,32.8129790365113));
#3390=CARTESIAN_POINT('',(-27.4999999999996,-234.620674254453,36.8362493364641));
#3391=CARTESIAN_POINT('',(-32.4999999999999,-234.620674254462,36.8362493365165));
#3392=CARTESIAN_POINT('',(-27.5,-230.15970580262,33.7159596334791));
#3393=CARTESIAN_POINT('',(-27.5000000000006,-232.563217601271,38.1123814886432));
#3394=CARTESIAN_POINT('',(-32.5000000000001,-232.563217601255,38.1123814885525));
#3395=CARTESIAN_POINT('',(-27.5,-228.580275565935,34.4631700184987));
#3396=CARTESIAN_POINT('',(-27.4999999999967,-230.265054511574,39.2023971860624));
#3397=CARTESIAN_POINT('',(-32.4999999999993,-230.265054511661,39.2023971865543));
#3398=CARTESIAN_POINT('',(-27.5,-227.330125665566,34.7892611895434));
#3399=CARTESIAN_POINT('',(-27.5000000000147,-228.392314055899,39.6916921083559));
#3400=CARTESIAN_POINT('',(-32.500000000003,-228.392314055511,39.6916921061684));
#3401=CARTESIAN_POINT('',(-27.5,-226.479233170637,34.9031230536443));
#3402=CARTESIAN_POINT('',(-27.5,-227.142395259074,39.8589495280539));
#3403=CARTESIAN_POINT('',(-32.5,-227.142395259074,39.8589495280539));
#3404=CARTESIAN_POINT('',(-32.5,-227.5,39.8068800698204));
#3405=CARTESIAN_POINT('',(-31.5186012068576,-227.5,39.8068800698204));
#3406=CARTESIAN_POINT('',(-29.6842694919689,-228.121977183787,39.0914836592408));
#3407=CARTESIAN_POINT('',(-28.22874424999,-229.697124594984,37.0428299766828));
#3408=CARTESIAN_POINT('',(-27.5926632167363,-231.220657962888,34.6482721005001));
#3409=CARTESIAN_POINT('',(-27.5000000000002,-232.101203093043,32.9168223486531));
#3410=CARTESIAN_POINT('',(-27.5,-232.5,32.0393905980102));
#3411=CARTESIAN_POINT('',(-32.5,-232.5,-4.01650429449548));
#3412=CARTESIAN_POINT('',(-24.75,-225.,11.5929000552627));
#3413=CARTESIAN_POINT('',(-24.75,-225.,11.5929000552627));
#3414=CARTESIAN_POINT('',(0.,0.,0.));
#3415=CARTESIAN_POINT('',(75.,-277.5,7.65404249467096E-16));
#3416=CARTESIAN_POINT('',(75.,-277.5,7.65404249467096E-16));
#3417=CARTESIAN_POINT('',(75.,-277.5,-12.5));
#3418=CARTESIAN_POINT('',(-125.,-277.5,7.65404249467096E-16));
#3419=CARTESIAN_POINT('',(-125.,-277.5,-12.5));
#3420=CARTESIAN_POINT('',(75.,-277.5,0.));
#3421=CARTESIAN_POINT('',(-125.,-277.5,0.));
#3422=MECHANICAL_DESIGN_GEOMETRIC_PRESENTATION_REPRESENTATION('',(#1059),
#3425);
#3423=MECHANICAL_DESIGN_GEOMETRIC_PRESENTATION_REPRESENTATION('',(#1060),
#3426);
#3424=MECHANICAL_DESIGN_GEOMETRIC_PRESENTATION_REPRESENTATION('',(#1061),
#3427);
#3425=(
GEOMETRIC_REPRESENTATION_CONTEXT(3)
GLOBAL_UNCERTAINTY_ASSIGNED_CONTEXT((#3428))
GLOBAL_UNIT_ASSIGNED_CONTEXT((#3437,#3434,#3431))
REPRESENTATION_CONTEXT('Part 1','TOP_LEVEL_ASSEMBLY_PART')
);
#3426=(
GEOMETRIC_REPRESENTATION_CONTEXT(3)
GLOBAL_UNCERTAINTY_ASSIGNED_CONTEXT((#3429))
GLOBAL_UNIT_ASSIGNED_CONTEXT((#3438,#3435,#3432))
REPRESENTATION_CONTEXT('Part 2','TOP_LEVEL_ASSEMBLY_PART')
);
#3427=(
GEOMETRIC_REPRESENTATION_CONTEXT(3)
GLOBAL_UNCERTAINTY_ASSIGNED_CONTEXT((#3430))
GLOBAL_UNIT_ASSIGNED_CONTEXT((#3439,#3436,#3433))
REPRESENTATION_CONTEXT('Part 3','TOP_LEVEL_ASSEMBLY_PART')
);
#3428=UNCERTAINTY_MEASURE_WITH_UNIT(LENGTH_MEASURE(1.E-5),#3437,
'DISTANCE_ACCURACY_VALUE','Maximum Tolerance applied to model');
#3429=UNCERTAINTY_MEASURE_WITH_UNIT(LENGTH_MEASURE(1.E-5),#3438,
'DISTANCE_ACCURACY_VALUE','Maximum Tolerance applied to model');
#3430=UNCERTAINTY_MEASURE_WITH_UNIT(LENGTH_MEASURE(1.E-5),#3439,
'DISTANCE_ACCURACY_VALUE','Maximum Tolerance applied to model');
#3431=(
NAMED_UNIT(*)
SI_UNIT($,.STERADIAN.)
SOLID_ANGLE_UNIT()
);
#3432=(
NAMED_UNIT(*)
SI_UNIT($,.STERADIAN.)
SOLID_ANGLE_UNIT()
);
#3433=(
NAMED_UNIT(*)
SI_UNIT($,.STERADIAN.)
SOLID_ANGLE_UNIT()
);
#3434=(
NAMED_UNIT(*)
PLANE_ANGLE_UNIT()
SI_UNIT($,.RADIAN.)
);
#3435=(
NAMED_UNIT(*)
PLANE_ANGLE_UNIT()
SI_UNIT($,.RADIAN.)
);
#3436=(
NAMED_UNIT(*)
PLANE_ANGLE_UNIT()
SI_UNIT($,.RADIAN.)
);
#3437=(
LENGTH_UNIT()
NAMED_UNIT(*)
SI_UNIT(.MILLI.,.METRE.)
);
#3438=(
LENGTH_UNIT()
NAMED_UNIT(*)
SI_UNIT(.MILLI.,.METRE.)
);
#3439=(
LENGTH_UNIT()
NAMED_UNIT(*)
SI_UNIT(.MILLI.,.METRE.)
);
#3440=PRODUCT_DEFINITION_SHAPE('','',#3443);
#3441=PRODUCT_DEFINITION_SHAPE('','',#3444);
#3442=PRODUCT_DEFINITION_SHAPE('','',#3445);
#3443=PRODUCT_DEFINITION('','',#3449,#3446);
#3444=PRODUCT_DEFINITION('','',#3450,#3447);
#3445=PRODUCT_DEFINITION('','',#3451,#3448);
#3446=PRODUCT_DEFINITION_CONTEXT('',#3467,'design');
#3447=PRODUCT_DEFINITION_CONTEXT('',#3468,'design');
#3448=PRODUCT_DEFINITION_CONTEXT('',#3469,'design');
#3449=PRODUCT_DEFINITION_FORMATION_WITH_SPECIFIED_SOURCE('','',#3455,
 .NOT_KNOWN.);
#3450=PRODUCT_DEFINITION_FORMATION_WITH_SPECIFIED_SOURCE('','',#3456,
 .NOT_KNOWN.);
#3451=PRODUCT_DEFINITION_FORMATION_WITH_SPECIFIED_SOURCE('','',#3457,
 .NOT_KNOWN.);
#3452=PRODUCT_RELATED_PRODUCT_CATEGORY('','',(#3455));
#3453=PRODUCT_RELATED_PRODUCT_CATEGORY('','',(#3456));
#3454=PRODUCT_RELATED_PRODUCT_CATEGORY('','',(#3457));
#3455=PRODUCT('Part 1','Part 1','Part 1',(#3461));
#3456=PRODUCT('Part 2','Part 2','Part 2',(#3462));
#3457=PRODUCT('Part 3','Part 3','Part 3',(#3463));
#3458=PRODUCT_CATEGORY('','');
#3459=PRODUCT_CATEGORY('','');
#3460=PRODUCT_CATEGORY('','');
#3461=PRODUCT_CONTEXT('',#3467,'mechanical');
#3462=PRODUCT_CONTEXT('',#3468,'mechanical');
#3463=PRODUCT_CONTEXT('',#3469,'mechanical');
#3464=APPLICATION_PROTOCOL_DEFINITION('international standard',
'ap242_managed_model_based_3d_engineering',2011,#3467);
#3465=APPLICATION_PROTOCOL_DEFINITION('international standard',
'ap242_managed_model_based_3d_engineering',2011,#3468);
#3466=APPLICATION_PROTOCOL_DEFINITION('international standard',
'ap242_managed_model_based_3d_engineering',2011,#3469);
#3467=APPLICATION_CONTEXT('managed model based 3d engineering');
#3468=APPLICATION_CONTEXT('managed model based 3d engineering');
#3469=APPLICATION_CONTEXT('managed model based 3d engineering');
ENDSEC;
END-ISO-10303-21;
