SolidWorks IGES file using analytic representation for surfaces         S      1
1H,,1H;,12Ha1-diskr-neu,13Hscharnier.igs,  15HSolidWorks 2012,15HSolidWoG      1
rks 2012,32,308,15,308,15,12Ha1-diskr-neu, 1.,2,2HMM,50,0.125,13H140218.G      2
094114,1E-008,499990.,5HKoFEM,,11,0,13H140218.094114;                   G      3
     314       1       0       0       0                        00000200D      1
     314       0       8       1       0                               0D      2
     110       2       0       0       0                        01010000D      3
     110       0       0       1       0                               0D      4
     110       3       0       0       0                        01010000D      5
     110       0       0       1       0                               0D      6
     120       4       0       0       0                        01010000D      7
     120       0       0       1       0                               0D      8
     126       5       0       0       0                        01010500D      9
     126       0       0       2       0                               0D     10
     110       7       0       0       0                        01010000D     11
     110       0       0       1       0                               0D     12
     126       8       0       0       0                        01010500D     13
     126       0       0       2       0                               0D     14
     124      10       0       0       0                        00000000D     15
     124       0       0       3       0                               0D     16
     100      13       0       0       0              15        01010000D     17
     100       0       0       1       0                               0D     18
     126      14       0       0       0                        01010500D     19
     126       0       0       2       0                               0D     20
     110      16       0       0       0                        01010000D     21
     110       0       0       1       0                               0D     22
     126      17       0       0       0                        01010500D     23
     126       0       0       2       0                               0D     24
     124      19       0       0       0                        00000000D     25
     124       0       0       3       0                               0D     26
     100      22       0       0       0              25        01010000D     27
     100       0       0       1       0                               0D     28
     102      23       0       0       0                        01010500D     29
     102       0       0       1       0                               0D     30
     102      24       0       0       0                        01010000D     31
     102       0       0       1       0                               0D     32
     142      25       0       0       0                        00010500D     33
     142       0       0       1       0                               0D     34
     144      26       0       0       0                        00000000D     35
     144       0      -1       1       0                               0D     36
     110      27       0       0       0                        01010000D     37
     110       0       0       1       0                               0D     38
     110      28       0       0       0                        01010000D     39
     110       0       0       1       0                               0D     40
     120      29       0       0       0                        01010000D     41
     120       0       0       1       0                               0D     42
     126      30       0       0       0                        01010500D     43
     126       0       0       2       0                               0D     44
     110      32       0       0       0                        01010000D     45
     110       0       0       1       0                               0D     46
     126      33       0       0       0                        01010500D     47
     126       0       0       2       0                               0D     48
     124      35       0       0       0                        00000000D     49
     124       0       0       3       0                               0D     50
     100      38       0       0       0              49        01010000D     51
     100       0       0       1       0                               0D     52
     126      39       0       0       0                        01010500D     53
     126       0       0       2       0                               0D     54
     110      41       0       0       0                        01010000D     55
     110       0       0       1       0                               0D     56
     126      42       0       0       0                        01010500D     57
     126       0       0       2       0                               0D     58
     124      44       0       0       0                        00000000D     59
     124       0       0       4       0                               0D     60
     100      48       0       0       0              59        01010000D     61
     100       0       0       1       0                               0D     62
     102      49       0       0       0                        01010500D     63
     102       0       0       1       0                               0D     64
     102      50       0       0       0                        01010000D     65
     102       0       0       1       0                               0D     66
     142      51       0       0       0                        00010500D     67
     142       0       0       1       0                               0D     68
     144      52       0       0       0                        00000000D     69
     144       0      -1       1       0                               0D     70
     110      53       0       0       0                        01010000D     71
     110       0       0       1       0                               0D     72
     110      54       0       0       0                        01010000D     73
     110       0       0       1       0                               0D     74
     120      55       0       0       0                        01010000D     75
     120       0       0       1       0                               0D     76
     126      56       0       0       0                        01010500D     77
     126       0       0       2       0                               0D     78
     110      58       0       0       0                        01010000D     79
     110       0       0       1       0                               0D     80
     126      59       0       0       0                        01010500D     81
     126       0       0       2       0                               0D     82
     124      61       0       0       0                        00000000D     83
     124       0       0       3       0                               0D     84
     100      64       0       0       0              83        01010000D     85
     100       0       0       1       0                               0D     86
     126      65       0       0       0                        01010500D     87
     126       0       0       2       0                               0D     88
     110      67       0       0       0                        01010000D     89
     110       0       0       1       0                               0D     90
     126      68       0       0       0                        01010500D     91
     126       0       0       2       0                               0D     92
     124      70       0       0       0                        00000000D     93
     124       0       0       3       0                               0D     94
     100      73       0       0       0              93        01010000D     95
     100       0       0       1       0                               0D     96
     102      74       0       0       0                        01010500D     97
     102       0       0       1       0                               0D     98
     102      75       0       0       0                        01010000D     99
     102       0       0       1       0                               0D    100
     142      76       0       0       0                        00010500D    101
     142       0       0       1       0                               0D    102
     144      77       0       0       0                        00000000D    103
     144       0      -1       1       0                               0D    104
     110      78       0       0       0                        01010000D    105
     110       0       0       1       0                               0D    106
     110      79       0       0       0                        01010000D    107
     110       0       0       1       0                               0D    108
     120      80       0       0       0                        01010000D    109
     120       0       0       1       0                               0D    110
     126      81       0       0       0                        01010500D    111
     126       0       0       2       0                               0D    112
     110      83       0       0       0                        01010000D    113
     110       0       0       1       0                               0D    114
     126      84       0       0       0                        01010500D    115
     126       0       0       2       0                               0D    116
     124      86       0       0       0                        00000000D    117
     124       0       0       3       0                               0D    118
     100      89       0       0       0             117        01010000D    119
     100       0       0       1       0                               0D    120
     126      90       0       0       0                        01010500D    121
     126       0       0       2       0                               0D    122
     110      92       0       0       0                        01010000D    123
     110       0       0       1       0                               0D    124
     126      93       0       0       0                        01010500D    125
     126       0       0       2       0                               0D    126
     124      95       0       0       0                        00000000D    127
     124       0       0       3       0                               0D    128
     100      98       0       0       0             127        01010000D    129
     100       0       0       1       0                               0D    130
     102      99       0       0       0                        01010500D    131
     102       0       0       1       0                               0D    132
     102     100       0       0       0                        01010000D    133
     102       0       0       1       0                               0D    134
     142     101       0       0       0                        00010500D    135
     142       0       0       1       0                               0D    136
     144     102       0       0       0                        00000000D    137
     144       0      -1       1       0                               0D    138
     110     103       0       0       0                        01010000D    139
     110       0       0       1       0                               0D    140
     110     104       0       0       0                        01010000D    141
     110       0       0       1       0                               0D    142
     120     105       0       0       0                        01010000D    143
     120       0       0       1       0                               0D    144
     126     106       0       0       0                        01010500D    145
     126       0       0       2       0                               0D    146
     110     108       0       0       0                        01010000D    147
     110       0       0       1       0                               0D    148
     126     109       0       0       0                        01010500D    149
     126       0       0       2       0                               0D    150
     124     111       0       0       0                        00000000D    151
     124       0       0       3       0                               0D    152
     100     114       0       0       0             151        01010000D    153
     100       0       0       1       0                               0D    154
     126     115       0       0       0                        01010500D    155
     126       0       0       2       0                               0D    156
     110     117       0       0       0                        01010000D    157
     110       0       0       1       0                               0D    158
     126     118       0       0       0                        01010500D    159
     126       0       0       2       0                               0D    160
     124     120       0       0       0                        00000000D    161
     124       0       0       4       0                               0D    162
     100     124       0       0       0             161        01010000D    163
     100       0       0       1       0                               0D    164
     102     125       0       0       0                        01010500D    165
     102       0       0       1       0                               0D    166
     102     126       0       0       0                        01010000D    167
     102       0       0       1       0                               0D    168
     142     127       0       0       0                        00010500D    169
     142       0       0       1       0                               0D    170
     144     128       0       0       0                        00000000D    171
     144       0      -1       1       0                               0D    172
     110     129       0       0       0                        01010000D    173
     110       0       0       1       0                               0D    174
     110     130       0       0       0                        01010000D    175
     110       0       0       1       0                               0D    176
     120     131       0       0       0                        01010000D    177
     120       0       0       1       0                               0D    178
     126     132       0       0       0                        01010500D    179
     126       0       0       2       0                               0D    180
     124     134       0       0       0                        00000000D    181
     124       0       0       3       0                               0D    182
     100     137       0       0       0             181        01010000D    183
     100       0       0       1       0                               0D    184
     126     138       0       0       0                        01010500D    185
     126       0       0       2       0                               0D    186
     110     140       0       0       0                        01010000D    187
     110       0       0       1       0                               0D    188
     126     141       0       0       0                        01010500D    189
     126       0       0       2       0                               0D    190
     124     143       0       0       0                        00000000D    191
     124       0       0       3       0                               0D    192
     100     146       0       0       0             191        01010000D    193
     100       0       0       1       0                               0D    194
     126     147       0       0       0                        01010500D    195
     126       0       0       2       0                               0D    196
     110     149       0       0       0                        01010000D    197
     110       0       0       1       0                               0D    198
     102     150       0       0       0                        01010500D    199
     102       0       0       1       0                               0D    200
     102     151       0       0       0                        01010000D    201
     102       0       0       1       0                               0D    202
     142     152       0       0       0                        00010500D    203
     142       0       0       1       0                               0D    204
     126     153       0       0       0                        01010500D    205
     126       0       0       2       0                               0D    206
     124     155       0       0       0                        00000000D    207
     124       0       0       3       0                               0D    208
     100     158       0       0       0             207        01010000D    209
     100       0       0       1       0                               0D    210
     126     159       0       0       0                        01010500D    211
     126       0       0       2       0                               0D    212
     110     161       0       0       0                        01010000D    213
     110       0       0       1       0                               0D    214
     126     162       0       0       0                        01010500D    215
     126       0       0       2       0                               0D    216
     124     164       0       0       0                        00000000D    217
     124       0       0       4       0                               0D    218
     100     168       0       0       0             217        01010000D    219
     100       0       0       1       0                               0D    220
     126     169       0       0       0                        01010500D    221
     126       0       0       2       0                               0D    222
     110     171       0       0       0                        01010000D    223
     110       0       0       1       0                               0D    224
     102     172       0       0       0                        01010500D    225
     102       0       0       1       0                               0D    226
     102     173       0       0       0                        01010000D    227
     102       0       0       1       0                               0D    228
     142     174       0       0       0                        00010500D    229
     142       0       0       1       0                               0D    230
     144     175       0       0       0                        00000000D    231
     144       0      -1       1       0                               0D    232
     128     176       0       0       0                        01010000D    233
     128       0       0       3       0                               0D    234
     126     179       0       0       0                        01010500D    235
     126       0       0       2       0                               0D    236
     110     181       0       0       0                        01010000D    237
     110       0       0       1       0                               0D    238
     126     182       0       0       0                        01010500D    239
     126       0       0       2       0                               0D    240
     110     184       0       0       0                        01010000D    241
     110       0       0       1       0                               0D    242
     126     185       0       0       0                        01010500D    243
     126       0       0      11       0                               0D    244
     124     196       0       0       0                        00000000D    245
     124       0       0       3       0                               0D    246
     100     199       0       0       0             245        01010000D    247
     100       0       0       1       0                               0D    248
     126     200       0       0       0                        01010500D    249
     126       0       0       2       0                               0D    250
     110     202       0       0       0                        01010000D    251
     110       0       0       1       0                               0D    252
     102     203       0       0       0                        01010500D    253
     102       0       0       1       0                               0D    254
     102     204       0       0       0                        01010000D    255
     102       0       0       1       0                               0D    256
     142     205       0       0       0                        00010500D    257
     142       0       0       1       0                               0D    258
     144     206       0       0       0                        00000000D    259
     144       0      -1       1       0                               0D    260
     110     207       0       0       0                        01010000D    261
     110       0       0       1       0                               0D    262
     110     208       0       0       0                        01010000D    263
     110       0       0       1       0                               0D    264
     120     209       0       0       0                        01010000D    265
     120       0       0       1       0                               0D    266
     126     210       0       0       0                        01010500D    267
     126       0       0       2       0                               0D    268
     110     212       0       0       0                        01010000D    269
     110       0       0       1       0                               0D    270
     126     213       0       0       0                        01010500D    271
     126       0       0       8       0                               0D    272
     126     221       0       0       0                        01010000D    273
     126       0       0       5       0                               0D    274
     126     226       0       0       0                        01010500D    275
     126       0       0       2       0                               0D    276
     124     228       0       0       0                        00000000D    277
     124       0       0       4       0                               0D    278
     100     232       0       0       0             277        01010000D    279
     100       0       0       1       0                               0D    280
     126     233       0       0       0                        01010500D    281
     126       0       0       2       0                               0D    282
     110     235       0       0       0                        01010000D    283
     110       0       0       1       0                               0D    284
     126     236       0       0       0                        01010500D    285
     126       0       0       2       0                               0D    286
     100     238       0       0       0                        01010000D    287
     100       0       0       1       0                               0D    288
     126     239       0       0       0                        01010500D    289
     126       0       0       8       0                               0D    290
     126     247       0       0       0                        01010000D    291
     126       0       0       5       0                               0D    292
     102     252       0       0       0                        01010500D    293
     102       0       0       1       0                               0D    294
     102     253       0       0       0                        01010000D    295
     102       0       0       1       0                               0D    296
     142     254       0       0       0                        00010500D    297
     142       0       0       1       0                               0D    298
     144     255       0       0       0                        00000000D    299
     144       0      -1       1       0                               0D    300
     128     256       0       0       0                        01010000D    301
     128       0       0       2       0                               0D    302
     126     258       0       0       0                        01010500D    303
     126       0       0       2       0                               0D    304
     110     260       0       0       0                        01010000D    305
     110       0       0       1       0                               0D    306
     126     261       0       0       0                        01010500D    307
     126       0       0       2       0                               0D    308
     110     263       0       0       0                        01010000D    309
     110       0       0       1       0                               0D    310
     126     264       0       0       0                        01010500D    311
     126       0       0       2       0                               0D    312
     110     266       0       0       0                        01010000D    313
     110       0       0       1       0                               0D    314
     126     267       0       0       0                        01010500D    315
     126       0       0       2       0                               0D    316
     110     269       0       0       0                        01010000D    317
     110       0       0       1       0                               0D    318
     102     270       0       0       0                        01010500D    319
     102       0       0       1       0                               0D    320
     102     271       0       0       0                        01010000D    321
     102       0       0       1       0                               0D    322
     142     272       0       0       0                        00010500D    323
     142       0       0       1       0                               0D    324
     144     273       0       0       0                        00000000D    325
     144       0      -1       1       0                               0D    326
     110     274       0       0       0                        01010000D    327
     110       0       0       1       0                               0D    328
     110     275       0       0       0                        01010000D    329
     110       0       0       1       0                               0D    330
     120     276       0       0       0                        01010000D    331
     120       0       0       1       0                               0D    332
     126     277       0       0       0                        01010500D    333
     126       0       0       2       0                               0D    334
     100     279       0       0       0                        01010000D    335
     100       0       0       1       0                               0D    336
     126     280       0       0       0                        01010500D    337
     126       0       0       2       0                               0D    338
     110     282       0       0       0                        01010000D    339
     110       0       0       1       0                               0D    340
     126     283       0       0       0                        01010500D    341
     126       0       0       2       0                               0D    342
     124     285       0       0       0                        00000000D    343
     124       0       0       4       0                               0D    344
     100     289       0       0       0             343        01010000D    345
     100       0       0       1       0                               0D    346
     126     290       0       0       0                        01010500D    347
     126       0       0       2       0                               0D    348
     110     292       0       0       0                        01010000D    349
     110       0       0       1       0                               0D    350
     102     293       0       0       0                        01010500D    351
     102       0       0       1       0                               0D    352
     102     294       0       0       0                        01010000D    353
     102       0       0       1       0                               0D    354
     142     295       0       0       0                        00010500D    355
     142       0       0       1       0                               0D    356
     144     296       0       0       0                        00000000D    357
     144       0      -1       1       0                               0D    358
     128     297       0       0       0                        01010000D    359
     128       0       0       2       0                               0D    360
     126     299       0       0       0                        01010500D    361
     126       0       0       2       0                               0D    362
     110     301       0       0       0                        01010000D    363
     110       0       0       1       0                               0D    364
     126     302       0       0       0                        01010500D    365
     126       0       0       2       0                               0D    366
     110     304       0       0       0                        01010000D    367
     110       0       0       1       0                               0D    368
     126     305       0       0       0                        01010500D    369
     126       0       0       2       0                               0D    370
     110     307       0       0       0                        01010000D    371
     110       0       0       1       0                               0D    372
     126     308       0       0       0                        01010500D    373
     126       0       0       2       0                               0D    374
     110     310       0       0       0                        01010000D    375
     110       0       0       1       0                               0D    376
     126     311       0       0       0                        01010500D    377
     126       0       0       2       0                               0D    378
     110     313       0       0       0                        01010000D    379
     110       0       0       1       0                               0D    380
     126     314       0       0       0                        01010500D    381
     126       0       0       2       0                               0D    382
     110     316       0       0       0                        01010000D    383
     110       0       0       1       0                               0D    384
     102     317       0       0       0                        01010500D    385
     102       0       0       1       0                               0D    386
     102     318       0       0       0                        01010000D    387
     102       0       0       1       0                               0D    388
     142     319       0       0       0                        00010500D    389
     142       0       0       1       0                               0D    390
     126     320       0       0       0                        01010500D    391
     126       0       0      22       0                               0D    392
     124     342       0       0       0                        00000000D    393
     124       0       0       3       0                               0D    394
     100     345       0       0       0             393        01010000D    395
     100       0       0       1       0                               0D    396
     126     346       0       0       0                        01010500D    397
     126       0       0      22       0                               0D    398
     124     368       0       0       0                        00000000D    399
     124       0       0       4       0                               0D    400
     100     372       0       0       0             399        01010000D    401
     100       0       0       1       0                               0D    402
     102     373       0       0       0                        01010500D    403
     102       0       0       1       0                               0D    404
     102     374       0       0       0                        01010000D    405
     102       0       0       1       0                               0D    406
     142     375       0       0       0                        00010500D    407
     142       0       0       1       0                               0D    408
     126     376       0       0       0                        01010500D    409
     126       0       0      22       0                               0D    410
     124     398       0       0       0                        00000000D    411
     124       0       0       3       0                               0D    412
     100     401       0       0       0             411        01010000D    413
     100       0       0       1       0                               0D    414
     126     402       0       0       0                        01010500D    415
     126       0       0      22       0                               0D    416
     124     424       0       0       0                        00000000D    417
     124       0       0       3       0                               0D    418
     100     427       0       0       0             417        01010000D    419
     100       0       0       1       0                               0D    420
     102     428       0       0       0                        01010500D    421
     102       0       0       1       0                               0D    422
     102     429       0       0       0                        01010000D    423
     102       0       0       1       0                               0D    424
     142     430       0       0       0                        00010500D    425
     142       0       0       1       0                               0D    426
     144     431       0       0       0                        00000000D    427
     144       0      -1       1       0                               0D    428
     128     432       0       0       0                        01010000D    429
     128       0       0       2       0                               0D    430
     126     434       0       0       0                        01010500D    431
     126       0       0       2       0                               0D    432
     110     436       0       0       0                        01010000D    433
     110       0       0       1       0                               0D    434
     126     437       0       0       0                        01010500D    435
     126       0       0       2       0                               0D    436
     110     439       0       0       0                        01010000D    437
     110       0       0       1       0                               0D    438
     126     440       0       0       0                        01010500D    439
     126       0       0       2       0                               0D    440
     110     442       0       0       0                        01010000D    441
     110       0       0       1       0                               0D    442
     126     443       0       0       0                        01010500D    443
     126       0       0       2       0                               0D    444
     110     445       0       0       0                        01010000D    445
     110       0       0       1       0                               0D    446
     102     446       0       0       0                        01010500D    447
     102       0       0       1       0                               0D    448
     102     447       0       0       0                        01010000D    449
     102       0       0       1       0                               0D    450
     142     448       0       0       0                        00010500D    451
     142       0       0       1       0                               0D    452
     144     449       0       0       0                        00000000D    453
     144       0      -1       1       0                               0D    454
     128     450       0       0       0                        01010000D    455
     128       0       0       2       0                               0D    456
     126     452       0       0       0                        01010500D    457
     126       0       0       2       0                               0D    458
     110     454       0       0       0                        01010000D    459
     110       0       0       1       0                               0D    460
     126     455       0       0       0                        01010500D    461
     126       0       0       2       0                               0D    462
     110     457       0       0       0                        01010000D    463
     110       0       0       1       0                               0D    464
     126     458       0       0       0                        01010500D    465
     126       0       0       2       0                               0D    466
     110     460       0       0       0                        01010000D    467
     110       0       0       1       0                               0D    468
     126     461       0       0       0                        01010500D    469
     126       0       0       2       0                               0D    470
     110     463       0       0       0                        01010000D    471
     110       0       0       1       0                               0D    472
     126     464       0       0       0                        01010500D    473
     126       0       0       2       0                               0D    474
     110     466       0       0       0                        01010000D    475
     110       0       0       1       0                               0D    476
     126     467       0       0       0                        01010500D    477
     126       0       0       2       0                               0D    478
     110     469       0       0       0                        01010000D    479
     110       0       0       1       0                               0D    480
     102     470       0       0       0                        01010500D    481
     102       0       0       1       0                               0D    482
     102     471       0       0       0                        01010000D    483
     102       0       0       1       0                               0D    484
     142     472       0       0       0                        00010500D    485
     142       0       0       1       0                               0D    486
     126     473       0       0       0                        01010500D    487
     126       0       0      22       0                               0D    488
     124     495       0       0       0                        00000000D    489
     124       0       0       3       0                               0D    490
     100     498       0       0       0             489        01010000D    491
     100       0       0       1       0                               0D    492
     126     499       0       0       0                        01010500D    493
     126       0       0      22       0                               0D    494
     124     521       0       0       0                        00000000D    495
     124       0       0       3       0                               0D    496
     100     524       0       0       0             495        01010000D    497
     100       0       0       1       0                               0D    498
     102     525       0       0       0                        01010500D    499
     102       0       0       1       0                               0D    500
     102     526       0       0       0                        01010000D    501
     102       0       0       1       0                               0D    502
     142     527       0       0       0                        00010500D    503
     142       0       0       1       0                               0D    504
     126     528       0       0       0                        01010500D    505
     126       0       0      22       0                               0D    506
     124     550       0       0       0                        00000000D    507
     124       0       0       3       0                               0D    508
     100     553       0       0       0             507        01010000D    509
     100       0       0       1       0                               0D    510
     126     554       0       0       0                        01010500D    511
     126       0       0      22       0                               0D    512
     124     576       0       0       0                        00000000D    513
     124       0       0       4       0                               0D    514
     100     580       0       0       0             513        01010000D    515
     100       0       0       1       0                               0D    516
     102     581       0       0       0                        01010500D    517
     102       0       0       1       0                               0D    518
     102     582       0       0       0                        01010000D    519
     102       0       0       1       0                               0D    520
     142     583       0       0       0                        00010500D    521
     142       0       0       1       0                               0D    522
     144     584       0       0       0                        00000000D    523
     144       0      -1       1       0                               0D    524
     110     585       0       0       0                        01010000D    525
     110       0       0       1       0                               0D    526
     110     586       0       0       0                        01010000D    527
     110       0       0       1       0                               0D    528
     120     587       0       0       0                        01010000D    529
     120       0       0       1       0                               0D    530
     126     588       0       0       0                        01010500D    531
     126       0       0       2       0                               0D    532
     110     590       0       0       0                        01010000D    533
     110       0       0       1       0                               0D    534
     126     591       0       0       0                        01010500D    535
     126       0       0       2       0                               0D    536
     124     593       0       0       0                        00000000D    537
     124       0       0       4       0                               0D    538
     100     597       0       0       0             537        01010000D    539
     100       0       0       1       0                               0D    540
     126     598       0       0       0                        01010500D    541
     126       0       0       2       0                               0D    542
     110     600       0       0       0                        01010000D    543
     110       0       0       1       0                               0D    544
     126     601       0       0       0                        01010500D    545
     126       0       0       2       0                               0D    546
     100     603       0       0       0                        01010000D    547
     100       0       0       1       0                               0D    548
     102     604       0       0       0                        01010500D    549
     102       0       0       1       0                               0D    550
     102     605       0       0       0                        01010000D    551
     102       0       0       1       0                               0D    552
     142     606       0       0       0                        00010500D    553
     142       0       0       1       0                               0D    554
     144     607       0       0       0                        00000000D    555
     144       0      -1       1       0                               0D    556
     128     608       0       0       0                        01010000D    557
     128       0       0       2       0                               0D    558
     126     610       0       0       0                        01010500D    559
     126       0       0       2       0                               0D    560
     110     612       0       0       0                        01010000D    561
     110       0       0       1       0                               0D    562
     126     613       0       0       0                        01010500D    563
     126       0       0       2       0                               0D    564
     110     615       0       0       0                        01010000D    565
     110       0       0       1       0                               0D    566
     126     616       0       0       0                        01010500D    567
     126       0       0       2       0                               0D    568
     110     618       0       0       0                        01010000D    569
     110       0       0       1       0                               0D    570
     126     619       0       0       0                        01010500D    571
     126       0       0       2       0                               0D    572
     110     621       0       0       0                        01010000D    573
     110       0       0       1       0                               0D    574
     102     622       0       0       0                        01010500D    575
     102       0       0       1       0                               0D    576
     102     623       0       0       0                        01010000D    577
     102       0       0       1       0                               0D    578
     142     624       0       0       0                        00010500D    579
     142       0       0       1       0                               0D    580
     144     625       0       0       0                        00000000D    581
     144       0      -1       1       0                               0D    582
     110     626       0       0       0                        01010000D    583
     110       0       0       1       0                               0D    584
     110     627       0       0       0                        01010000D    585
     110       0       0       1       0                               0D    586
     120     628       0       0       0                        01010000D    587
     120       0       0       1       0                               0D    588
     126     629       0       0       0                        01010500D    589
     126       0       0       4       0                               0D    590
     126     633       0       0       0                        01010000D    591
     126       0       0       5       0                               0D    592
     126     638       0       0       0                        01010500D    593
     126       0       0       2       0                               0D    594
     110     640       0       0       0                        01010000D    595
     110       0       0       1       0                               0D    596
     126     641       0       0       0                        01010500D    597
     126       0       0       4       0                               0D    598
     126     645       0       0       0                        01010000D    599
     126       0       0       4       0                               0D    600
     126     649       0       0       0                        01010500D    601
     126       0       0       2       0                               0D    602
     124     651       0       0       0                        00000000D    603
     124       0       0       5       0                               0D    604
     100     656       0       0       0             603        01010000D    605
     100       0       0       1       0                               0D    606
     126     657       0       0       0                        01010500D    607
     126       0       0       2       0                               0D    608
     110     659       0       0       0                        01010000D    609
     110       0       0       1       0                               0D    610
     126     660       0       0       0                        01010500D    611
     126       0       0       2       0                               0D    612
     100     662       0       0       0                        01010000D    613
     100       0       0       1       0                               0D    614
     102     663       0       0       0                        01010500D    615
     102       0       0       1       0                               0D    616
     102     664       0       0       0                        01010000D    617
     102       0       0       1       0                               0D    618
     142     665       0       0       0                        00010500D    619
     142       0       0       1       0                               0D    620
     144     666       0       0       0                        00000000D    621
     144       0      -1       1       0                               0D    622
     128     667       0       0       0                        01010000D    623
     128       0       0       3       0                               0D    624
     126     670       0       0       0                        01010500D    625
     126       0       0       2       0                               0D    626
     110     672       0       0       0                        01010000D    627
     110       0       0       1       0                               0D    628
     126     673       0       0       0                        01010500D    629
     126       0       0       2       0                               0D    630
     110     675       0       0       0                        01010000D    631
     110       0       0       1       0                               0D    632
     126     676       0       0       0                        01010500D    633
     126       0       0      11       0                               0D    634
     124     687       0       0       0                        00000000D    635
     124       0       0       4       0                               0D    636
     100     691       0       0       0             635        01010000D    637
     100       0       0       1       0                               0D    638
     126     692       0       0       0                        01010500D    639
     126       0       0       2       0                               0D    640
     110     694       0       0       0                        01010000D    641
     110       0       0       1       0                               0D    642
     102     695       0       0       0                        01010500D    643
     102       0       0       1       0                               0D    644
     102     696       0       0       0                        01010000D    645
     102       0       0       1       0                               0D    646
     142     697       0       0       0                        00010500D    647
     142       0       0       1       0                               0D    648
     144     698       0       0       0                        00000000D    649
     144       0      -1       1       0                               0D    650
     128     699       0       0       0                        01010000D    651
     128       0       0       3       0                               0D    652
     126     702       0       0       0                        01010500D    653
     126       0       0       2       0                               0D    654
     110     704       0       0       0                        01010000D    655
     110       0       0       1       0                               0D    656
     126     705       0       0       0                        01010500D    657
     126       0       0       2       0                               0D    658
     110     707       0       0       0                        01010000D    659
     110       0       0       1       0                               0D    660
     126     708       0       0       0                        01010500D    661
     126       0       0      11       0                               0D    662
     126     719       0       0       0                        01010000D    663
     126       0       0       5       0                               0D    664
     126     724       0       0       0                        01010500D    665
     126       0       0       2       0                               0D    666
     110     726       0       0       0                        01010000D    667
     110       0       0       1       0                               0D    668
     126     727       0       0       0                        01010500D    669
     126       0       0       2       0                               0D    670
     126     729       0       0       0                        01010000D    671
     126       0       0       4       0                               0D    672
     126     733       0       0       0                        01010500D    673
     126       0       0       2       0                               0D    674
     110     735       0       0       0                        01010000D    675
     110       0       0       1       0                               0D    676
     102     736       0       0       0                        01010500D    677
     102       0       0       1       0                               0D    678
     102     737       0       0       0                        01010000D    679
     102       0       0       1       0                               0D    680
     142     738       0       0       0                        00010500D    681
     142       0       0       1       0                               0D    682
     144     739       0       0       0                        00000000D    683
     144       0      -1       1       0                               0D    684
     128     740       0       0       0                        01010000D    685
     128       0       0       3       0                               0D    686
     126     743       0       0       0                        01010500D    687
     126       0       0       2       0                               0D    688
     110     745       0       0       0                        01010000D    689
     110       0       0       1       0                               0D    690
     126     746       0       0       0                        01010500D    691
     126       0       0       2       0                               0D    692
     110     748       0       0       0                        01010000D    693
     110       0       0       1       0                               0D    694
     126     749       0       0       0                        01010500D    695
     126       0       0       2       0                               0D    696
     110     751       0       0       0                        01010000D    697
     110       0       0       1       0                               0D    698
     126     752       0       0       0                        01010500D    699
     126       0       0      12       0                               0D    700
     124     764       0       0       0                        00000000D    701
     124       0       0       4       0                               0D    702
     100     768       0       0       0             701        01010000D    703
     100       0       0       1       0                               0D    704
     126     769       0       0       0                        01010500D    705
     126       0       0       2       0                               0D    706
     110     771       0       0       0                        01010000D    707
     110       0       0       1       0                               0D    708
     126     772       0       0       0                        01010500D    709
     126       0       0      11       0                               0D    710
     100     783       0       0       0                        01010000D    711
     100       0       0       1       0                               0D    712
     126     784       0       0       0                        01010500D    713
     126       0       0       2       0                               0D    714
     110     786       0       0       0                        01010000D    715
     110       0       0       1       0                               0D    716
     126     787       0       0       0                        01010500D    717
     126       0       0       3       0                               0D    718
     124     790       0       0       0                        00000000D    719
     124       0       0       4       0                               0D    720
     100     794       0       0       0             719        01010000D    721
     100       0       0       1       0                               0D    722
     126     795       0       0       0                        01010500D    723
     126       0       0       2       0                               0D    724
     110     797       0       0       0                        01010000D    725
     110       0       0       1       0                               0D    726
     126     798       0       0       0                        01010500D    727
     126       0       0      11       0                               0D    728
     100     809       0       0       0                        01010000D    729
     100       0       0       1       0                               0D    730
     102     810       0       0       0                        01010500D    731
     102       0       0       1       0                               0D    732
     102     811       0       0       0                        01010000D    733
     102       0       0       1       0                               0D    734
     142     812       0       0       0                        00010500D    735
     142       0       0       1       0                               0D    736
     144     813       0       0       0                        00000000D    737
     144       0      -1       1       0                               0D    738
     128     814       0       0       0                        01010000D    739
     128       0       0       3       0                               0D    740
     126     817       0       0       0                        01010500D    741
     126       0       0       2       0                               0D    742
     110     819       0       0       0                        01010000D    743
     110       0       0       1       0                               0D    744
     126     820       0       0       0                        01010500D    745
     126       0       0       2       0                               0D    746
     110     822       0       0       0                        01010000D    747
     110       0       0       1       0                               0D    748
     126     823       0       0       0                        01010500D    749
     126       0       0       2       0                               0D    750
     110     825       0       0       0                        01010000D    751
     110       0       0       1       0                               0D    752
     126     826       0       0       0                        01010500D    753
     126       0       0      11       0                               0D    754
     124     837       0       0       0                        00000000D    755
     124       0       0       4       0                               0D    756
     100     841       0       0       0             755        01010000D    757
     100       0       0       1       0                               0D    758
     126     842       0       0       0                        01010500D    759
     126       0       0       2       0                               0D    760
     110     844       0       0       0                        01010000D    761
     110       0       0       1       0                               0D    762
     126     845       0       0       0                        01010500D    763
     126       0       0       3       0                               0D    764
     100     848       0       0       0                        01010000D    765
     100       0       0       1       0                               0D    766
     126     849       0       0       0                        01010500D    767
     126       0       0       2       0                               0D    768
     110     851       0       0       0                        01010000D    769
     110       0       0       2       0                               0D    770
     126     853       0       0       0                        01010500D    771
     126       0       0      11       0                               0D    772
     124     864       0       0       0                        00000000D    773
     124       0       0       4       0                               0D    774
     100     868       0       0       0             773        01010000D    775
     100       0       0       1       0                               0D    776
     126     869       0       0       0                        01010500D    777
     126       0       0       2       0                               0D    778
     110     871       0       0       0                        01010000D    779
     110       0       0       1       0                               0D    780
     126     872       0       0       0                        01010500D    781
     126       0       0      12       0                               0D    782
     100     884       0       0       0                        01010000D    783
     100       0       0       1       0                               0D    784
     102     885       0       0       0                        01010500D    785
     102       0       0       1       0                               0D    786
     102     886       0       0       0                        01010000D    787
     102       0       0       1       0                               0D    788
     142     887       0       0       0                        00010500D    789
     142       0       0       1       0                               0D    790
     144     888       0       0       0                        00000000D    791
     144       0      -1       1       0                               0D    792
     128     889       0       0       0                        01010000D    793
     128       0       0       4       0                               0D    794
     126     893       0       0       0                        01010500D    795
     126       0       0       2       0                               0D    796
     110     895       0       0       0                        01010000D    797
     110       0       0       1       0                               0D    798
     126     896       0       0       0                        01010500D    799
     126       0       0       2       0                               0D    800
     110     898       0       0       0                        01010000D    801
     110       0       0       1       0                               0D    802
     126     899       0       0       0                        01010500D    803
     126       0       0       2       0                               0D    804
     126     901       0       0       0                        01010000D    805
     126       0       0       4       0                               0D    806
     126     905       0       0       0                        01010500D    807
     126       0       0       2       0                               0D    808
     110     907       0       0       0                        01010000D    809
     110       0       0       2       0                               0D    810
     126     909       0       0       0                        01010500D    811
     126       0       0      11       0                               0D    812
     126     920       0       0       0                        01010000D    813
     126       0       0       5       0                               0D    814
     126     925       0       0       0                        01010500D    815
     126       0       0       2       0                               0D    816
     110     927       0       0       0                        01010000D    817
     110       0       0       1       0                               0D    818
     102     928       0       0       0                        01010500D    819
     102       0       0       1       0                               0D    820
     102     929       0       0       0                        01010000D    821
     102       0       0       1       0                               0D    822
     142     930       0       0       0                        00010500D    823
     142       0       0       1       0                               0D    824
     144     931       0       0       0                        00000000D    825
     144       0      -1       1       0                               0D    826
     110     932       0       0       0                        01010000D    827
     110       0       0       1       0                               0D    828
     110     933       0       0       0                        01010000D    829
     110       0       0       1       0                               0D    830
     120     934       0       0       0                        01010000D    831
     120       0       0       1       0                               0D    832
     126     935       0       0       0                        01010500D    833
     126       0       0       2       0                               0D    834
     110     937       0       0       0                        01010000D    835
     110       0       0       1       0                               0D    836
     126     938       0       0       0                        01010500D    837
     126       0       0       2       0                               0D    838
     124     940       0       0       0                        00000000D    839
     124       0       0       3       0                               0D    840
     100     943       0       0       0             839        01010000D    841
     100       0       0       1       0                               0D    842
     126     944       0       0       0                        01010500D    843
     126       0       0       2       0                               0D    844
     110     946       0       0       0                        01010000D    845
     110       0       0       1       0                               0D    846
     126     947       0       0       0                        01010500D    847
     126       0       0       2       0                               0D    848
     124     949       0       0       0                        00000000D    849
     124       0       0       3       0                               0D    850
     100     952       0       0       0             849        01010000D    851
     100       0       0       1       0                               0D    852
     102     953       0       0       0                        01010500D    853
     102       0       0       1       0                               0D    854
     102     954       0       0       0                        01010000D    855
     102       0       0       1       0                               0D    856
     142     955       0       0       0                        00010500D    857
     142       0       0       1       0                               0D    858
     144     956       0       0       0                        00000000D    859
     144       0      -1       1       0                               0D    860
     128     957       0       0       0                        01010000D    861
     128       0       0       3       0                               0D    862
     126     960       0       0       0                        01010500D    863
     126       0       0      22       0                               0D    864
     124     982       0       0       0                        00000000D    865
     124       0       0       3       0                               0D    866
     100     985       0       0       0             865        01010000D    867
     100       0       0       1       0                               0D    868
     126     986       0       0       0                        01010500D    869
     126       0       0      22       0                               0D    870
     124    1008       0       0       0                        00000000D    871
     124       0       0       3       0                               0D    872
     100    1011       0       0       0             871        01010000D    873
     100       0       0       1       0                               0D    874
     102    1012       0       0       0                        01010500D    875
     102       0       0       1       0                               0D    876
     102    1013       0       0       0                        01010000D    877
     102       0       0       1       0                               0D    878
     142    1014       0       0       0                        00010500D    879
     142       0       0       1       0                               0D    880
     126    1015       0       0       0                        01010500D    881
     126       0       0      22       0                               0D    882
     124    1037       0       0       0                        00000000D    883
     124       0       0       3       0                               0D    884
     100    1040       0       0       0             883        01010000D    885
     100       0       0       1       0                               0D    886
     126    1041       0       0       0                        01010500D    887
     126       0       0      22       0                               0D    888
     124    1063       0       0       0                        00000000D    889
     124       0       0       3       0                               0D    890
     100    1066       0       0       0             889        01010000D    891
     100       0       0       1       0                               0D    892
     102    1067       0       0       0                        01010500D    893
     102       0       0       1       0                               0D    894
     102    1068       0       0       0                        01010000D    895
     102       0       0       1       0                               0D    896
     142    1069       0       0       0                        00010500D    897
     142       0       0       1       0                               0D    898
     144    1070       0       0       0                        00000000D    899
     144       0      -1       1       0                               0D    900
     128    1071       0       0       0                        01010000D    901
     128       0       0       3       0                               0D    902
     126    1074       0       0       0                        01010500D    903
     126       0       0      22       0                               0D    904
     124    1096       0       0       0                        00000000D    905
     124       0       0       3       0                               0D    906
     100    1099       0       0       0             905        01010000D    907
     100       0       0       1       0                               0D    908
     126    1100       0       0       0                        01010500D    909
     126       0       0      22       0                               0D    910
     124    1122       0       0       0                        00000000D    911
     124       0       0       3       0                               0D    912
     100    1125       0       0       0             911        01010000D    913
     100       0       0       1       0                               0D    914
     102    1126       0       0       0                        01010500D    915
     102       0       0       1       0                               0D    916
     102    1127       0       0       0                        01010000D    917
     102       0       0       1       0                               0D    918
     142    1128       0       0       0                        00010500D    919
     142       0       0       1       0                               0D    920
     126    1129       0       0       0                        01010500D    921
     126       0       0      22       0                               0D    922
     124    1151       0       0       0                        00000000D    923
     124       0       0       3       0                               0D    924
     100    1154       0       0       0             923        01010000D    925
     100       0       0       1       0                               0D    926
     126    1155       0       0       0                        01010500D    927
     126       0       0      22       0                               0D    928
     124    1177       0       0       0                        00000000D    929
     124       0       0       3       0                               0D    930
     100    1180       0       0       0             929        01010000D    931
     100       0       0       1       0                               0D    932
     102    1181       0       0       0                        01010500D    933
     102       0       0       1       0                               0D    934
     102    1182       0       0       0                        01010000D    935
     102       0       0       1       0                               0D    936
     142    1183       0       0       0                        00010500D    937
     142       0       0       1       0                               0D    938
     144    1184       0       0       0                        00000000D    939
     144       0      -1       1       0                               0D    940
     110    1185       0       0       0                        01010000D    941
     110       0       0       1       0                               0D    942
     110    1186       0       0       0                        01010000D    943
     110       0       0       1       0                               0D    944
     120    1187       0       0       0                        01010000D    945
     120       0       0       1       0                               0D    946
     126    1188       0       0       0                        01010500D    947
     126       0       0       2       0                               0D    948
     124    1190       0       0       0                        00000000D    949
     124       0       0       3       0                               0D    950
     100    1193       0       0       0             949        01010000D    951
     100       0       0       1       0                               0D    952
     126    1194       0       0       0                        01010500D    953
     126       0       0       2       0                               0D    954
     110    1196       0       0       0                        01010000D    955
     110       0       0       1       0                               0D    956
     126    1197       0       0       0                        01010500D    957
     126       0       0       2       0                               0D    958
     124    1199       0       0       0                        00000000D    959
     124       0       0       4       0                               0D    960
     100    1203       0       0       0             959        01010000D    961
     100       0       0       1       0                               0D    962
     126    1204       0       0       0                        01010500D    963
     126       0       0       2       0                               0D    964
     110    1206       0       0       0                        01010000D    965
     110       0       0       1       0                               0D    966
     102    1207       0       0       0                        01010500D    967
     102       0       0       1       0                               0D    968
     102    1208       0       0       0                        01010000D    969
     102       0       0       1       0                               0D    970
     142    1209       0       0       0                        00010500D    971
     142       0       0       1       0                               0D    972
     144    1210       0       0       0                        00000000D    973
     144       0      -1       1       0                               0D    974
     110    1211       0       0       0                        01010000D    975
     110       0       0       1       0                               0D    976
     110    1212       0       0       0                        01010000D    977
     110       0       0       1       0                               0D    978
     120    1213       0       0       0                        01010000D    979
     120       0       0       1       0                               0D    980
     126    1214       0       0       0                        01010500D    981
     126       0       0       2       0                               0D    982
     124    1216       0       0       0                        00000000D    983
     124       0       0       3       0                               0D    984
     100    1219       0       0       0             983        01010000D    985
     100       0       0       1       0                               0D    986
     126    1220       0       0       0                        01010500D    987
     126       0       0       2       0                               0D    988
     110    1222       0       0       0                        01010000D    989
     110       0       0       1       0                               0D    990
     126    1223       0       0       0                        01010500D    991
     126       0       0       2       0                               0D    992
     124    1225       0       0       0                        00000000D    993
     124       0       0       4       0                               0D    994
     100    1229       0       0       0             993        01010000D    995
     100       0       0       1       0                               0D    996
     126    1230       0       0       0                        01010500D    997
     126       0       0       2       0                               0D    998
     110    1232       0       0       0                        01010000D    999
     110       0       0       1       0                               0D   1000
     102    1233       0       0       0                        01010500D   1001
     102       0       0       1       0                               0D   1002
     102    1234       0       0       0                        01010000D   1003
     102       0       0       1       0                               0D   1004
     142    1235       0       0       0                        00010500D   1005
     142       0       0       1       0                               0D   1006
     144    1236       0       0       0                        00000000D   1007
     144       0      -1       1       0                               0D   1008
     110    1237       0       0       0                        01010000D   1009
     110       0       0       1       0                               0D   1010
     110    1238       0       0       0                        01010000D   1011
     110       0       0       1       0                               0D   1012
     120    1239       0       0       0                        01010000D   1013
     120       0       0       1       0                               0D   1014
     126    1240       0       0       0                        01010500D   1015
     126       0       0       2       0                               0D   1016
     124    1242       0       0       0                        00000000D   1017
     124       0       0       4       0                               0D   1018
     100    1246       0       0       0            1017        01010000D   1019
     100       0       0       1       0                               0D   1020
     126    1247       0       0       0                        01010500D   1021
     126       0       0       2       0                               0D   1022
     110    1249       0       0       0                        01010000D   1023
     110       0       0       1       0                               0D   1024
     126    1250       0       0       0                        01010500D   1025
     126       0       0       2       0                               0D   1026
     124    1252       0       0       0                        00000000D   1027
     124       0       0       3       0                               0D   1028
     100    1255       0       0       0            1027        01010000D   1029
     100       0       0       1       0                               0D   1030
     126    1256       0       0       0                        01010500D   1031
     126       0       0       2       0                               0D   1032
     110    1258       0       0       0                        01010000D   1033
     110       0       0       1       0                               0D   1034
     102    1259       0       0       0                        01010500D   1035
     102       0       0       1       0                               0D   1036
     102    1260       0       0       0                        01010000D   1037
     102       0       0       1       0                               0D   1038
     142    1261       0       0       0                        00010500D   1039
     142       0       0       1       0                               0D   1040
     144    1262       0       0       0                        00000000D   1041
     144       0      -1       1       0                               0D   1042
     128    1263       0       0       0                        01010000D   1043
     128       0       0       3       0                               0D   1044
     126    1266       0       0       0                        01010500D   1045
     126       0       0       2       0                               0D   1046
     110    1268       0       0       0                        01010000D   1047
     110       0       0       1       0                               0D   1048
     126    1269       0       0       0                        01010500D   1049
     126       0       0       2       0                               0D   1050
     110    1271       0       0       0                        01010000D   1051
     110       0       0       1       0                               0D   1052
     126    1272       0       0       0                        01010500D   1053
     126       0       0       2       0                               0D   1054
     110    1274       0       0       0                        01010000D   1055
     110       0       0       1       0                               0D   1056
     126    1275       0       0       0                        01010500D   1057
     126       0       0       2       0                               0D   1058
     110    1277       0       0       0                        01010000D   1059
     110       0       0       1       0                               0D   1060
     102    1278       0       0       0                        01010500D   1061
     102       0       0       1       0                               0D   1062
     102    1279       0       0       0                        01010000D   1063
     102       0       0       1       0                               0D   1064
     142    1280       0       0       0                        00010500D   1065
     142       0       0       1       0                               0D   1066
     144    1281       0       0       0                        00000000D   1067
     144       0      -1       1       0                               0D   1068
     128    1282       0       0       0                        01010000D   1069
     128       0       0       2       0                               0D   1070
     126    1284       0       0       0                        01010500D   1071
     126       0       0       2       0                               0D   1072
     110    1286       0       0       0                        01010000D   1073
     110       0       0       1       0                               0D   1074
     126    1287       0       0       0                        01010500D   1075
     126       0       0       2       0                               0D   1076
     110    1289       0       0       0                        01010000D   1077
     110       0       0       1       0                               0D   1078
     126    1290       0       0       0                        01010500D   1079
     126       0       0       2       0                               0D   1080
     110    1292       0       0       0                        01010000D   1081
     110       0       0       1       0                               0D   1082
     126    1293       0       0       0                        01010500D   1083
     126       0       0       2       0                               0D   1084
     110    1295       0       0       0                        01010000D   1085
     110       0       0       1       0                               0D   1086
     102    1296       0       0       0                        01010500D   1087
     102       0       0       1       0                               0D   1088
     102    1297       0       0       0                        01010000D   1089
     102       0       0       1       0                               0D   1090
     142    1298       0       0       0                        00010500D   1091
     142       0       0       1       0                               0D   1092
     144    1299       0       0       0                        00000000D   1093
     144       0      -1       1       0                               0D   1094
     110    1300       0       0       0                        01010000D   1095
     110       0       0       1       0                               0D   1096
     110    1301       0       0       0                        01010000D   1097
     110       0       0       1       0                               0D   1098
     120    1302       0       0       0                        01010000D   1099
     120       0       0       1       0                               0D   1100
     126    1303       0       0       0                        01010500D   1101
     126       0       0       2       0                               0D   1102
     124    1305       0       0       0                        00000000D   1103
     124       0       0       3       0                               0D   1104
     100    1308       0       0       0            1103        01010000D   1105
     100       0       0       1       0                               0D   1106
     126    1309       0       0       0                        01010500D   1107
     126       0       0       2       0                               0D   1108
     110    1311       0       0       0                        01010000D   1109
     110       0       0       1       0                               0D   1110
     126    1312       0       0       0                        01010500D   1111
     126       0       0       2       0                               0D   1112
     124    1314       0       0       0                        00000000D   1113
     124       0       0       4       0                               0D   1114
     100    1318       0       0       0            1113        01010000D   1115
     100       0       0       1       0                               0D   1116
     126    1319       0       0       0                        01010500D   1117
     126       0       0       2       0                               0D   1118
     110    1321       0       0       0                        01010000D   1119
     110       0       0       1       0                               0D   1120
     102    1322       0       0       0                        01010500D   1121
     102       0       0       1       0                               0D   1122
     102    1323       0       0       0                        01010000D   1123
     102       0       0       1       0                               0D   1124
     142    1324       0       0       0                        00010500D   1125
     142       0       0       1       0                               0D   1126
     144    1325       0       0       0                        00000000D   1127
     144       0      -1       1       0                               0D   1128
     110    1326       0       0       0                        01010000D   1129
     110       0       0       1       0                               0D   1130
     110    1327       0       0       0                        01010000D   1131
     110       0       0       1       0                               0D   1132
     120    1328       0       0       0                        01010000D   1133
     120       0       0       1       0                               0D   1134
     126    1329       0       0       0                        01010500D   1135
     126       0       0       2       0                               0D   1136
     124    1331       0       0       0                        00000000D   1137
     124       0       0       3       0                               0D   1138
     100    1334       0       0       0            1137        01010000D   1139
     100       0       0       1       0                               0D   1140
     126    1335       0       0       0                        01010500D   1141
     126       0       0       2       0                               0D   1142
     110    1337       0       0       0                        01010000D   1143
     110       0       0       1       0                               0D   1144
     126    1338       0       0       0                        01010500D   1145
     126       0       0       2       0                               0D   1146
     124    1340       0       0       0                        00000000D   1147
     124       0       0       3       0                               0D   1148
     100    1343       0       0       0            1147        01010000D   1149
     100       0       0       1       0                               0D   1150
     126    1344       0       0       0                        01010500D   1151
     126       0       0       2       0                               0D   1152
     110    1346       0       0       0                        01010000D   1153
     110       0       0       1       0                               0D   1154
     102    1347       0       0       0                        01010500D   1155
     102       0       0       1       0                               0D   1156
     102    1348       0       0       0                        01010000D   1157
     102       0       0       1       0                               0D   1158
     142    1349       0       0       0                        00010500D   1159
     142       0       0       1       0                               0D   1160
     144    1350       0       0       0                        00000000D   1161
     144       0      -1       1       0                               0D   1162
314,79.2156862745098,81.9607843137255,93.3333333333333,;               1P      1
110,0.,-988.,0.,0.,12.,0.;                                             3P      2
110,0.,12.,4.,0.,13.,5.;                                               5P      3
120,3,5,0.,6.28318530717959;                                           7P      4
126,1,1,1,0,1,0,0.,0.,1.,1.,1.,1.,0.,6.283185307,0.,1.,                9P      5
6.283185307,0.,0.,1.,0.,0.,1.;                                         9P      6
110,0.,12.,4.,0.,13.,5.;                                              11P      7
126,1,1,1,0,1,0,0.,0.,1.,1.,1.,1.,1.,6.283185307,0.,1.,               13P      8
3.141592654,0.,0.,1.,0.,0.,1.;                                        13P      9
124,6.12323399573677E-017,-1.,0.,13.,6.12323399573677E-017,           15P     10
3.74939945665464E-033,-1.,13.,1.,6.12323399573677E-017,               15P     11
6.12323399573677E-017,9.38703056531027E-016;                          15P     12
100,0.,0.,13.,5.,13.,-5.,13.;                                         17P     13
126,1,1,1,0,1,0,0.,0.,1.,1.,1.,1.,1.,3.141592654,0.,0.,               19P     14
3.141592654,0.,0.,1.,0.,0.,1.;                                        19P     15
110,0.,13.,-5.,0.,12.,-4.;                                            21P     16
126,1,1,1,0,1,0,0.,0.,1.,1.,1.,1.,0.,3.141592654,0.,0.,               23P     17
6.283185307,0.,0.,1.,0.,0.,1.;                                        23P     18
124,6.12323399573677E-017,-1.,0.,12.,6.12323399573677E-017,           25P     19
3.74939945665464E-033,1.,12.,-1.,-6.12323399573677E-017,              25P     20
6.12323399573677E-017,2.46951155546522E-015;                          25P     21
100,0.,0.,12.,4.,12.,-4.,12.;                                         27P     22
102,4,9,13,19,23;                                                     29P     23
102,4,11,17,21,27;                                                    31P     24
142,1,7,29,31,1;                                                      33P     25
144,7,1,0,33;                                                         35P     26
110,0.,995.,0.,0.,-5.,0.;                                             37P     27
110,0.,-4.,-4.,0.,-5.,-5.;                                            39P     28
120,37,39,0.,6.28318530717959;                                        41P     29
126,1,1,1,0,1,0,0.,0.,1.,1.,1.,1.,0.,6.283185307,0.,1.,               43P     30
6.283185307,0.,0.,1.,0.,0.,1.;                                        43P     31
110,0.,-4.,-4.,0.,-5.,-5.;                                            45P     32
126,1,1,1,0,1,0,0.,0.,1.,1.,1.,1.,1.,6.283185307,0.,1.,               47P     33
3.141592654,0.,0.,1.,0.,0.,1.;                                        47P     34
124,6.12323399573677E-017,-1.,0.,-5.,6.12323399573677E-017,           49P     35
3.74939945665464E-033,1.,-5.,-1.,-6.12323399573677E-017,              49P     36
6.12323399573677E-017,1.42856177618997E-015;                          49P     37
100,0.,0.,-5.,5.,-5.,-5.,-5.;                                         51P     38
126,1,1,1,0,1,0,0.,0.,1.,1.,1.,1.,1.,3.141592654,0.,0.,               53P     39
3.141592654,0.,0.,1.,0.,0.,1.;                                        53P     40
110,0.,-5.,5.,0.,-4.,4.;                                              55P     41
126,1,1,1,0,1,0,0.,0.,1.,1.,1.,1.,0.,3.141592654,0.,0.,               57P     42
6.283185307,0.,0.,1.,0.,0.,1.;                                        57P     43
124,6.12323399573677E-017,-1.,0.,-4.00000000000001,                   59P     44
6.12323399573677E-017,3.74939945665464E-033,-1.,                      59P     45
-4.00000000000001,1.,6.12323399573677E-017,                           59P     46
6.12323399573677E-017,1.97965283580628E-015;                          59P     47
100,0.,0.,-4.,4.,-4.,-4.,-4.;                                         61P     48
102,4,43,47,53,57;                                                    63P     49
102,4,45,51,55,61;                                                    65P     50
142,1,41,63,65,1;                                                     67P     51
144,41,1,0,67;                                                        69P     52
110,76.,-20.,12.,76.,980.,12.;                                        71P     53
110,76.,-20.,15.719980873,76.,-12.,15.719980873;                      73P     54
120,71,73,0.,6.28318530717959;                                        75P     55
126,1,1,1,0,1,0,0.,0.,1.,1.,1.,1.,0.,6.283185307,0.,1.,               77P     56
6.283185307,0.,0.,1.,0.,0.,1.;                                        77P     57
110,76.,-20.,15.719980873,76.,-12.,15.719980873;                      79P     58
126,1,1,1,0,1,0,0.,0.,1.,1.,1.,1.,1.,6.283185307,0.,1.,               81P     59
3.141592654,0.,0.,1.,0.,0.,1.;                                        81P     60
124,6.12323399573677E-017,-1.,0.,64.,6.12323399573677E-017,           83P     61
3.74939945665464E-033,-1.,-2.47355514689932E-014,1.,                  83P     62
6.12323399573677E-017,6.12323399573677E-017,-64.;                     83P     63
100,12.,76.,-12.,79.719980873,-12.,72.280019127,-12.;                 85P     64
126,1,1,1,0,1,0,0.,0.,1.,1.,1.,1.,1.,3.141592654,0.,0.,               87P     65
3.141592654,0.,0.,1.,0.,0.,1.;                                        87P     66
110,76.,-12.,8.280019127,76.,-20.,8.280019127;                        89P     67
126,1,1,1,0,1,0,0.,0.,1.,1.,1.,1.,0.,3.141592654,0.,0.,               91P     68
6.283185307,0.,0.,1.,0.,0.,1.;                                        91P     69
124,6.12323399573677E-017,-1.,0.,56.,6.12323399573677E-017,           93P     70
3.74939945665464E-033,1.,-32.,-1.,-6.12323399573677E-017,             93P     71
6.12323399573677E-017,88.;                                            93P     72
100,12.,76.,-20.,79.719980873,-20.,72.280019127,-20.;                 95P     73
102,4,77,81,87,91;                                                    97P     74
102,4,79,85,89,95;                                                    99P     75
142,1,75,97,99,1;                                                    101P     76
144,75,1,0,101;                                                      103P     77
110,76.,-20.,-12.,76.,980.,-12.;                                     105P     78
110,76.,-20.,-8.280019127,76.,-12.,-8.280019127;                     107P     79
120,105,107,0.,6.28318530717959;                                     109P     80
126,1,1,1,0,1,0,0.,0.,1.,1.,1.,1.,0.,6.283185307,0.,1.,              111P     81
6.283185307,0.,0.,1.,0.,0.,1.;                                       111P     82
110,76.,-20.,-8.280019127,76.,-12.,-8.280019127;                     113P     83
126,1,1,1,0,1,0,0.,0.,1.,1.,1.,1.,1.,6.283185307,0.,1.,              115P     84
3.141592654,0.,0.,1.,0.,0.,1.;                                       115P     85
124,6.12323399573677E-017,-1.,0.,64.,6.12323399573677E-017,          117P     86
3.74939945665464E-033,-1.,-24.,1.,6.12323399573677E-017,             117P     87
6.12323399573677E-017,-88.;                                          117P     88
100,-12.,76.,-12.,79.719980873,-12.,72.280019127,-12.;               119P     89
126,1,1,1,0,1,0,0.,0.,1.,1.,1.,1.,1.,3.141592654,0.,0.,              121P     90
3.141592654,0.,0.,1.,0.,0.,1.;                                       121P     91
110,76.,-12.,-15.719980873,76.,-20.,-15.719980873;                   123P     92
126,1,1,1,0,1,0,0.,0.,1.,1.,1.,1.,0.,3.141592654,0.,0.,              125P     93
6.283185307,0.,0.,1.,0.,0.,1.;                                       125P     94
124,6.12323399573677E-017,-1.,0.,56.,6.12323399573677E-017,          127P     95
3.74939945665464E-033,1.,-7.99999999999998,-1.,                      127P     96
-6.12323399573677E-017,6.12323399573677E-017,64.;                    127P     97
100,-12.,76.,-20.,79.719980873,-20.,72.280019127,-20.;               129P     98
102,4,111,115,121,125;                                               131P     99
102,4,113,119,123,129;                                               133P    100
142,1,109,131,133,1;                                                 135P    101
144,109,1,0,135;                                                     137P    102
110,0.,-20.,0.,0.,980.,0.;                                           139P    103
110,0.,-4.,4.,0.,12.,4.;                                             141P    104
120,139,141,0.,6.28318530717959;                                     143P    105
126,1,1,1,0,1,0,0.,0.,1.,1.,1.,1.,0.,6.283185307,0.,1.,              145P    106
6.283185307,0.,0.,1.,0.,0.,1.;                                       145P    107
110,0.,-4.,4.,0.,12.,4.;                                             147P    108
126,1,1,1,0,1,0,0.,0.,1.,1.,1.,1.,1.,6.283185307,0.,1.,              149P    109
3.141592654,0.,0.,1.,0.,0.,1.;                                       149P    110
124,6.12323399573677E-017,-1.,0.,12.,6.12323399573677E-017,          151P    111
3.74939945665464E-033,-1.,12.,1.,6.12323399573677E-017,              151P    112
6.12323399573677E-017,9.99935396488393E-016;                         151P    113
100,0.,0.,12.,4.,12.,-4.,12.;                                        153P    114
126,1,1,1,0,1,0,0.,0.,1.,1.,1.,1.,1.,3.141592654,0.,0.,              155P    115
3.141592654,0.,0.,1.,0.,0.,1.;                                       155P    116
110,0.,12.,-4.,0.,-4.,-4.;                                           157P    117
126,1,1,1,0,1,0,0.,0.,1.,1.,1.,1.,0.,3.141592654,0.,0.,              159P    118
6.283185307,0.,0.,1.,0.,0.,1.;                                       159P    119
124,6.12323399573677E-017,-1.,0.,-4.00000000000001,                  161P    120
6.12323399573677E-017,3.74939945665464E-033,1.,                      161P    121
-4.00000000000001,-1.,-6.12323399573677E-017,                        161P    122
6.12323399573677E-017,1.48979411614734E-015;                         161P    123
100,0.,0.,-4.,4.,-4.,-4.,-4.;                                        163P    124
102,4,145,149,155,159;                                               165P    125
102,4,147,153,157,163;                                               167P    126
142,1,143,165,167,1;                                                 169P    127
144,143,1,0,169;                                                     171P    128
110,0.,-5.,0.,0.,995.,0.;                                            173P    129
110,0.,-5.,12.,0.,13.,12.;                                           175P    130
120,173,175,0.,6.28318530717959;                                     177P    131
126,1,1,1,0,1,0,0.,0.,1.,1.,1.,1.,0.,0.,0.,0.,3.141592654,0.,        179P    132
0.,1.,0.,0.,1.;                                                      179P    133
124,1.40271576953299E-014,1.,0.,5.,-6.12323399573677E-017,           181P    134
8.58915688636046E-031,1.,-5.,1.,-1.40271576953299E-014,              181P    135
6.12323399573677E-017,-6.84010650006727E-014;                        181P    136
100,0.,0.,-5.,12.,-5.,-12.,-5.;                                      183P    137
126,1,1,1,0,1,0,0.,0.,1.,1.,1.,1.,0.,3.141592654,0.,1.,              185P    138
3.141592654,0.,0.,1.,0.,0.,1.;                                       185P    139
110,0.,-5.,-12.,0.,13.,-12.;                                         187P    140
126,1,1,1,0,1,0,0.,0.,1.,1.,1.,1.,1.,3.141592654,0.,1.,0.,0.,        189P    141
0.,1.,0.,0.,1.;                                                      189P    142
124,1.40271576953299E-014,1.,0.,-13.,-6.12323399573677E-017,         191P    143
8.58915688636046E-031,-1.,13.,-1.,1.40271576953299E-014,             191P    144
6.12323399573677E-017,-1.80618326563312E-013;                        191P    145
100,0.,0.,13.,12.,13.,-12.,13.;                                      193P    146
126,1,1,1,0,1,0,0.,0.,1.,1.,1.,1.,1.,0.,0.,0.,0.,0.,0.,1.,0.,        195P    147
0.,1.;                                                               195P    148
110,0.,13.,12.,0.,-5.,12.;                                           197P    149
102,4,179,185,189,195;                                               199P    150
102,4,183,187,193,197;                                               201P    151
142,1,177,199,201,1;                                                 203P    152
126,1,1,1,0,1,0,0.,0.,1.,1.,1.,1.,0.277777778,2.246808152,0.,        205P    153
0.277777778,0.894784501,0.,0.,1.,0.,0.,1.;                           205P    154
124,0.780074264573451,0.625686935895413,0.,0.,                       207P    155
-3.83122751656316E-017,4.77657725603551E-017,-1.,0.,                 207P    156
-0.625686935895413,0.780074264573451,6.12323399573677E-017,0.;       207P    157
100,0.,0.,0.,12.,0.,2.604380598,11.713974633;                        209P    158
126,1,1,1,0,1,0,0.,0.,1.,1.,1.,1.,0.277777778,0.894784501,0.,        211P    159
0.722222222,0.894784501,0.,0.,1.,0.,0.,1.;                           211P    160
110,9.360891175,0.,7.508243231,9.360891175,8.,7.508243231;           213P    161
126,1,1,1,0,1,0,0.,0.,1.,1.,1.,1.,0.722222222,0.894784501,0.,        215P    162
0.722222222,2.246808152,0.,0.,1.,0.,0.,1.;                           215P    163
124,0.780074264573451,0.625686935895412,0.,-5.00549548716329,        217P    164
-3.83122751656316E-017,4.77657725603551E-017,1.,8.,                  217P    165
0.625686935895412,-0.780074264573451,6.12323399573677E-017,          217P    166
6.24059411658761;                                                    217P    167
100,0.,0.,8.,12.,8.,2.604380598,19.713974633;                        219P    168
126,1,1,1,0,1,0,0.,0.,1.,1.,1.,1.,0.722222222,2.246808152,0.,        221P    169
0.277777778,2.246808152,0.,0.,1.,0.,0.,1.;                           221P    170
110,9.360891175,8.,-7.508243231,9.360891175,0.,-7.508243231;         223P    171
102,4,205,211,215,221;                                               225P    172
102,4,209,213,219,223;                                               227P    173
142,1,177,225,227,1;                                                 229P    174
144,177,1,1,203,229;                                                 231P    175
128,1,1,1,1,0,0,1,0,0,0.,0.,1.,1.,0.,0.,1.,1.,1.,1.,1.,1.,           233P    176
9.093056522,0.,-19.702887468,9.093056522,0.,19.702887468,54.,        233P    177
0.,-19.702887468,54.,0.,19.702887468,0.,1.,0.,1.;                    233P    178
126,1,1,1,0,1,0,0.,0.,1.,1.,1.,1.,0.994071146,1.,0.,                 235P    179
0.005928854,1.,0.,0.,1.,0.,0.,1.;                                    235P    180
110,54.,0.,19.469256391,54.,0.,-19.469256391;                        237P    181
126,1,1,1,0,1,0,0.,0.,1.,1.,1.,1.,0.005928854,1.,0.,                 239P    182
0.309463378,0.005964215,0.,0.,1.,0.,0.,1.;                           239P    183
110,54.,0.,-19.469256391,9.360891175,0.,-7.508243231;                241P    184
126,16,2,1,0,1,0,0.,0.,0.,0.125,0.125,0.25,0.25,0.375,0.375,         243P    185
0.5,0.5,0.625,0.625,0.75,0.75,0.875,0.875,1.,1.,1.,1.,1.,1.,1.,      243P    186
1.,1.,1.,1.,1.,1.,1.,1.,1.,1.,1.,1.,1.,0.309463378,0.005964215,      243P    187
0.,0.329584725,0.020126214,0.,0.352133986,0.031116638,0.,            243P    188
0.374683246,0.042107063,0.,0.399017899,0.049612751,0.,               243P    189
0.423352552,0.057118439,0.,0.448779205,0.060925522,0.,               243P    190
0.474205857,0.064732606,0.,0.5,0.064732606,0.,0.525794143,           243P    191
0.064732606,0.,0.551220795,0.060925522,0.,0.576647448,               243P    192
0.057118439,0.,0.600982101,0.049612751,0.,0.625316754,               243P    193
0.042107063,0.,0.647866014,0.031116638,0.,0.670415275,               243P    194
0.020126214,0.,0.690536622,0.005964215,0.,0.,1.,0.,0.,1.;            243P    195
124,0.780074264573451,0.625686935895413,0.,0.,                       245P    196
-3.83122751656316E-017,4.77657725603551E-017,-1.,0.,                 245P    197
-0.625686935895413,0.780074264573451,6.12323399573677E-017,0.;       245P    198
100,0.,0.,0.,12.,0.,2.604380598,11.713974633;                        247P    199
126,1,1,1,0,1,0,0.,0.,1.,1.,1.,1.,0.690536622,0.005964215,0.,        249P    200
0.994071146,1.,0.,0.,1.,0.,0.,1.;                                    249P    201
110,9.360891175,0.,7.508243231,54.,0.,19.469256391;                  251P    202
102,4,235,239,243,249;                                               253P    203
102,4,237,241,247,251;                                               255P    204
142,1,233,253,255,1;                                                 257P    205
144,233,1,0,257;                                                     259P    206
110,54.,-2.,40.,54.,-2.,-960.;                                       261P    207
110,52.,-2.,20.,52.,-2.,-20.;                                        263P    208
120,261,263,0.,6.28318530717959;                                     265P    209
126,1,1,1,0,1,0,0.,0.,1.,1.,1.,1.,0.98673141,1.570796327,0.,         267P    210
0.01326859,1.570796327,0.,0.,1.,0.,0.,1.;                            267P    211
110,54.,0.,-19.469256391,54.,0.,19.469256391;                        269P    212
126,10,2,1,0,1,0,0.,0.,0.,0.125,0.125,0.25,0.25,0.5,0.5,0.75,        271P    213
0.75,1.,1.,1.,1.,1.,1.,1.,1.,1.,1.,1.,1.,1.,1.,0.01326859,           271P    214
1.570796327,0.,0.011670699,1.690064546,0.,0.010883257,               271P    215
1.749794352,0.,0.009575353,1.849002764,0.,0.008574147,               271P    216
1.928792376,0.,0.006102482,2.125767999,0.,0.00447495,                271P    217
2.286788426,0.,0.002578973,2.474367549,0.,0.001490772,               271P    218
2.644784475,0.,0.000325293,2.827303361,0.,0.,3.002780525,0.,0.,      271P    219
1.,0.,0.,-1.;                                                        271P    220
126,3,3,1,0,0,0,0.,0.,0.,0.,1.,1.,1.,1.,1.,0.836294954948368,        273P    221
0.836294954948368,1.,54.,0.,19.469256391,55.046466867,0.,            273P    222
19.749656343,55.835965876,-0.686865503,19.961201965,                 273P    223
55.980762114,-1.723266465,20.,0.,1.,-0.258819045,0.,                 273P    224
0.965925826;                                                         273P    225
126,1,1,1,0,1,0,0.,0.,1.,1.,1.,1.,0.,3.002780525,0.,0.,              275P    226
3.141592654,0.,0.,1.,0.,0.,1.;                                       275P    227
124,0.990381056766525,0.138366767679316,1.51418866110653E-030,       277P    228
0.796156469966307,0.138366767679316,-0.990381056766525,              277P    229
-6.98296267768627E-015,-11.452567568216,-9.66209974536751E-016,      277P    230
6.91579395608813E-015,-1.,40.0000000000001;                          277P    231
100,20.,54.,-2.,56.,-2.,55.980762114,-1.723266465;                   279P    232
126,1,1,1,0,1,0,0.,0.,1.,1.,1.,1.,0.,3.141592654,0.,1.,              281P    233
3.141592654,0.,0.,1.,0.,0.,1.;                                       281P    234
110,56.,-2.,20.,56.,-2.,-20.;                                        283P    235
126,1,1,1,0,1,0,0.,0.,1.,1.,1.,1.,1.,3.141592654,0.,1.,              285P    236
3.002780525,0.,0.,1.,0.,0.,1.;                                       285P    237
100,-20.,54.,-2.,56.,-2.,55.980762114,-1.723266465;                  287P    238
126,10,2,1,0,1,0,0.,0.,0.,0.25,0.25,0.5,0.5,0.75,0.75,0.875,         289P    239
0.875,1.,1.,1.,1.,1.,1.,1.,1.,1.,1.,1.,1.,1.,1.,1.,3.002780525,      289P    240
0.,0.999674707,2.827303361,0.,0.998509228,2.644784475,0.,            289P    241
0.997421027,2.474367549,0.,0.99552505,2.286788426,0.,                289P    242
0.993897518,2.125767999,0.,0.991425853,1.928792376,0.,               289P    243
0.990424647,1.849002764,0.,0.989116743,1.749794352,0.,               289P    244
0.988329301,1.690064546,0.,0.98673141,1.570796327,0.,0.,1.,0.,       289P    245
0.,-1.;                                                              289P    246
126,3,3,1,0,0,0,0.,0.,0.,0.,1.,1.,1.,1.,1.,0.836294954948414,        291P    247
0.836294954948414,1.,55.980762114,-1.723266465,-20.,                 291P    248
55.835965876,-0.686865503,-19.961201965,55.046466867,0.,             291P    249
-19.749656343,54.,0.,-19.469256391,0.,1.,-0.258819045,0.,            291P    250
-0.965925826;                                                        291P    251
102,6,267,271,275,281,285,289;                                       293P    252
102,6,269,273,279,283,287,291;                                       295P    253
142,1,265,293,295,1;                                                 297P    254
144,265,1,0,297;                                                     299P    255
128,1,1,1,1,0,0,1,0,0,0.,0.,1.,1.,0.,0.,1.,1.,1.,1.,1.,1.,56.,       301P    256
-10.,20.,56.,-10.,-20.,56.,-2.,20.,56.,-2.,-20.,0.,1.,0.,1.;         301P    257
126,1,1,1,0,1,0,0.,0.,1.,1.,1.,1.,1.,1.,0.,0.,1.,0.,0.,1.,0.,        303P    258
0.,1.;                                                               303P    259
110,56.,-2.,-20.,56.,-2.,20.;                                        305P    260
126,1,1,1,0,1,0,0.,0.,1.,1.,1.,1.,0.,1.,0.,0.,0.,0.,0.,1.,0.,        307P    261
0.,1.;                                                               307P    262
110,56.,-2.,20.,56.,-10.,20.;                                        309P    263
126,1,1,1,0,1,0,0.,0.,1.,1.,1.,1.,0.,0.,0.,1.,0.,0.,0.,1.,0.,        311P    264
0.,1.;                                                               311P    265
110,56.,-10.,20.,56.,-10.,-20.;                                      313P    266
126,1,1,1,0,1,0,0.,0.,1.,1.,1.,1.,1.,0.,0.,1.,1.,0.,0.,1.,0.,        315P    267
0.,1.;                                                               315P    268
110,56.,-10.,-20.,56.,-2.,-20.;                                      317P    269
102,4,303,307,311,315;                                               319P    270
102,4,305,309,313,317;                                               321P    271
142,1,301,319,321,1;                                                 323P    272
144,301,1,0,323;                                                     325P    273
110,66.,-10.,40.,66.,-10.,-960.;                                     327P    274
110,56.,-10.,20.,56.,-10.,-20.;                                      329P    275
120,327,329,0.,6.28318530717959;                                     331P    276
126,1,1,1,0,1,0,0.,0.,1.,1.,1.,1.,1.,6.283185307,0.,1.,              333P    277
4.71238898,0.,0.,1.,0.,0.,1.;                                        333P    278
100,-20.,66.,-10.,56.,-10.,66.,-20.;                                 335P    279
126,1,1,1,0,1,0,0.,0.,1.,1.,1.,1.,1.,4.71238898,0.,0.,               337P    280
4.71238898,0.,0.,1.,0.,0.,1.;                                        337P    281
110,66.,-20.,-20.,66.,-20.,20.;                                      339P    282
126,1,1,1,0,1,0,0.,0.,1.,1.,1.,1.,0.,4.71238898,0.,0.,               341P    283
6.283185307,0.,0.,1.,0.,0.,1.;                                       341P    284
124,4.08177032861536E-016,-1.,-6.93889390390724E-016,56.,-1.,        343P    285
-4.08177032861536E-016,6.98296267768627E-015,55.9999999999999,       343P    286
-6.98296267768627E-015,6.93889390390721E-016,-1.,                    343P    287
40.0000000000004;                                                    343P    288
100,20.,66.,-10.,76.,-10.,66.,0.;                                    345P    289
126,1,1,1,0,1,0,0.,0.,1.,1.,1.,1.,0.,6.283185307,0.,1.,              347P    290
6.283185307,0.,0.,1.,0.,0.,1.;                                       347P    291
110,56.,-10.,20.,56.,-10.,-20.;                                      349P    292
102,4,333,337,341,347;                                               351P    293
102,4,335,339,345,349;                                               353P    294
142,1,331,351,353,1;                                                 355P    295
144,331,1,0,355;                                                     357P    296
128,1,1,1,1,0,0,1,0,0,0.,0.,1.,1.,0.,0.,1.,1.,1.,1.,1.,1.,84.,       359P    297
-20.,-20.,66.,-20.,-20.,84.,-20.,20.,66.,-20.,20.,0.,1.,0.,1.;       359P    298
126,1,1,1,0,1,0,0.,0.,1.,1.,1.,1.,1.,0.,0.,1.,1.,0.,0.,1.,0.,        361P    299
0.,1.;                                                               361P    300
110,66.,-20.,-20.,66.,-20.,20.;                                      363P    301
126,1,1,1,0,1,0,0.,0.,1.,1.,1.,1.,1.,1.,0.,0.111111111,1.,0.,        365P    302
0.,1.,0.,0.,1.;                                                      365P    303
110,66.,-20.,20.,82.,-20.,20.;                                       367P    304
126,1,1,1,0,1,0,0.,0.,1.,1.,1.,1.,0.111111111,1.,0.,0.,0.95,0.,      369P    305
0.,1.,0.,0.,1.;                                                      369P    306
110,82.,-20.,20.,84.,-20.,18.;                                       371P    307
126,1,1,1,0,1,0,0.,0.,1.,1.,1.,1.,0.,0.95,0.,0.,0.05,0.,0.,1.,       373P    308
0.,0.,1.;                                                            373P    309
110,84.,-20.,18.,84.,-20.,-18.;                                      375P    310
126,1,1,1,0,1,0,0.,0.,1.,1.,1.,1.,0.,0.05,0.,0.111111111,0.,0.,      377P    311
0.,1.,0.,0.,1.;                                                      377P    312
110,84.,-20.,-18.,82.,-20.,-20.;                                     379P    313
126,1,1,1,0,1,0,0.,0.,1.,1.,1.,1.,0.111111111,0.,0.,1.,0.,0.,        381P    314
0.,1.,0.,0.,1.;                                                      381P    315
110,82.,-20.,-20.,66.,-20.,-20.;                                     383P    316
102,6,361,365,369,373,377,381;                                       385P    317
102,6,363,367,371,375,379,383;                                       387P    318
142,1,359,385,387,1;                                                 389P    319
126,32,2,1,0,1,0,0.,0.,0.,0.0625,0.0625,0.125,0.125,0.1875,          391P    320
0.1875,0.25,0.25,0.3125,0.3125,0.375,0.375,0.4375,0.4375,0.5,        391P    321
0.5,0.5625,0.5625,0.625,0.625,0.6875,0.6875,0.75,0.75,0.8125,        391P    322
0.8125,0.875,0.875,0.9375,0.9375,1.,1.,1.,1.,1.,1.,1.,1.,1.,1.,      391P    323
1.,1.,1.,1.,1.,1.,1.,1.,1.,1.,1.,1.,1.,1.,1.,1.,1.,1.,1.,1.,1.,      391P    324
1.,1.,1.,1.,1.,0.444444444,0.892999522,0.,0.46479923,                391P    325
0.892999522,0.,0.484762904,0.891212562,0.,0.504726578,               391P    326
0.889425602,0.,0.523531947,0.885920355,0.,0.542337317,               391P    327
0.882415107,0.,0.559261702,0.877326276,0.,0.576186088,               391P    328
0.872237446,0.,0.590579095,0.865760593,0.,0.604972101,               391P    329
0.859283739,0.,0.616280614,0.851667766,0.,0.627589127,               391P    330
0.844051793,0.,0.635378566,0.835589376,0.,0.643168005,               391P    331
0.82712696,0.,0.647139027,0.818143307,0.,0.651110049,                391P    332
0.809159653,0.,0.651110049,0.8,0.,0.651110049,0.790840347,0.,        391P    333
0.647139027,0.781856693,0.,0.643168005,0.77287304,0.,                391P    334
0.635378566,0.764410624,0.,0.627589127,0.755948207,0.,               391P    335
0.616280614,0.748332234,0.,0.604972101,0.740716261,0.,               391P    336
0.590579095,0.734239407,0.,0.576186088,0.727762554,0.,               391P    337
0.559261702,0.722673724,0.,0.542337317,0.717584893,0.,               391P    338
0.523531947,0.714079645,0.,0.504726578,0.710574398,0.,               391P    339
0.484762904,0.708787438,0.,0.46479923,0.707000478,0.,                391P    340
0.444444444,0.707000478,0.,0.,1.,0.,0.,1.;                           391P    341
124,6.12323399573677E-017,-1.,0.,56.,6.12323399573677E-017,          393P    342
3.74939945665464E-033,-1.,-8.00000000000003,1.,                      393P    343
6.12323399573677E-017,6.12323399573677E-017,-64.;                    393P    344
100,12.,76.,-20.,79.719980873,-20.,72.280019127,-20.;                395P    345
126,32,2,1,0,1,0,0.,0.,0.,0.0625,0.0625,0.125,0.125,0.1875,          397P    346
0.1875,0.25,0.25,0.3125,0.3125,0.375,0.375,0.4375,0.4375,0.5,        397P    347
0.5,0.5625,0.5625,0.625,0.625,0.6875,0.6875,0.75,0.75,0.8125,        397P    348
0.8125,0.875,0.875,0.9375,0.9375,1.,1.,1.,1.,1.,1.,1.,1.,1.,1.,      397P    349
1.,1.,1.,1.,1.,1.,1.,1.,1.,1.,1.,1.,1.,1.,1.,1.,1.,1.,1.,1.,1.,      397P    350
1.,1.,1.,1.,1.,0.444444444,0.707000478,0.,0.424089659,               397P    351
0.707000478,0.,0.404125985,0.708787438,0.,0.384162311,               397P    352
0.710574398,0.,0.365356942,0.714079645,0.,0.346551572,               397P    353
0.717584893,0.,0.329627187,0.722673724,0.,0.312702801,               397P    354
0.727762554,0.,0.298309794,0.734239407,0.,0.283916788,               397P    355
0.740716261,0.,0.272608275,0.748332234,0.,0.261299762,               397P    356
0.755948207,0.,0.253510323,0.764410624,0.,0.245720884,               397P    357
0.77287304,0.,0.241749862,0.781856693,0.,0.23777884,                 397P    358
0.790840347,0.,0.23777884,0.8,0.,0.23777884,0.809159653,0.,          397P    359
0.241749862,0.818143307,0.,0.245720884,0.82712696,0.,                397P    360
0.253510323,0.835589376,0.,0.261299762,0.844051793,0.,               397P    361
0.272608275,0.851667766,0.,0.283916788,0.859283739,0.,               397P    362
0.298309794,0.865760593,0.,0.312702801,0.872237446,0.,               397P    363
0.329627187,0.877326276,0.,0.346551572,0.882415107,0.,               397P    364
0.365356942,0.885920355,0.,0.384162311,0.889425602,0.,               397P    365
0.404125985,0.891212562,0.,0.424089659,0.892999522,0.,               397P    366
0.444444444,0.892999522,0.,0.,1.,0.,0.,1.;                           397P    367
124,1.40271576953299E-014,1.,0.,95.9999999999989,                    399P    368
-6.12323399573677E-017,8.58915688636046E-031,-1.,                    399P    369
-8.00000000000002,-1.,1.40271576953299E-014,                         399P    370
6.12323399573677E-017,88.0000000000003;                              399P    371
100,12.,76.,-20.,79.719980873,-20.,72.280019127,-20.;                401P    372
102,2,391,397;                                                       403P    373
102,2,395,401;                                                       405P    374
142,1,359,403,405,1;                                                 407P    375
126,32,2,1,0,1,0,0.,0.,0.,0.0625,0.0625,0.125,0.125,0.1875,          409P    376
0.1875,0.25,0.25,0.3125,0.3125,0.375,0.375,0.4375,0.4375,0.5,        409P    377
0.5,0.5625,0.5625,0.625,0.625,0.6875,0.6875,0.75,0.75,0.8125,        409P    378
0.8125,0.875,0.875,0.9375,0.9375,1.,1.,1.,1.,1.,1.,1.,1.,1.,1.,      409P    379
1.,1.,1.,1.,1.,1.,1.,1.,1.,1.,1.,1.,1.,1.,1.,1.,1.,1.,1.,1.,1.,      409P    380
1.,1.,1.,1.,1.,0.444444444,0.292999522,0.,0.46479923,                409P    381
0.292999522,0.,0.484762904,0.291212562,0.,0.504726578,               409P    382
0.289425602,0.,0.523531947,0.285920355,0.,0.542337317,               409P    383
0.282415107,0.,0.559261702,0.277326276,0.,0.576186088,               409P    384
0.272237446,0.,0.590579095,0.265760593,0.,0.604972101,               409P    385
0.259283739,0.,0.616280614,0.251667766,0.,0.627589127,               409P    386
0.244051793,0.,0.635378566,0.235589376,0.,0.643168005,               409P    387
0.22712696,0.,0.647139027,0.218143307,0.,0.651110049,                409P    388
0.209159653,0.,0.651110049,0.2,0.,0.651110049,0.190840347,0.,        409P    389
0.647139027,0.181856693,0.,0.643168005,0.17287304,0.,                409P    390
0.635378566,0.164410624,0.,0.627589127,0.155948207,0.,               409P    391
0.616280614,0.148332234,0.,0.604972101,0.140716261,0.,               409P    392
0.590579095,0.134239407,0.,0.576186088,0.127762554,0.,               409P    393
0.559261702,0.122673724,0.,0.542337317,0.117584893,0.,               409P    394
0.523531947,0.114079645,0.,0.504726578,0.110574398,0.,               409P    395
0.484762904,0.108787438,0.,0.46479923,0.107000478,0.,                409P    396
0.444444444,0.107000478,0.,0.,1.,0.,0.,1.;                           409P    397
124,6.12323399573677E-017,-1.,0.,56.,6.12323399573677E-017,          411P    398
3.74939945665464E-033,-1.,-32.,1.,6.12323399573677E-017,             411P    399
6.12323399573677E-017,-88.;                                          411P    400
100,-12.,76.,-20.,79.719980873,-20.,72.280019127,-20.;               413P    401
126,32,2,1,0,1,0,0.,0.,0.,0.0625,0.0625,0.125,0.125,0.1875,          415P    402
0.1875,0.25,0.25,0.3125,0.3125,0.375,0.375,0.4375,0.4375,0.5,        415P    403
0.5,0.5625,0.5625,0.625,0.625,0.6875,0.6875,0.75,0.75,0.8125,        415P    404
0.8125,0.875,0.875,0.9375,0.9375,1.,1.,1.,1.,1.,1.,1.,1.,1.,1.,      415P    405
1.,1.,1.,1.,1.,1.,1.,1.,1.,1.,1.,1.,1.,1.,1.,1.,1.,1.,1.,1.,1.,      415P    406
1.,1.,1.,1.,1.,0.444444444,0.107000478,0.,0.424089659,               415P    407
0.107000478,0.,0.404125985,0.108787438,0.,0.384162311,               415P    408
0.110574398,0.,0.365356942,0.114079645,0.,0.346551572,               415P    409
0.117584893,0.,0.329627187,0.122673724,0.,0.312702801,               415P    410
0.127762554,0.,0.298309794,0.134239407,0.,0.283916788,               415P    411
0.140716261,0.,0.272608275,0.148332234,0.,0.261299762,               415P    412
0.155948207,0.,0.253510323,0.164410624,0.,0.245720884,               415P    413
0.17287304,0.,0.241749862,0.181856693,0.,0.23777884,                 415P    414
0.190840347,0.,0.23777884,0.2,0.,0.23777884,0.209159653,0.,          415P    415
0.241749862,0.218143307,0.,0.245720884,0.22712696,0.,                415P    416
0.253510323,0.235589376,0.,0.261299762,0.244051793,0.,               415P    417
0.272608275,0.251667766,0.,0.283916788,0.259283739,0.,               415P    418
0.298309794,0.265760593,0.,0.312702801,0.272237446,0.,               415P    419
0.329627187,0.277326276,0.,0.346551572,0.282415107,0.,               415P    420
0.365356942,0.285920355,0.,0.384162311,0.289425602,0.,               415P    421
0.404125985,0.291212562,0.,0.424089659,0.292999522,0.,               415P    422
0.444444444,0.292999522,0.,0.,1.,0.,0.,1.;                           415P    423
124,1.40271576953299E-014,1.,0.,95.9999999999989,                    417P    424
-6.12323399573677E-017,8.58915688636046E-031,-1.,-32.,-1.,           417P    425
1.40271576953299E-014,6.12323399573677E-017,64.0000000000003;        417P    426
100,-12.,76.,-20.,79.719980873,-20.,72.280019127,-20.;               419P    427
102,2,409,415;                                                       421P    428
102,2,413,419;                                                       423P    429
142,1,359,421,423,1;                                                 425P    430
144,359,1,2,389,407,425;                                             427P    431
128,1,1,1,1,0,0,1,0,0,0.,0.,1.,1.,0.,0.,1.,1.,1.,1.,1.,1.,84.,       429P    432
-20.,-18.,84.,-20.,18.,84.,-12.,-18.,84.,-12.,18.,0.,1.,0.,1.;       429P    433
126,1,1,1,0,1,0,0.,0.,1.,1.,1.,1.,1.,0.,0.,1.,1.,0.,0.,1.,0.,        431P    434
0.,1.;                                                               431P    435
110,84.,-20.,18.,84.,-12.,18.;                                       433P    436
126,1,1,1,0,1,0,0.,0.,1.,1.,1.,1.,1.,1.,0.,0.,1.,0.,0.,1.,0.,        435P    437
0.,1.;                                                               435P    438
110,84.,-12.,18.,84.,-12.,-18.;                                      437P    439
126,1,1,1,0,1,0,0.,0.,1.,1.,1.,1.,0.,1.,0.,0.,0.,0.,0.,1.,0.,        439P    440
0.,1.;                                                               439P    441
110,84.,-12.,-18.,84.,-20.,-18.;                                     441P    442
126,1,1,1,0,1,0,0.,0.,1.,1.,1.,1.,0.,0.,0.,1.,0.,0.,0.,1.,0.,        443P    443
0.,1.;                                                               443P    444
110,84.,-20.,-18.,84.,-20.,18.;                                      445P    445
102,4,431,435,439,443;                                               447P    446
102,4,433,437,441,445;                                               449P    447
142,1,429,447,449,1;                                                 451P    448
144,429,1,0,451;                                                     453P    449
128,1,1,1,1,0,0,1,0,0,0.,0.,1.,1.,0.,0.,1.,1.,1.,1.,1.,1.,66.,       455P    450
-12.,20.,66.,-12.,-20.,84.,-12.,20.,84.,-12.,-20.,0.,1.,0.,1.;       455P    451
126,1,1,1,0,1,0,0.,0.,1.,1.,1.,1.,0.05,1.,0.,0.,0.888888889,0.,      457P    452
0.,1.,0.,0.,1.;                                                      457P    453
110,84.,-12.,18.,82.,-12.,20.;                                       459P    454
126,1,1,1,0,1,0,0.,0.,1.,1.,1.,1.,0.,0.888888889,0.,0.,0.,0.,        461P    455
0.,1.,0.,0.,1.;                                                      461P    456
110,82.,-12.,20.,66.,-12.,20.;                                       463P    457
126,1,1,1,0,1,0,0.,0.,1.,1.,1.,1.,0.,0.,0.,1.,0.,0.,0.,1.,0.,        465P    458
0.,1.;                                                               465P    459
110,66.,-12.,20.,66.,-12.,-20.;                                      467P    460
126,1,1,1,0,1,0,0.,0.,1.,1.,1.,1.,1.,0.,0.,1.,0.888888889,0.,        469P    461
0.,1.,0.,0.,1.;                                                      469P    462
110,66.,-12.,-20.,82.,-12.,-20.;                                     471P    463
126,1,1,1,0,1,0,0.,0.,1.,1.,1.,1.,1.,0.888888889,0.,0.95,1.,0.,      473P    464
0.,1.,0.,0.,1.;                                                      473P    465
110,82.,-12.,-20.,84.,-12.,-18.;                                     475P    466
126,1,1,1,0,1,0,0.,0.,1.,1.,1.,1.,0.95,1.,0.,0.05,1.,0.,0.,1.,       477P    467
0.,0.,1.;                                                            477P    468
110,84.,-12.,-18.,84.,-12.,18.;                                      479P    469
102,6,457,461,465,469,473,477;                                       481P    470
102,6,459,463,467,471,475,479;                                       483P    471
142,1,455,481,483,1;                                                 485P    472
126,32,2,1,0,1,0,0.,0.,0.,0.0625,0.0625,0.125,0.125,0.1875,          487P    473
0.1875,0.25,0.25,0.3125,0.3125,0.375,0.375,0.4375,0.4375,0.5,        487P    474
0.5,0.5625,0.5625,0.625,0.625,0.6875,0.6875,0.75,0.75,0.8125,        487P    475
0.8125,0.875,0.875,0.9375,0.9375,1.,1.,1.,1.,1.,1.,1.,1.,1.,1.,      487P    476
1.,1.,1.,1.,1.,1.,1.,1.,1.,1.,1.,1.,1.,1.,1.,1.,1.,1.,1.,1.,1.,      487P    477
1.,1.,1.,1.,1.,0.292999522,0.555555556,0.,0.292999522,               487P    478
0.53520077,0.,0.291212562,0.515237096,0.,0.289425602,                487P    479
0.495273422,0.,0.285920355,0.476468053,0.,0.282415107,               487P    480
0.457662683,0.,0.277326276,0.440738298,0.,0.272237446,               487P    481
0.423813912,0.,0.265760593,0.409420905,0.,0.259283739,               487P    482
0.395027899,0.,0.251667766,0.383719386,0.,0.244051793,               487P    483
0.372410873,0.,0.235589376,0.364621434,0.,0.22712696,                487P    484
0.356831995,0.,0.218143307,0.352860973,0.,0.209159653,               487P    485
0.348889951,0.,0.2,0.348889951,0.,0.190840347,0.348889951,0.,        487P    486
0.181856693,0.352860973,0.,0.17287304,0.356831995,0.,                487P    487
0.164410624,0.364621434,0.,0.155948207,0.372410873,0.,               487P    488
0.148332234,0.383719386,0.,0.140716261,0.395027899,0.,               487P    489
0.134239407,0.409420905,0.,0.127762554,0.423813912,0.,               487P    490
0.122673724,0.440738298,0.,0.117584893,0.457662683,0.,               487P    491
0.114079645,0.476468053,0.,0.110574398,0.495273422,0.,               487P    492
0.108787438,0.515237096,0.,0.107000478,0.53520077,0.,                487P    493
0.107000478,0.555555556,0.,0.,1.,0.,0.,1.;                           487P    494
124,6.12323399573677E-017,-1.,0.,64.,6.12323399573677E-017,          489P    495
3.74939945665464E-033,1.,-24.,-1.,-6.12323399573677E-017,            489P    496
6.12323399573677E-017,88.;                                           489P    497
100,12.,76.,-12.,79.719980873,-12.,72.280019127,-12.;                491P    498
126,32,2,1,0,1,0,0.,0.,0.,0.0625,0.0625,0.125,0.125,0.1875,          493P    499
0.1875,0.25,0.25,0.3125,0.3125,0.375,0.375,0.4375,0.4375,0.5,        493P    500
0.5,0.5625,0.5625,0.625,0.625,0.6875,0.6875,0.75,0.75,0.8125,        493P    501
0.8125,0.875,0.875,0.9375,0.9375,1.,1.,1.,1.,1.,1.,1.,1.,1.,1.,      493P    502
1.,1.,1.,1.,1.,1.,1.,1.,1.,1.,1.,1.,1.,1.,1.,1.,1.,1.,1.,1.,1.,      493P    503
1.,1.,1.,1.,1.,0.107000478,0.555555556,0.,0.107000478,               493P    504
0.575910341,0.,0.108787438,0.595874015,0.,0.110574398,               493P    505
0.615837689,0.,0.114079645,0.634643058,0.,0.117584893,               493P    506
0.653448428,0.,0.122673724,0.670372813,0.,0.127762554,               493P    507
0.687297199,0.,0.134239407,0.701690206,0.,0.140716261,               493P    508
0.716083212,0.,0.148332234,0.727391725,0.,0.155948207,               493P    509
0.738700238,0.,0.164410624,0.746489677,0.,0.17287304,                493P    510
0.754279116,0.,0.181856693,0.758250138,0.,0.190840347,               493P    511
0.76222116,0.,0.2,0.76222116,0.,0.209159653,0.76222116,0.,           493P    512
0.218143307,0.758250138,0.,0.22712696,0.754279116,0.,                493P    513
0.235589376,0.746489677,0.,0.244051793,0.738700238,0.,               493P    514
0.251667766,0.727391725,0.,0.259283739,0.716083212,0.,               493P    515
0.265760593,0.701690206,0.,0.272237446,0.687297199,0.,               493P    516
0.277326276,0.670372813,0.,0.282415107,0.653448428,0.,               493P    517
0.285920355,0.634643058,0.,0.289425602,0.615837689,0.,               493P    518
0.291212562,0.595874015,0.,0.292999522,0.575910341,0.,               493P    519
0.292999522,0.555555556,0.,0.,1.,0.,0.,1.;                           493P    520
124,1.40271576953299E-014,1.,0.,87.9999999999989,                    495P    521
-6.12323399573677E-017,8.58915688636046E-031,1.,-24.,1.,             495P    522
-1.40271576953299E-014,6.12323399573677E-017,-64.0000000000002;      495P    523
100,12.,76.,-12.,79.719980873,-12.,72.280019127,-12.;                497P    524
102,2,487,493;                                                       499P    525
102,2,491,497;                                                       501P    526
142,1,455,499,501,1;                                                 503P    527
126,32,2,1,0,1,0,0.,0.,0.,0.0625,0.0625,0.125,0.125,0.1875,          505P    528
0.1875,0.25,0.25,0.3125,0.3125,0.375,0.375,0.4375,0.4375,0.5,        505P    529
0.5,0.5625,0.5625,0.625,0.625,0.6875,0.6875,0.75,0.75,0.8125,        505P    530
0.8125,0.875,0.875,0.9375,0.9375,1.,1.,1.,1.,1.,1.,1.,1.,1.,1.,      505P    531
1.,1.,1.,1.,1.,1.,1.,1.,1.,1.,1.,1.,1.,1.,1.,1.,1.,1.,1.,1.,1.,      505P    532
1.,1.,1.,1.,1.,0.892999522,0.555555556,0.,0.892999522,               505P    533
0.53520077,0.,0.891212562,0.515237096,0.,0.889425602,                505P    534
0.495273422,0.,0.885920355,0.476468053,0.,0.882415107,               505P    535
0.457662683,0.,0.877326276,0.440738298,0.,0.872237446,               505P    536
0.423813912,0.,0.865760593,0.409420905,0.,0.859283739,               505P    537
0.395027899,0.,0.851667766,0.383719386,0.,0.844051793,               505P    538
0.372410873,0.,0.835589376,0.364621434,0.,0.82712696,                505P    539
0.356831995,0.,0.818143307,0.352860973,0.,0.809159653,               505P    540
0.348889951,0.,0.8,0.348889951,0.,0.790840347,0.348889951,0.,        505P    541
0.781856693,0.352860973,0.,0.77287304,0.356831995,0.,                505P    542
0.764410624,0.364621434,0.,0.755948207,0.372410873,0.,               505P    543
0.748332234,0.383719386,0.,0.740716261,0.395027899,0.,               505P    544
0.734239407,0.409420905,0.,0.727762554,0.423813912,0.,               505P    545
0.722673724,0.440738298,0.,0.717584893,0.457662683,0.,               505P    546
0.714079645,0.476468053,0.,0.710574398,0.495273422,0.,               505P    547
0.708787438,0.515237096,0.,0.707000478,0.53520077,0.,                505P    548
0.707000478,0.555555556,0.,0.,1.,0.,0.,1.;                           505P    549
124,6.12323399573677E-017,-1.,0.,64.,6.12323399573677E-017,          507P    550
3.74939945665464E-033,1.,2.03672589064038E-014,-1.,                  507P    551
-6.12323399573677E-017,6.12323399573677E-017,64.;                    507P    552
100,-12.,76.,-12.,79.719980873,-12.,72.280019127,-12.;               509P    553
126,32,2,1,0,1,0,0.,0.,0.,0.0625,0.0625,0.125,0.125,0.1875,          511P    554
0.1875,0.25,0.25,0.3125,0.3125,0.375,0.375,0.4375,0.4375,0.5,        511P    555
0.5,0.5625,0.5625,0.625,0.625,0.6875,0.6875,0.75,0.75,0.8125,        511P    556
0.8125,0.875,0.875,0.9375,0.9375,1.,1.,1.,1.,1.,1.,1.,1.,1.,1.,      511P    557
1.,1.,1.,1.,1.,1.,1.,1.,1.,1.,1.,1.,1.,1.,1.,1.,1.,1.,1.,1.,1.,      511P    558
1.,1.,1.,1.,1.,0.707000478,0.555555556,0.,0.707000478,               511P    559
0.575910341,0.,0.708787438,0.595874015,0.,0.710574398,               511P    560
0.615837689,0.,0.714079645,0.634643058,0.,0.717584893,               511P    561
0.653448428,0.,0.722673724,0.670372813,0.,0.727762554,               511P    562
0.687297199,0.,0.734239407,0.701690206,0.,0.740716261,               511P    563
0.716083212,0.,0.748332234,0.727391725,0.,0.755948207,               511P    564
0.738700238,0.,0.764410624,0.746489677,0.,0.77287304,                511P    565
0.754279116,0.,0.781856693,0.758250138,0.,0.790840347,               511P    566
0.76222116,0.,0.8,0.76222116,0.,0.809159653,0.76222116,0.,           511P    567
0.818143307,0.758250138,0.,0.82712696,0.754279116,0.,                511P    568
0.835589376,0.746489677,0.,0.844051793,0.738700238,0.,               511P    569
0.851667766,0.727391725,0.,0.859283739,0.716083212,0.,               511P    570
0.865760593,0.701690206,0.,0.872237446,0.687297199,0.,               511P    571
0.877326276,0.670372813,0.,0.882415107,0.653448428,0.,               511P    572
0.885920355,0.634643058,0.,0.889425602,0.615837689,0.,               511P    573
0.891212562,0.595874015,0.,0.892999522,0.575910341,0.,               511P    574
0.892999522,0.555555556,0.,0.,1.,0.,0.,1.;                           511P    575
124,1.40271576953299E-014,1.,0.,87.9999999999989,                    513P    576
-6.12323399573677E-017,8.58915688636046E-031,1.,                     513P    577
2.96745745799237E-014,1.,-1.40271576953299E-014,                     513P    578
6.12323399573677E-017,-88.0000000000002;                             513P    579
100,-12.,76.,-12.,79.719980873,-12.,72.280019127,-12.;               515P    580
102,2,505,511;                                                       517P    581
102,2,509,515;                                                       519P    582
142,1,455,517,519,1;                                                 521P    583
144,455,1,2,485,503,521;                                             523P    584
110,66.,-10.,40.,66.,-10.,-960.;                                     525P    585
110,64.,-10.,20.,64.,-10.,-20.;                                      527P    586
120,525,527,0.,6.28318530717959;                                     529P    587
126,1,1,1,0,1,0,0.,0.,1.,1.,1.,1.,1.,4.71238898,0.,0.,               531P    588
4.71238898,0.,0.,1.,0.,0.,1.;                                        531P    589
110,66.,-12.,-20.,66.,-12.,20.;                                      533P    590
126,1,1,1,0,1,0,0.,0.,1.,1.,1.,1.,0.,4.71238898,0.,0.,               535P    591
6.283185307,0.,0.,1.,0.,0.,1.;                                       535P    592
124,-7.04419501764363E-015,-1.,0.,56.0000000000005,-1.,              537P    593
7.04419501764363E-015,6.98296267768627E-015,55.9999999999999,        537P    594
-6.98296267768627E-015,4.91893509025491E-029,-1.,                    537P    595
40.0000000000004;                                                    537P    596
100,20.,66.,-10.,68.,-10.,66.,-8.;                                   539P    597
126,1,1,1,0,1,0,0.,0.,1.,1.,1.,1.,0.,6.283185307,0.,1.,              541P    598
6.283185307,0.,0.,1.,0.,0.,1.;                                       541P    599
110,64.,-10.,20.,64.,-10.,-20.;                                      543P    600
126,1,1,1,0,1,0,0.,0.,1.,1.,1.,1.,1.,6.283185307,0.,1.,              545P    601
4.71238898,0.,0.,1.,0.,0.,1.;                                        545P    602
100,-20.,66.,-10.,64.,-10.,66.,-12.;                                 547P    603
102,4,531,535,541,545;                                               549P    604
102,4,533,539,543,547;                                               551P    605
142,1,529,549,551,1;                                                 553P    606
144,529,1,0,553;                                                     555P    607
128,1,1,1,1,0,0,1,0,0,0.,0.,1.,1.,0.,0.,1.,1.,1.,1.,1.,1.,64.,       557P    608
-2.,-20.,64.,-10.,-20.,64.,-2.,20.,64.,-10.,20.,0.,1.,0.,1.;         557P    609
126,1,1,1,0,1,0,0.,0.,1.,1.,1.,1.,1.,0.,0.,1.,1.,0.,0.,1.,0.,        559P    610
0.,1.;                                                               559P    611
110,64.,-10.,-20.,64.,-10.,20.;                                      561P    612
126,1,1,1,0,1,0,0.,0.,1.,1.,1.,1.,1.,1.,0.,0.,1.,0.,0.,1.,0.,        563P    613
0.,1.;                                                               563P    614
110,64.,-10.,20.,64.,-2.,20.;                                        565P    615
126,1,1,1,0,1,0,0.,0.,1.,1.,1.,1.,0.,1.,0.,0.,0.,0.,0.,1.,0.,        567P    616
0.,1.;                                                               567P    617
110,64.,-2.,20.,64.,-2.,-20.;                                        569P    618
126,1,1,1,0,1,0,0.,0.,1.,1.,1.,1.,0.,0.,0.,1.,0.,0.,0.,1.,0.,        571P    619
0.,1.;                                                               571P    620
110,64.,-2.,-20.,64.,-10.,-20.;                                      573P    621
102,4,559,563,567,571;                                               575P    622
102,4,561,565,569,573;                                               577P    623
142,1,557,575,577,1;                                                 579P    624
144,557,1,0,579;                                                     581P    625
110,54.,-2.,40.,54.,-2.,-960.;                                       583P    626
110,44.,-2.,20.,44.,-2.,-20.;                                        585P    627
120,583,585,0.,6.28318530717959;                                     587P    628
126,4,2,1,0,1,0,0.,0.,0.,0.5,0.5,1.,1.,1.,1.,1.,1.,1.,1.,1.,         589P    629
1.770191181,0.,0.99708795,1.725840773,0.,0.993398813,                589P    630
1.670493754,0.,0.991182979,1.637250264,0.,0.98673141,                589P    631
1.570796327,0.,0.,1.,0.,0.,-1.;                                      589P    632
126,3,3,1,0,0,0,0.,0.,0.,0.,1.,1.,1.,1.,1.,0.996689551075877,        591P    633
0.996689551075877,1.,55.980762114,7.801866223,-20.,                  591P    634
55.328199982,7.933736044,-19.825146504,54.665752947,8.,              591P    635
-19.647644356,54.,8.,-19.469256391,0.,1.,-0.258819045,0.,            591P    636
-0.965925826;                                                        591P    637
126,1,1,1,0,1,0,0.,0.,1.,1.,1.,1.,0.98673141,1.570796327,0.,         593P    638
0.01326859,1.570796327,0.,0.,1.,0.,0.,1.;                            593P    639
110,54.,8.,-19.469256391,54.,8.,19.469256391;                        595P    640
126,4,2,1,0,1,0,0.,0.,0.,0.5,0.5,1.,1.,1.,1.,1.,1.,1.,1.,            597P    641
0.01326859,1.570796327,0.,0.008817021,1.637250264,0.,                597P    642
0.006601187,1.670493754,0.,0.00291205,1.725840773,0.,0.,             597P    643
1.770191181,0.,0.,1.,0.,0.,-1.;                                      597P    644
126,3,3,1,0,0,0,0.,0.,0.,0.,1.,1.,1.,1.,1.,0.996689551075876,        599P    645
0.996689551075876,1.,54.,8.,19.469256391,54.665752947,8.,            599P    646
19.647644356,55.328199982,7.933736044,19.825146504,                  599P    647
55.980762114,7.801866223,20.,0.,1.,-0.258819045,0.,0.965925826;      599P    648
126,1,1,1,0,1,0,0.,0.,1.,1.,1.,1.,0.,1.770191181,0.,0.,              601P    649
3.141592654,0.,0.,1.,0.,0.,1.;                                       601P    650
124,0.198076211353319,0.980186622279612,-6.93889390390723E-016,      603P    651
45.26425783148,0.980186622279612,-0.198076211353319,                 603P    652
-6.98296267768627E-015,-55.3262300258056,                            603P    653
-6.98204958209276E-015,7.03017693414984E-016,-1.,                    603P    654
40.0000000000004;                                                    603P    655
100,20.,54.,-2.,64.,-2.,55.980762114,7.801866223;                    605P    656
126,1,1,1,0,1,0,0.,0.,1.,1.,1.,1.,0.,3.141592654,0.,1.,              607P    657
3.141592654,0.,0.,1.,0.,0.,1.;                                       607P    658
110,64.,-2.,20.,64.,-2.,-20.;                                        609P    659
126,1,1,1,0,1,0,0.,0.,1.,1.,1.,1.,1.,3.141592654,0.,1.,              611P    660
1.770191181,0.,0.,1.,0.,0.,1.;                                       611P    661
100,-20.,54.,-2.,64.,-2.,55.980762114,7.801866223;                   613P    662
102,6,589,593,597,601,607,611;                                       615P    663
102,6,591,595,599,605,609,613;                                       617P    664
142,1,587,615,617,1;                                                 619P    665
144,587,1,0,619;                                                     621P    666
128,1,1,1,1,0,0,1,0,0,0.,0.,1.,1.,0.,0.,1.,1.,1.,1.,1.,1.,           623P    667
9.093056522,8.,19.702887468,9.093056522,8.,-19.702887468,54.,        623P    668
8.,19.702887468,54.,8.,-19.702887468,0.,1.,0.,1.;                    623P    669
126,1,1,1,0,1,0,0.,0.,1.,1.,1.,1.,0.994071146,1.,0.,                 625P    670
0.005928854,1.,0.,0.,1.,0.,0.,1.;                                    625P    671
110,54.,8.,-19.469256391,54.,8.,19.469256391;                        627P    672
126,1,1,1,0,1,0,0.,0.,1.,1.,1.,1.,0.005928854,1.,0.,                 629P    673
0.309463378,0.005964215,0.,0.,1.,0.,0.,1.;                           629P    674
110,54.,8.,19.469256391,9.360891175,8.,7.508243231;                  631P    675
126,16,2,1,0,1,0,0.,0.,0.,0.125,0.125,0.25,0.25,0.375,0.375,         633P    676
0.5,0.5,0.625,0.625,0.75,0.75,0.875,0.875,1.,1.,1.,1.,1.,1.,1.,      633P    677
1.,1.,1.,1.,1.,1.,1.,1.,1.,1.,1.,1.,1.,0.309463378,0.005964215,      633P    678
0.,0.329584725,0.020126214,0.,0.352133986,0.031116638,0.,            633P    679
0.374683246,0.042107063,0.,0.399017899,0.049612751,0.,               633P    680
0.423352552,0.057118439,0.,0.448779205,0.060925522,0.,               633P    681
0.474205857,0.064732606,0.,0.5,0.064732606,0.,0.525794143,           633P    682
0.064732606,0.,0.551220795,0.060925522,0.,0.576647448,               633P    683
0.057118439,0.,0.600982101,0.049612751,0.,0.625316754,               633P    684
0.042107063,0.,0.647866014,0.031116638,0.,0.670415275,               633P    685
0.020126214,0.,0.690536622,0.005964215,0.,0.,1.,0.,0.,1.;            633P    686
124,0.780074264573451,0.625686935895412,0.,-5.00549548716329,        635P    687
-3.83122751656316E-017,4.77657725603551E-017,1.,8.,                  635P    688
0.625686935895412,-0.780074264573451,6.12323399573677E-017,          635P    689
6.24059411658761;                                                    635P    690
100,0.,0.,8.,12.,8.,2.604380598,19.713974633;                        637P    691
126,1,1,1,0,1,0,0.,0.,1.,1.,1.,1.,0.690536622,0.005964215,0.,        639P    692
0.994071146,1.,0.,0.,1.,0.,0.,1.;                                    639P    693
110,9.360891175,8.,-7.508243231,54.,8.,-19.469256391;                641P    694
102,4,625,629,633,639;                                               643P    695
102,4,627,631,637,641;                                               645P    696
142,1,623,643,645,1;                                                 647P    697
144,623,1,0,647;                                                     649P    698
128,1,1,1,1,0,0,1,0,0,0.,0.,1.,1.,0.,0.,1.,1.,1.,1.,1.,1.,           651P    699
9.360891175,-1.781606063,7.508243231,55.980762114,-1.781606063,      651P    700
20.,9.360891175,8.,7.508243231,55.980762114,8.,20.,0.,1.,0.,1.;      651P    701
126,1,1,1,0,1,0,0.,0.,1.,1.,1.,1.,0.,1.,0.,0.,0.182138399,0.,        653P    702
0.,1.,0.,0.,1.;                                                      653P    703
110,9.360891175,8.,7.508243231,9.360891175,0.,7.508243231;           655P    704
126,1,1,1,0,1,0,0.,0.,1.,1.,1.,1.,0.,0.182138399,0.,                 657P    705
0.957512493,0.182138399,0.,0.,1.,0.,0.,1.;                           657P    706
110,9.360891175,0.,7.508243231,54.,0.,19.469256391;                  659P    707
126,16,2,1,0,1,0,0.,0.,0.,0.125,0.125,0.25,0.25,0.375,0.375,         661P    708
0.5,0.5,0.625,0.625,0.75,0.75,0.875,0.875,1.,1.,1.,1.,1.,1.,1.,      661P    709
1.,1.,1.,1.,1.,1.,1.,1.,1.,1.,1.,1.,1.,0.957512493,0.182138399,      661P    710
0.,0.961362299,0.182138399,0.,0.965150596,0.178871569,0.,            661P    711
0.968938893,0.17560474,0.,0.972544625,0.169175473,0.,                661P    712
0.976150357,0.162746206,0.,0.979458305,0.153359946,0.,               661P    713
0.982766252,0.143973687,0.,0.98567071,0.131930372,0.,                661P    714
0.988575167,0.119887057,0.,0.990983323,0.105571529,0.,               661P    715
0.993391479,0.091256001,0.,0.995226382,0.075125709,0.,               661P    716
0.997061285,0.058995418,0.,0.9982643,0.041565804,0.,                 661P    717
0.999467315,0.02413619,0.,1.,0.005964215,0.,0.,1.,0.,0.,1.;          661P    718
126,3,3,1,0,0,0,0.,0.,0.,0.,1.,1.,1.,1.,1.,0.836294954948368,        663P    719
0.836294954948368,1.,54.,0.,19.469256391,55.046466867,0.,            663P    720
19.749656343,55.835965876,-0.686865503,19.961201965,                 663P    721
55.980762114,-1.723266465,20.,0.,1.,-0.258819045,0.,                 663P    722
0.965925826;                                                         663P    723
126,1,1,1,0,1,0,0.,0.,1.,1.,1.,1.,1.,0.005964215,0.,1.,              665P    724
0.979744249,0.,0.,1.,0.,0.,1.;                                       665P    725
110,55.980762114,-1.723266465,20.,55.980762114,7.801866223,20.;      667P    726
126,2,2,1,0,1,0,0.,0.,0.,1.,1.,1.,1.,1.,1.,1.,0.979744249,0.,        669P    727
0.978968807,1.,0.,0.957512493,1.,0.,0.,1.,0.,0.,-1.;                 669P    728
126,3,3,1,0,0,0,0.,0.,0.,0.,1.,1.,1.,1.,1.,0.996689551075876,        671P    729
0.996689551075876,1.,55.980762114,7.801866223,20.,55.328199982,      671P    730
7.933736044,19.825146504,54.665752947,8.,19.647644356,54.,8.,        671P    731
19.469256391,0.,1.,0.258819045,0.,-0.965925826;                      671P    732
126,1,1,1,0,1,0,0.,0.,1.,1.,1.,1.,0.957512493,1.,0.,0.,1.,0.,        673P    733
0.,1.,0.,0.,1.;                                                      673P    734
110,54.,8.,19.469256391,9.360891175,8.,7.508243231;                  675P    735
102,6,653,657,661,665,669,673;                                       677P    736
102,6,655,659,663,667,671,675;                                       679P    737
142,1,651,677,679,1;                                                 681P    738
144,651,1,0,681;                                                     683P    739
128,1,1,1,1,0,0,1,0,0,0.,0.,1.,1.,0.,0.,1.,1.,1.,1.,1.,1.,           685P    740
55.980762114,-20.,20.,82.,-20.,20.,55.980762114,7.96867742,20.,      685P    741
82.,7.96867742,20.,0.,1.,0.,1.;                                      685P    742
126,1,1,1,0,1,0,0.,0.,1.,1.,1.,1.,0.385070383,0.,0.,1.,0.,0.,        687P    743
0.,1.,0.,0.,1.;                                                      687P    744
110,66.,-20.,20.,82.,-20.,20.;                                       689P    745
126,1,1,1,0,1,0,0.,0.,1.,1.,1.,1.,1.,0.,0.,1.,0.286034262,0.,        691P    746
0.,1.,0.,0.,1.;                                                      691P    747
110,82.,-20.,20.,82.,-12.,20.;                                       693P    748
126,1,1,1,0,1,0,0.,0.,1.,1.,1.,1.,1.,0.286034262,0.,                 695P    749
0.385070383,0.286034262,0.,0.,1.,0.,0.,1.;                           695P    750
110,82.,-12.,20.,66.,-12.,20.;                                       697P    751
126,16,2,1,0,1,0,0.,0.,0.,0.125,0.125,0.25,0.25,0.375,0.375,         699P    752
0.5,0.5,0.625,0.625,0.75,0.75,0.875,0.875,1.,1.,1.,1.,1.,1.,1.,      699P    753
1.,1.,1.,1.,1.,1.,1.,1.,1.,1.,1.,1.,1.,0.385070383,0.286034262,      699P    754
0.,0.377499722,0.286034262,0.,0.37007453,0.287408279,0.,             699P    755
0.362649338,0.288782296,0.,0.35565496,0.291477527,0.,                699P    756
0.348660583,0.294172759,0.,0.342365809,0.298085628,0.,               699P    757
0.336071035,0.301998498,0.,0.33071777,0.306978636,0.,                699P    758
0.325364505,0.311958774,0.,0.321158471,0.317814797,0.,               699P    759
0.316952438,0.32367082,0.,0.314055272,0.330177684,0.,                699P    760
0.311158105,0.336684548,0.,0.309681143,0.343592198,0.,               699P    761
0.30820418,0.350499848,0.,0.30820418,0.357542827,0.,0.,1.,0.,        699P    762
0.,1.;                                                               699P    763
124,-7.04419501764363E-015,-1.,0.,56.0000000000005,-1.,              701P    764
7.04419501764363E-015,6.98296267768627E-015,55.9999999999999,        701P    765
-6.98296267768627E-015,4.91893509025491E-029,-1.,                    701P    766
40.0000000000004;                                                    701P    767
100,20.,66.,-10.,68.,-10.,66.,-8.;                                   703P    768
126,1,1,1,0,1,0,0.,0.,1.,1.,1.,1.,0.30820418,0.357542827,0.,         705P    769
0.30820418,0.643577089,0.,0.,1.,0.,0.,1.;                            705P    770
110,64.,-10.,20.,64.,-2.,20.;                                        707P    771
126,16,2,1,0,1,0,0.,0.,0.,0.125,0.125,0.25,0.25,0.375,0.375,         709P    772
0.5,0.5,0.625,0.625,0.75,0.75,0.875,0.875,1.,1.,1.,1.,1.,1.,1.,      709P    773
1.,1.,1.,1.,1.,1.,1.,1.,1.,1.,1.,1.,1.,0.30820418,0.643577089,       709P    774
0.,0.30820418,0.674298281,0.,0.302570906,0.704569182,0.,             709P    775
0.296937632,0.734840082,0.,0.285836222,0.76377331,0.,                709P    776
0.274734811,0.792706537,0.,0.258490699,0.819453921,0.,               709P    777
0.242246586,0.846201306,0.,0.221335964,0.869978756,0.,               709P    778
0.200425341,0.893756207,0.,0.175461196,0.913866694,0.,               709P    779
0.150497051,0.933977182,0.,0.1222112,0.949831174,0.,0.09392535,      709P    780
0.965685166,0.,0.063146985,0.976817907,0.,0.032368621,               709P    781
0.987950648,0.,0.,0.994035785,0.,0.,1.,0.,0.,-1.;                    709P    782
100,20.,54.,-2.,64.,-2.,55.980762114,7.801866223;                    711P    783
126,1,1,1,0,1,0,0.,0.,1.,1.,1.,1.,0.,0.994035785,0.,0.,              713P    784
0.653471498,0.,0.,1.,0.,0.,1.;                                       713P    785
110,55.980762114,7.801866223,20.,55.980762114,-1.723266465,20.;      715P    786
126,2,2,1,0,1,0,0.,0.,0.,1.,1.,1.,1.,1.,1.,0.,0.653471498,0.,        717P    787
0.000739372,0.648548202,0.,0.000739372,0.643577089,0.,0.,1.,0.,      717P    788
0.,1.;                                                               717P    789
124,0.990381056766525,0.138366767679316,1.51418866110653E-030,       719P    790
0.796156469966307,0.138366767679316,-0.990381056766525,              719P    791
-6.98296267768627E-015,-11.452567568216,-9.66209974536751E-016,      719P    792
6.91579395608813E-015,-1.,40.0000000000001;                          719P    793
100,20.,54.,-2.,56.,-2.,55.980762114,-1.723266465;                   721P    794
126,1,1,1,0,1,0,0.,0.,1.,1.,1.,1.,0.000739372,0.643577089,0.,        723P    795
0.000739372,0.357542827,0.,0.,1.,0.,0.,1.;                           723P    796
110,56.,-2.,20.,56.,-10.,20.;                                        725P    797
126,16,2,1,0,1,0,0.,0.,0.,0.125,0.125,0.25,0.25,0.375,0.375,         727P    798
0.5,0.5,0.625,0.625,0.75,0.75,0.875,0.875,1.,1.,1.,1.,1.,1.,1.,      727P    799
1.,1.,1.,1.,1.,1.,1.,1.,1.,1.,1.,1.,1.,0.000739372,0.357542827,      727P    800
0.,0.000739372,0.322327932,0.,0.008124184,0.287789682,0.,            727P    801
0.015508997,0.253251431,0.,0.029994828,0.220717111,0.,               727P    802
0.044480659,0.18818279,0.,0.065510826,0.158902675,0.,                727P    803
0.086540993,0.12962256,0.,0.113307319,0.10472187,0.,                 727P    804
0.140073644,0.079821179,0.,0.171547513,0.060256831,0.,               727P    805
0.203021382,0.040692484,0.,0.237993272,0.027216327,0.,               727P    806
0.272965162,0.01374017,0.,0.310091122,0.006870085,0.,                727P    807
0.347217082,0.,0.,0.385070383,0.,0.,0.,1.,0.,0.,-1.;                 727P    808
100,20.,66.,-10.,56.,-10.,66.,-20.;                                  729P    809
102,10,687,691,695,699,705,709,713,717,723,727;                      731P    810
102,10,689,693,697,703,707,711,715,721,725,729;                      733P    811
142,1,685,731,733,1;                                                 735P    812
144,685,1,0,735;                                                     737P    813
128,1,1,1,1,0,0,1,0,0,0.,0.,1.,1.,0.,0.,1.,1.,1.,1.,1.,1.,82.,       739P    814
-20.,-20.,55.980762114,-20.,-20.,82.,7.96867742,-20.,                739P    815
55.980762114,7.96867742,-20.,0.,1.,0.,1.;                            739P    816
126,1,1,1,0,1,0,0.,0.,1.,1.,1.,1.,0.614929617,0.286034262,0.,        741P    817
0.,0.286034262,0.,0.,1.,0.,0.,1.;                                    741P    818
110,66.,-12.,-20.,82.,-12.,-20.;                                     743P    819
126,1,1,1,0,1,0,0.,0.,1.,1.,1.,1.,0.,0.286034262,0.,0.,0.,0.,        745P    820
0.,1.,0.,0.,1.;                                                      745P    821
110,82.,-12.,-20.,82.,-20.,-20.;                                     747P    822
126,1,1,1,0,1,0,0.,0.,1.,1.,1.,1.,0.,0.,0.,0.614929617,0.,0.,        749P    823
0.,1.,0.,0.,1.;                                                      749P    824
110,82.,-20.,-20.,66.,-20.,-20.;                                     751P    825
126,16,2,1,0,1,0,0.,0.,0.,0.125,0.125,0.25,0.25,0.375,0.375,         753P    826
0.5,0.5,0.625,0.625,0.75,0.75,0.875,0.875,1.,1.,1.,1.,1.,1.,1.,      753P    827
1.,1.,1.,1.,1.,1.,1.,1.,1.,1.,1.,1.,1.,0.614929617,0.,0.,            753P    828
0.652782918,0.,0.,0.689908878,0.006870085,0.,0.727034838,            753P    829
0.01374017,0.,0.762006728,0.027216327,0.,0.796978618,                753P    830
0.040692484,0.,0.828452487,0.060256831,0.,0.859926356,               753P    831
0.079821179,0.,0.886692681,0.10472187,0.,0.913459007,                753P    832
0.12962256,0.,0.934489174,0.158902675,0.,0.955519341,                753P    833
0.18818279,0.,0.970005172,0.220717111,0.,0.984491003,                753P    834
0.253251431,0.,0.991875816,0.287789682,0.,0.999260628,               753P    835
0.322327932,0.,0.999260628,0.357542827,0.,0.,1.,0.,0.,-1.;           753P    836
124,6.12323393205359E-017,-1.,0.,56.,-1.,                            755P    837
-6.12323393205359E-017,6.98296267768627E-015,56.0000000000001,       755P    838
-6.98296267768627E-015,-4.2758313137573E-031,-1.,                    755P    839
-39.9999999999996;                                                   755P    840
100,-20.,66.,-10.,76.,-10.,66.,0.;                                   757P    841
126,1,1,1,0,1,0,0.,0.,1.,1.,1.,1.,0.999260628,0.357542827,0.,        759P    842
0.999260628,0.643577089,0.,0.,1.,0.,0.,1.;                           759P    843
110,56.,-10.,-20.,56.,-2.,-20.;                                      761P    844
126,2,2,1,0,1,0,0.,0.,0.,1.,1.,1.,1.,1.,1.,0.999260628,              763P    845
0.643577089,0.,0.999260628,0.648548202,0.,1.,0.653471498,0.,0.,      763P    846
1.,0.,0.,1.;                                                         763P    847
100,-20.,54.,-2.,56.,-2.,55.980762114,-1.723266465;                  765P    848
126,1,1,1,0,1,0,0.,0.,1.,1.,1.,1.,1.,0.653471498,0.,1.,              767P    849
0.994035785,0.,0.,1.,0.,0.,1.;                                       767P    850
110,55.980762114,-1.723266465,-20.,55.980762114,7.801866223,         769P    851
-20.;                                                                769P    852
126,16,2,1,0,1,0,0.,0.,0.,0.125,0.125,0.25,0.25,0.375,0.375,         771P    853
0.5,0.5,0.625,0.625,0.75,0.75,0.875,0.875,1.,1.,1.,1.,1.,1.,1.,      771P    854
1.,1.,1.,1.,1.,1.,1.,1.,1.,1.,1.,1.,1.,1.,0.994035785,0.,            771P    855
0.967631379,0.987950648,0.,0.936853015,0.976817907,0.,               771P    856
0.90607465,0.965685166,0.,0.8777888,0.949831174,0.,0.849502949,      771P    857
0.933977182,0.,0.824538804,0.913866694,0.,0.799574659,               771P    858
0.893756207,0.,0.778664036,0.869978756,0.,0.757753414,               771P    859
0.846201306,0.,0.741509301,0.819453921,0.,0.725265189,               771P    860
0.792706537,0.,0.714163778,0.76377331,0.,0.703062368,                771P    861
0.734840082,0.,0.697429094,0.704569182,0.,0.69179582,                771P    862
0.674298281,0.,0.69179582,0.643577089,0.,0.,1.,0.,0.,-1.;            771P    863
124,0.198076211353299,0.980186622279616,9.08513196663917E-031,       773P    864
45.2642578314811,0.980186622279616,-0.198076211353299,               773P    865
-6.98296267768627E-015,-55.326230025806,-6.84460660054593E-015,      773P    866
1.38315879121758E-015,-1.,-39.9999999999997;                         773P    867
100,-20.,54.,-2.,64.,-2.,55.980762114,7.801866223;                   775P    868
126,1,1,1,0,1,0,0.,0.,1.,1.,1.,1.,0.69179582,0.643577089,0.,         777P    869
0.69179582,0.357542827,0.,0.,1.,0.,0.,1.;                            777P    870
110,64.,-2.,-20.,64.,-10.,-20.;                                      779P    871
126,16,2,1,0,1,0,0.,0.,0.,0.125,0.125,0.25,0.25,0.375,0.375,         781P    872
0.5,0.5,0.625,0.625,0.75,0.75,0.875,0.875,1.,1.,1.,1.,1.,1.,1.,      781P    873
1.,1.,1.,1.,1.,1.,1.,1.,1.,1.,1.,1.,1.,0.69179582,0.357542827,       781P    874
0.,0.69179582,0.350499848,0.,0.690318857,0.343592198,0.,             781P    875
0.688841895,0.336684548,0.,0.685944728,0.330177684,0.,               781P    876
0.683047562,0.32367082,0.,0.678841529,0.317814797,0.,                781P    877
0.674635495,0.311958774,0.,0.66928223,0.306978636,0.,                781P    878
0.663928965,0.301998498,0.,0.657634191,0.298085628,0.,               781P    879
0.651339417,0.294172759,0.,0.64434504,0.291477527,0.,                781P    880
0.637350662,0.288782296,0.,0.62992547,0.287408279,0.,                781P    881
0.622500278,0.286034262,0.,0.614929617,0.286034262,0.,0.,1.,0.,      781P    882
0.,1.;                                                               781P    883
100,-20.,66.,-10.,64.,-10.,66.,-12.;                                 783P    884
102,10,741,745,749,753,759,763,767,771,777,781;                      785P    885
102,10,743,747,751,757,761,765,769,775,779,783;                      787P    886
142,1,739,785,787,1;                                                 789P    887
144,739,1,0,789;                                                     791P    888
128,1,1,1,1,0,0,1,0,0,0.,0.,1.,1.,0.,0.,1.,1.,1.,1.,1.,1.,           793P    889
55.980762114,-1.781606063,-20.,9.360891175,-1.781606063,             793P    890
-7.508243231,55.980762114,8.,-20.,9.360891175,8.,-7.508243231,       793P    891
0.,1.,0.,1.;                                                         793P    892
126,1,1,1,0,1,0,0.,0.,1.,1.,1.,1.,1.,0.182138399,0.,1.,1.,0.,        795P    893
0.,1.,0.,0.,1.;                                                      795P    894
110,9.360891175,0.,-7.508243231,9.360891175,8.,-7.508243231;         797P    895
126,1,1,1,0,1,0,0.,0.,1.,1.,1.,1.,1.,1.,0.,0.042487507,1.,0.,        799P    896
0.,1.,0.,0.,1.;                                                      799P    897
110,9.360891175,8.,-7.508243231,54.,8.,-19.469256391;                801P    898
126,2,2,1,0,1,0,0.,0.,0.,1.,1.,1.,1.,1.,1.,0.042487507,1.,0.,        803P    899
0.021031193,1.,0.,0.,0.979744249,0.,0.,1.,0.,0.,-1.;                 803P    900
126,3,3,1,0,0,0,0.,0.,0.,0.,1.,1.,1.,1.,1.,0.996689551075877,        805P    901
0.996689551075877,1.,54.,8.,-19.469256391,54.665752947,8.,           805P    902
-19.647644356,55.328199982,7.933736044,-19.825146504,                805P    903
55.980762114,7.801866223,-20.,0.,1.,0.258819045,0.,0.965925826;      805P    904
126,1,1,1,0,1,0,0.,0.,1.,1.,1.,1.,0.,0.979744249,0.,0.,              807P    905
0.005964215,0.,0.,1.,0.,0.,1.;                                       807P    906
110,55.980762114,7.801866223,-20.,55.980762114,-1.723266465,         809P    907
-20.;                                                                809P    908
126,16,2,1,0,1,0,0.,0.,0.,0.125,0.125,0.25,0.25,0.375,0.375,         811P    909
0.5,0.5,0.625,0.625,0.75,0.75,0.875,0.875,1.,1.,1.,1.,1.,1.,1.,      811P    910
1.,1.,1.,1.,1.,1.,1.,1.,1.,1.,1.,1.,1.,0.,0.005964215,0.,            811P    911
0.000532685,0.02413619,0.,0.0017357,0.041565804,0.,0.002938715,      811P    912
0.058995418,0.,0.004773618,0.075125709,0.,0.006608521,               811P    913
0.091256001,0.,0.009016677,0.105571529,0.,0.011424833,               811P    914
0.119887057,0.,0.01432929,0.131930372,0.,0.017233748,                811P    915
0.143973687,0.,0.020541695,0.153359946,0.,0.023849643,               811P    916
0.162746206,0.,0.027455375,0.169175473,0.,0.031061107,               811P    917
0.17560474,0.,0.034849404,0.178871569,0.,0.038637701,                811P    918
0.182138399,0.,0.042487507,0.182138399,0.,0.,1.,0.,0.,1.;            811P    919
126,3,3,1,0,0,0,0.,0.,0.,0.,1.,1.,1.,1.,1.,0.836294954948414,        813P    920
0.836294954948414,1.,55.980762114,-1.723266465,-20.,                 813P    921
55.835965876,-0.686865503,-19.961201965,55.046466867,0.,             813P    922
-19.749656343,54.,0.,-19.469256391,0.,1.,-0.258819045,0.,            813P    923
-0.965925826;                                                        813P    924
126,1,1,1,0,1,0,0.,0.,1.,1.,1.,1.,0.042487507,0.182138399,0.,        815P    925
1.,0.182138399,0.,0.,1.,0.,0.,1.;                                    815P    926
110,54.,0.,-19.469256391,9.360891175,0.,-7.508243231;                817P    927
102,6,795,799,803,807,811,815;                                       819P    928
102,6,797,801,805,809,813,817;                                       821P    929
142,1,793,819,821,1;                                                 823P    930
144,793,1,0,823;                                                     825P    931
110,0.,-5.,0.,0.,995.,0.;                                            827P    932
110,0.,-5.,12.,0.,13.,12.;                                           829P    933
120,827,829,0.,6.28318530717959;                                     831P    934
126,1,1,1,0,1,0,0.,0.,1.,1.,1.,1.,1.,3.141592654,0.,0.,              833P    935
3.141592654,0.,0.,1.,0.,0.,1.;                                       833P    936
110,0.,13.,-12.,0.,-5.,-12.;                                         835P    937
126,1,1,1,0,1,0,0.,0.,1.,1.,1.,1.,0.,3.141592654,0.,0.,              837P    938
6.283185307,0.,0.,1.,0.,0.,1.;                                       837P    939
124,6.12323399573677E-017,-1.,0.,-5.,6.12323399573677E-017,          839P    940
3.74939945665464E-033,1.,-5.,-1.,-6.12323399573677E-017,             839P    941
6.12323399573677E-017,1.42856177618997E-015;                         839P    942
100,0.,0.,-5.,12.,-5.,-12.,-5.;                                      841P    943
126,1,1,1,0,1,0,0.,0.,1.,1.,1.,1.,0.,6.283185307,0.,1.,              843P    944
6.283185307,0.,0.,1.,0.,0.,1.;                                       843P    945
110,0.,-5.,12.,0.,13.,12.;                                           845P    946
126,1,1,1,0,1,0,0.,0.,1.,1.,1.,1.,1.,6.283185307,0.,1.,              847P    947
3.141592654,0.,0.,1.,0.,0.,1.;                                       847P    948
124,6.12323399573677E-017,-1.,0.,13.,6.12323399573677E-017,          849P    949
3.74939945665464E-033,-1.,13.,1.,6.12323399573677E-017,              849P    950
6.12323399573677E-017,9.38703056531027E-016;                         849P    951
100,0.,0.,13.,12.,13.,-12.,13.;                                      851P    952
102,4,833,837,843,847;                                               853P    953
102,4,835,841,845,851;                                               855P    954
142,1,831,853,855,1;                                                 857P    955
144,831,1,0,857;                                                     859P    956
128,1,1,1,1,0,0,1,0,0,0.,0.,1.,1.,0.,0.,1.,1.,1.,1.,1.,1.,           861P    957
-12.144,-5.,-12.144,-12.144,-5.,12.144,12.144,-5.,-12.144,           861P    958
12.144,-5.,12.144,0.,1.,0.,1.;                                       861P    959
126,32,2,1,0,1,0,0.,0.,0.,0.0625,0.0625,0.125,0.125,0.1875,          863P    960
0.1875,0.25,0.25,0.3125,0.3125,0.375,0.375,0.4375,0.4375,0.5,        863P    961
0.5,0.5625,0.5625,0.625,0.625,0.6875,0.6875,0.75,0.75,0.8125,        863P    962
0.8125,0.875,0.875,0.9375,0.9375,1.,1.,1.,1.,1.,1.,1.,1.,1.,1.,      863P    963
1.,1.,1.,1.,1.,1.,1.,1.,1.,1.,1.,1.,1.,1.,1.,1.,1.,1.,1.,1.,1.,      863P    964
1.,1.,1.,1.,1.,0.005928854,0.5,0.,0.005928854,0.451338239,0.,        863P    965
0.015422292,0.403611501,0.,0.024915731,0.355884763,0.,               863P    966
0.04353778,0.310927158,0.,0.06215983,0.265969553,0.,                 863P    967
0.089194856,0.225508778,0.,0.116229881,0.185048003,0.,               863P    968
0.150638942,0.150638942,0.,0.185048003,0.116229881,0.,               863P    969
0.225508778,0.089194856,0.,0.265969553,0.06215983,0.,                863P    970
0.310927158,0.04353778,0.,0.355884763,0.024915731,0.,                863P    971
0.403611501,0.015422292,0.,0.451338239,0.005928854,0.,0.5,           863P    972
0.005928854,0.,0.548661761,0.005928854,0.,0.596388499,               863P    973
0.015422292,0.,0.644115237,0.024915731,0.,0.689072842,               863P    974
0.04353778,0.,0.734030447,0.06215983,0.,0.774491222,                 863P    975
0.089194856,0.,0.814951997,0.116229881,0.,0.849361058,               863P    976
0.150638942,0.,0.883770119,0.185048003,0.,0.910805144,               863P    977
0.225508778,0.,0.93784017,0.265969553,0.,0.95646222,                 863P    978
0.310927158,0.,0.975084269,0.355884763,0.,0.984577708,               863P    979
0.403611501,0.,0.994071146,0.451338239,0.,0.994071146,0.5,0.,        863P    980
0.,1.,0.,0.,-1.;                                                     863P    981
124,6.12323399573677E-017,-1.,0.,-5.,6.12323399573677E-017,          865P    982
3.74939945665464E-033,1.,-5.,-1.,-6.12323399573677E-017,             865P    983
6.12323399573677E-017,1.42856177618997E-015;                         865P    984
100,0.,0.,-5.,12.,-5.,-12.,-5.;                                      867P    985
126,32,2,1,0,1,0,0.,0.,0.,0.0625,0.0625,0.125,0.125,0.1875,          869P    986
0.1875,0.25,0.25,0.3125,0.3125,0.375,0.375,0.4375,0.4375,0.5,        869P    987
0.5,0.5625,0.5625,0.625,0.625,0.6875,0.6875,0.75,0.75,0.8125,        869P    988
0.8125,0.875,0.875,0.9375,0.9375,1.,1.,1.,1.,1.,1.,1.,1.,1.,1.,      869P    989
1.,1.,1.,1.,1.,1.,1.,1.,1.,1.,1.,1.,1.,1.,1.,1.,1.,1.,1.,1.,1.,      869P    990
1.,1.,1.,1.,1.,0.994071146,0.5,0.,0.994071146,0.548661761,0.,        869P    991
0.984577708,0.596388499,0.,0.975084269,0.644115237,0.,               869P    992
0.95646222,0.689072842,0.,0.93784017,0.734030447,0.,                 869P    993
0.910805144,0.774491222,0.,0.883770119,0.814951997,0.,               869P    994
0.849361058,0.849361058,0.,0.814951997,0.883770119,0.,               869P    995
0.774491222,0.910805144,0.,0.734030447,0.93784017,0.,                869P    996
0.689072842,0.95646222,0.,0.644115237,0.975084269,0.,                869P    997
0.596388499,0.984577708,0.,0.548661761,0.994071146,0.,0.5,           869P    998
0.994071146,0.,0.451338239,0.994071146,0.,0.403611501,               869P    999
0.984577708,0.,0.355884763,0.975084269,0.,0.310927158,               869P   1000
0.95646222,0.,0.265969553,0.93784017,0.,0.225508778,                 869P   1001
0.910805144,0.,0.185048003,0.883770119,0.,0.150638942,               869P   1002
0.849361058,0.,0.116229881,0.814951997,0.,0.089194856,               869P   1003
0.774491222,0.,0.06215983,0.734030447,0.,0.04353778,                 869P   1004
0.689072842,0.,0.024915731,0.644115237,0.,0.015422292,               869P   1005
0.596388499,0.,0.005928854,0.548661761,0.,0.005928854,0.5,0.,        869P   1006
0.,1.,0.,0.,-1.;                                                     869P   1007
124,1.40271576953299E-014,1.,0.,5.,-6.12323399573677E-017,           871P   1008
8.58915688636046E-031,1.,-5.,1.,-1.40271576953299E-014,              871P   1009
6.12323399573677E-017,-6.84010650006727E-014;                        871P   1010
100,0.,0.,-5.,12.,-5.,-12.,-5.;                                      873P   1011
102,2,863,869;                                                       875P   1012
102,2,867,873;                                                       877P   1013
142,1,861,875,877,1;                                                 879P   1014
126,32,2,1,0,1,0,0.,0.,0.,0.0625,0.0625,0.125,0.125,0.1875,          881P   1015
0.1875,0.25,0.25,0.3125,0.3125,0.375,0.375,0.4375,0.4375,0.5,        881P   1016
0.5,0.5625,0.5625,0.625,0.625,0.6875,0.6875,0.75,0.75,0.8125,        881P   1017
0.8125,0.875,0.875,0.9375,0.9375,1.,1.,1.,1.,1.,1.,1.,1.,1.,1.,      881P   1018
1.,1.,1.,1.,1.,1.,1.,1.,1.,1.,1.,1.,1.,1.,1.,1.,1.,1.,1.,1.,1.,      881P   1019
1.,1.,1.,1.,1.,0.294137022,0.5,0.,0.294137022,0.520275734,0.,        881P   1020
0.298092622,0.540161875,0.,0.302048221,0.560048016,0.,               881P   1021
0.309807408,0.578780351,0.,0.317566596,0.597512686,0.,               881P   1022
0.32883119,0.614371342,0.,0.340095784,0.631229999,0.,                881P   1023
0.354432893,0.645567107,0.,0.368770001,0.659904216,0.,               881P   1024
0.385628658,0.67116881,0.,0.402487314,0.682433404,0.,                881P   1025
0.421219649,0.690192592,0.,0.439951984,0.697951779,0.,               881P   1026
0.459838125,0.701907378,0.,0.479724266,0.705862978,0.,0.5,           881P   1027
0.705862978,0.,0.520275734,0.705862978,0.,0.540161875,               881P   1028
0.701907378,0.,0.560048016,0.697951779,0.,0.578780351,               881P   1029
0.690192592,0.,0.597512686,0.682433404,0.,0.614371342,               881P   1030
0.67116881,0.,0.631229999,0.659904216,0.,0.645567107,                881P   1031
0.645567107,0.,0.659904216,0.631229999,0.,0.67116881,                881P   1032
0.614371342,0.,0.682433404,0.597512686,0.,0.690192592,               881P   1033
0.578780351,0.,0.697951779,0.560048016,0.,0.701907378,               881P   1034
0.540161875,0.,0.705862978,0.520275734,0.,0.705862978,0.5,0.,        881P   1035
0.,1.,0.,0.,1.;                                                      881P   1036
124,1.40271576953299E-014,1.,0.,5.,-6.12323399573677E-017,           883P   1037
8.58915688636046E-031,-1.,-5.,-1.,1.40271576953299E-014,             883P   1038
6.12323399573677E-017,7.18705119526263E-014;                         883P   1039
100,0.,0.,-5.,5.,-5.,-5.,-5.;                                        885P   1040
126,32,2,1,0,1,0,0.,0.,0.,0.0625,0.0625,0.125,0.125,0.1875,          887P   1041
0.1875,0.25,0.25,0.3125,0.3125,0.375,0.375,0.4375,0.4375,0.5,        887P   1042
0.5,0.5625,0.5625,0.625,0.625,0.6875,0.6875,0.75,0.75,0.8125,        887P   1043
0.8125,0.875,0.875,0.9375,0.9375,1.,1.,1.,1.,1.,1.,1.,1.,1.,1.,      887P   1044
1.,1.,1.,1.,1.,1.,1.,1.,1.,1.,1.,1.,1.,1.,1.,1.,1.,1.,1.,1.,1.,      887P   1045
1.,1.,1.,1.,1.,0.705862978,0.5,0.,0.705862978,0.479724266,0.,        887P   1046
0.701907378,0.459838125,0.,0.697951779,0.439951984,0.,               887P   1047
0.690192592,0.421219649,0.,0.682433404,0.402487314,0.,               887P   1048
0.67116881,0.385628658,0.,0.659904216,0.368770001,0.,                887P   1049
0.645567107,0.354432893,0.,0.631229999,0.340095784,0.,               887P   1050
0.614371342,0.32883119,0.,0.597512686,0.317566596,0.,                887P   1051
0.578780351,0.309807408,0.,0.560048016,0.302048221,0.,               887P   1052
0.540161875,0.298092622,0.,0.520275734,0.294137022,0.,0.5,           887P   1053
0.294137022,0.,0.479724266,0.294137022,0.,0.459838125,               887P   1054
0.298092622,0.,0.439951984,0.302048221,0.,0.421219649,               887P   1055
0.309807408,0.,0.402487314,0.317566596,0.,0.385628658,               887P   1056
0.32883119,0.,0.368770001,0.340095784,0.,0.354432893,                887P   1057
0.354432893,0.,0.340095784,0.368770001,0.,0.32883119,                887P   1058
0.385628658,0.,0.317566596,0.402487314,0.,0.309807408,               887P   1059
0.421219649,0.,0.302048221,0.439951984,0.,0.298092622,               887P   1060
0.459838125,0.,0.294137022,0.479724266,0.,0.294137022,0.5,0.,        887P   1061
0.,1.,0.,0.,1.;                                                      887P   1062
124,6.12323399573677E-017,-1.,0.,-5.,6.12323399573677E-017,          889P   1063
3.74939945665464E-033,-1.,-5.,1.,6.12323399573677E-017,              889P   1064
6.12323399573677E-017,2.04088517576365E-015;                         889P   1065
100,0.,0.,-5.,5.,-5.,-5.,-5.;                                        891P   1066
102,2,881,887;                                                       893P   1067
102,2,885,891;                                                       895P   1068
142,1,861,893,895,1;                                                 897P   1069
144,861,1,1,879,897;                                                 899P   1070
128,1,1,1,1,0,0,1,0,0,0.,0.,1.,1.,0.,0.,1.,1.,1.,1.,1.,1.,           901P   1071
-12.144,13.,-12.144,-12.144,13.,12.144,12.144,13.,-12.144,           901P   1072
12.144,13.,12.144,0.,1.,0.,1.;                                       901P   1073
126,32,2,1,0,1,0,0.,0.,0.,0.0625,0.0625,0.125,0.125,0.1875,          903P   1074
0.1875,0.25,0.25,0.3125,0.3125,0.375,0.375,0.4375,0.4375,0.5,        903P   1075
0.5,0.5625,0.5625,0.625,0.625,0.6875,0.6875,0.75,0.75,0.8125,        903P   1076
0.8125,0.875,0.875,0.9375,0.9375,1.,1.,1.,1.,1.,1.,1.,1.,1.,1.,      903P   1077
1.,1.,1.,1.,1.,1.,1.,1.,1.,1.,1.,1.,1.,1.,1.,1.,1.,1.,1.,1.,1.,      903P   1078
1.,1.,1.,1.,1.,0.994071146,0.5,0.,0.994071146,0.548661761,0.,        903P   1079
0.984577708,0.596388499,0.,0.975084269,0.644115237,0.,               903P   1080
0.95646222,0.689072842,0.,0.93784017,0.734030447,0.,                 903P   1081
0.910805144,0.774491222,0.,0.883770119,0.814951997,0.,               903P   1082
0.849361058,0.849361058,0.,0.814951997,0.883770119,0.,               903P   1083
0.774491222,0.910805144,0.,0.734030447,0.93784017,0.,                903P   1084
0.689072842,0.95646222,0.,0.644115237,0.975084269,0.,                903P   1085
0.596388499,0.984577708,0.,0.548661761,0.994071146,0.,0.5,           903P   1086
0.994071146,0.,0.451338239,0.994071146,0.,0.403611501,               903P   1087
0.984577708,0.,0.355884763,0.975084269,0.,0.310927158,               903P   1088
0.95646222,0.,0.265969553,0.93784017,0.,0.225508778,                 903P   1089
0.910805144,0.,0.185048003,0.883770119,0.,0.150638942,               903P   1090
0.849361058,0.,0.116229881,0.814951997,0.,0.089194856,               903P   1091
0.774491222,0.,0.06215983,0.734030447,0.,0.04353778,                 903P   1092
0.689072842,0.,0.024915731,0.644115237,0.,0.015422292,               903P   1093
0.596388499,0.,0.005928854,0.548661761,0.,0.005928854,0.5,0.,        903P   1094
0.,1.,0.,0.,-1.;                                                     903P   1095
124,1.40271576953299E-014,1.,0.,-13.,-6.12323399573677E-017,         905P   1096
8.58915688636046E-031,1.,13.,1.,-1.40271576953299E-014,              905P   1097
6.12323399573677E-017,1.84087773515266E-013;                         905P   1098
100,0.,0.,13.,12.,13.,-12.,13.;                                      907P   1099
126,32,2,1,0,1,0,0.,0.,0.,0.0625,0.0625,0.125,0.125,0.1875,          909P   1100
0.1875,0.25,0.25,0.3125,0.3125,0.375,0.375,0.4375,0.4375,0.5,        909P   1101
0.5,0.5625,0.5625,0.625,0.625,0.6875,0.6875,0.75,0.75,0.8125,        909P   1102
0.8125,0.875,0.875,0.9375,0.9375,1.,1.,1.,1.,1.,1.,1.,1.,1.,1.,      909P   1103
1.,1.,1.,1.,1.,1.,1.,1.,1.,1.,1.,1.,1.,1.,1.,1.,1.,1.,1.,1.,1.,      909P   1104
1.,1.,1.,1.,1.,0.005928854,0.5,0.,0.005928854,0.451338239,0.,        909P   1105
0.015422292,0.403611501,0.,0.024915731,0.355884763,0.,               909P   1106
0.04353778,0.310927158,0.,0.06215983,0.265969553,0.,                 909P   1107
0.089194856,0.225508778,0.,0.116229881,0.185048003,0.,               909P   1108
0.150638942,0.150638942,0.,0.185048003,0.116229881,0.,               909P   1109
0.225508778,0.089194856,0.,0.265969553,0.06215983,0.,                909P   1110
0.310927158,0.04353778,0.,0.355884763,0.024915731,0.,                909P   1111
0.403611501,0.015422292,0.,0.451338239,0.005928854,0.,0.5,           909P   1112
0.005928854,0.,0.548661761,0.005928854,0.,0.596388499,               909P   1113
0.015422292,0.,0.644115237,0.024915731,0.,0.689072842,               909P   1114
0.04353778,0.,0.734030447,0.06215983,0.,0.774491222,                 909P   1115
0.089194856,0.,0.814951997,0.116229881,0.,0.849361058,               909P   1116
0.150638942,0.,0.883770119,0.185048003,0.,0.910805144,               909P   1117
0.225508778,0.,0.93784017,0.265969553,0.,0.95646222,                 909P   1118
0.310927158,0.,0.975084269,0.355884763,0.,0.984577708,               909P   1119
0.403611501,0.,0.994071146,0.451338239,0.,0.994071146,0.5,0.,        909P   1120
0.,1.,0.,0.,-1.;                                                     909P   1121
124,6.12323399573677E-017,-1.,0.,13.,6.12323399573677E-017,          911P   1122
3.74939945665464E-033,1.,13.,-1.,-6.12323399573677E-017,             911P   1123
6.12323399573677E-017,2.53074389542259E-015;                         911P   1124
100,0.,0.,13.,12.,13.,-12.,13.;                                      913P   1125
102,2,903,909;                                                       915P   1126
102,2,907,913;                                                       917P   1127
142,1,901,915,917,1;                                                 919P   1128
126,32,2,1,0,1,0,0.,0.,0.,0.0625,0.0625,0.125,0.125,0.1875,          921P   1129
0.1875,0.25,0.25,0.3125,0.3125,0.375,0.375,0.4375,0.4375,0.5,        921P   1130
0.5,0.5625,0.5625,0.625,0.625,0.6875,0.6875,0.75,0.75,0.8125,        921P   1131
0.8125,0.875,0.875,0.9375,0.9375,1.,1.,1.,1.,1.,1.,1.,1.,1.,1.,      921P   1132
1.,1.,1.,1.,1.,1.,1.,1.,1.,1.,1.,1.,1.,1.,1.,1.,1.,1.,1.,1.,1.,      921P   1133
1.,1.,1.,1.,1.,0.705862978,0.5,0.,0.705862978,0.479724266,0.,        921P   1134
0.701907378,0.459838125,0.,0.697951779,0.439951984,0.,               921P   1135
0.690192592,0.421219649,0.,0.682433404,0.402487314,0.,               921P   1136
0.67116881,0.385628658,0.,0.659904216,0.368770001,0.,                921P   1137
0.645567107,0.354432893,0.,0.631229999,0.340095784,0.,               921P   1138
0.614371342,0.32883119,0.,0.597512686,0.317566596,0.,                921P   1139
0.578780351,0.309807408,0.,0.560048016,0.302048221,0.,               921P   1140
0.540161875,0.298092622,0.,0.520275734,0.294137022,0.,0.5,           921P   1141
0.294137022,0.,0.479724266,0.294137022,0.,0.459838125,               921P   1142
0.298092622,0.,0.439951984,0.302048221,0.,0.421219649,               921P   1143
0.309807408,0.,0.402487314,0.317566596,0.,0.385628658,               921P   1144
0.32883119,0.,0.368770001,0.340095784,0.,0.354432893,                921P   1145
0.354432893,0.,0.340095784,0.368770001,0.,0.32883119,                921P   1146
0.385628658,0.,0.317566596,0.402487314,0.,0.309807408,               921P   1147
0.421219649,0.,0.302048221,0.439951984,0.,0.298092622,               921P   1148
0.459838125,0.,0.294137022,0.479724266,0.,0.294137022,0.5,0.,        921P   1149
0.,1.,0.,0.,1.;                                                      921P   1150
124,6.12323399573677E-017,-1.,0.,13.,6.12323399573677E-017,          923P   1151
3.74939945665464E-033,-1.,13.,1.,6.12323399573677E-017,              923P   1152
6.12323399573677E-017,9.38703056531027E-016;                         923P   1153
100,0.,0.,13.,5.,13.,-5.,13.;                                        925P   1154
126,32,2,1,0,1,0,0.,0.,0.,0.0625,0.0625,0.125,0.125,0.1875,          927P   1155
0.1875,0.25,0.25,0.3125,0.3125,0.375,0.375,0.4375,0.4375,0.5,        927P   1156
0.5,0.5625,0.5625,0.625,0.625,0.6875,0.6875,0.75,0.75,0.8125,        927P   1157
0.8125,0.875,0.875,0.9375,0.9375,1.,1.,1.,1.,1.,1.,1.,1.,1.,1.,      927P   1158
1.,1.,1.,1.,1.,1.,1.,1.,1.,1.,1.,1.,1.,1.,1.,1.,1.,1.,1.,1.,1.,      927P   1159
1.,1.,1.,1.,1.,0.294137022,0.5,0.,0.294137022,0.520275734,0.,        927P   1160
0.298092622,0.540161875,0.,0.302048221,0.560048016,0.,               927P   1161
0.309807408,0.578780351,0.,0.317566596,0.597512686,0.,               927P   1162
0.32883119,0.614371342,0.,0.340095784,0.631229999,0.,                927P   1163
0.354432893,0.645567107,0.,0.368770001,0.659904216,0.,               927P   1164
0.385628658,0.67116881,0.,0.402487314,0.682433404,0.,                927P   1165
0.421219649,0.690192592,0.,0.439951984,0.697951779,0.,               927P   1166
0.459838125,0.701907378,0.,0.479724266,0.705862978,0.,0.5,           927P   1167
0.705862978,0.,0.520275734,0.705862978,0.,0.540161875,               927P   1168
0.701907378,0.,0.560048016,0.697951779,0.,0.578780351,               927P   1169
0.690192592,0.,0.597512686,0.682433404,0.,0.614371342,               927P   1170
0.67116881,0.,0.631229999,0.659904216,0.,0.645567107,                927P   1171
0.645567107,0.,0.659904216,0.631229999,0.,0.67116881,                927P   1172
0.614371342,0.,0.682433404,0.597512686,0.,0.690192592,               927P   1173
0.578780351,0.,0.697951779,0.560048016,0.,0.701907378,               927P   1174
0.540161875,0.,0.705862978,0.520275734,0.,0.705862978,0.5,0.,        927P   1175
0.,1.,0.,0.,1.;                                                      927P   1176
124,1.40271576953299E-014,1.,0.,-13.,-6.12323399573677E-017,         929P   1177
8.58915688636046E-031,-1.,13.,-1.,1.40271576953299E-014,             929P   1178
6.12323399573677E-017,-1.80618326563312E-013;                        929P   1179
100,0.,0.,13.,5.,13.,-5.,13.;                                        931P   1180
102,2,921,927;                                                       933P   1181
102,2,925,931;                                                       935P   1182
142,1,901,933,935,1;                                                 937P   1183
144,901,1,1,919,937;                                                 939P   1184
110,0.,-20.,0.,0.,980.,0.;                                           941P   1185
110,0.,-4.,4.,0.,12.,4.;                                             943P   1186
120,941,943,0.,6.28318530717959;                                     945P   1187
126,1,1,1,0,1,0,0.,0.,1.,1.,1.,1.,1.,3.141592654,0.,1.,0.,0.,        947P   1188
0.,1.,0.,0.,1.;                                                      947P   1189
124,1.40271576953299E-014,1.,0.,-12.,-6.12323399573677E-017,         949P   1190
8.58915688636046E-031,-1.,12.,-1.,1.40271576953299E-014,             949P   1191
6.12323399573677E-017,-1.66591168867982E-013;                        949P   1192
100,0.,0.,12.,4.,12.,-4.,12.;                                        951P   1193
126,1,1,1,0,1,0,0.,0.,1.,1.,1.,1.,1.,0.,0.,0.,0.,0.,0.,1.,0.,        953P   1194
0.,1.;                                                               953P   1195
110,0.,12.,4.,0.,-4.,4.;                                             955P   1196
126,1,1,1,0,1,0,0.,0.,1.,1.,1.,1.,0.,0.,0.,0.,3.141592654,0.,        957P   1197
0.,1.,0.,0.,1.;                                                      957P   1198
124,1.40271576953299E-014,1.,0.,4.00000000000001,                    959P   1199
-6.12323399573677E-017,8.58915688636046E-031,1.,                     959P   1200
-4.00000000000001,1.,-1.40271576953299E-014,                         959P   1201
6.12323399573677E-017,-5.43739073053429E-014;                        959P   1202
100,0.,0.,-4.,4.,-4.,-4.,-4.;                                        961P   1203
126,1,1,1,0,1,0,0.,0.,1.,1.,1.,1.,0.,3.141592654,0.,1.,              963P   1204
3.141592654,0.,0.,1.,0.,0.,1.;                                       963P   1205
110,0.,-4.,-4.,0.,12.,-4.;                                           965P   1206
102,4,947,953,957,963;                                               967P   1207
102,4,951,955,961,965;                                               969P   1208
142,1,945,967,969,1;                                                 971P   1209
144,945,1,0,971;                                                     973P   1210
110,76.,-20.,-12.,76.,980.,-12.;                                     975P   1211
110,76.,-20.,-8.280019127,76.,-12.,-8.280019127;                     977P   1212
120,975,977,0.,6.28318530717959;                                     979P   1213
126,1,1,1,0,1,0,0.,0.,1.,1.,1.,1.,1.,3.141592654,0.,1.,0.,0.,        981P   1214
0.,1.,0.,0.,1.;                                                      981P   1215
124,1.40271576953299E-014,1.,0.,87.9999999999989,                    983P   1216
-6.12323399573677E-017,8.58915688636046E-031,-1.,-24.,-1.,           983P   1217
1.40271576953299E-014,6.12323399573677E-017,64.0000000000002;        983P   1218
100,-12.,76.,-12.,79.719980873,-12.,72.280019127,-12.;               985P   1219
126,1,1,1,0,1,0,0.,0.,1.,1.,1.,1.,1.,0.,0.,0.,0.,0.,0.,1.,0.,        987P   1220
0.,1.;                                                               987P   1221
110,76.,-12.,-8.280019127,76.,-20.,-8.280019127;                     989P   1222
126,1,1,1,0,1,0,0.,0.,1.,1.,1.,1.,0.,0.,0.,0.,3.141592654,0.,        991P   1223
0.,1.,0.,0.,1.;                                                      991P   1224
124,1.40271576953299E-014,1.,0.,95.9999999999989,                    993P   1225
-6.12323399573677E-017,8.58915688636046E-031,1.,                     993P   1226
-7.99999999999997,1.,-1.40271576953299E-014,                         993P   1227
6.12323399573677E-017,-88.0000000000003;                             993P   1228
100,-12.,76.,-20.,79.719980873,-20.,72.280019127,-20.;               995P   1229
126,1,1,1,0,1,0,0.,0.,1.,1.,1.,1.,0.,3.141592654,0.,1.,              997P   1230
3.141592654,0.,0.,1.,0.,0.,1.;                                       997P   1231
110,76.,-20.,-15.719980873,76.,-12.,-15.719980873;                   999P   1232
102,4,981,987,991,997;                                              1001P   1233
102,4,985,989,995,999;                                              1003P   1234
142,1,979,1001,1003,1;                                              1005P   1235
144,979,1,0,1005;                                                   1007P   1236
110,76.,-20.,12.,76.,980.,12.;                                      1009P   1237
110,76.,-20.,15.719980873,76.,-12.,15.719980873;                    1011P   1238
120,1009,1011,0.,6.28318530717959;                                  1013P   1239
126,1,1,1,0,1,0,0.,0.,1.,1.,1.,1.,1.,3.141592654,0.,1.,0.,0.,       1015P   1240
0.,1.,0.,0.,1.;                                                     1015P   1241
124,1.40271576953299E-014,1.,0.,87.9999999999989,                   1017P   1242
-6.12323399573677E-017,8.58915688636046E-031,-1.,                   1017P   1243
-1.54282357954733E-014,-1.,1.40271576953299E-014,                   1017P   1244
6.12323399573677E-017,88.0000000000002;                             1017P   1245
100,12.,76.,-12.,79.719980873,-12.,72.280019127,-12.;               1019P   1246
126,1,1,1,0,1,0,0.,0.,1.,1.,1.,1.,1.,0.,0.,0.,0.,0.,0.,1.,0.,       1021P   1247
0.,1.;                                                              1021P   1248
110,76.,-12.,15.719980873,76.,-20.,15.719980873;                    1023P   1249
126,1,1,1,0,1,0,0.,0.,1.,1.,1.,1.,0.,0.,0.,0.,3.141592654,0.,       1025P   1250
0.,1.,0.,0.,1.;                                                     1025P   1251
124,1.40271576953299E-014,1.,0.,95.9999999999989,                   1027P   1252
-6.12323399573677E-017,8.58915688636046E-031,1.,-32.,1.,            1027P   1253
-1.40271576953299E-014,6.12323399573677E-017,-64.0000000000003;     1027P   1254
100,12.,76.,-20.,79.719980873,-20.,72.280019127,-20.;               1029P   1255
126,1,1,1,0,1,0,0.,0.,1.,1.,1.,1.,0.,3.141592654,0.,1.,             1031P   1256
3.141592654,0.,0.,1.,0.,0.,1.;                                      1031P   1257
110,76.,-20.,8.280019127,76.,-12.,8.280019127;                      1033P   1258
102,4,1015,1021,1025,1031;                                          1035P   1259
102,4,1019,1023,1029,1033;                                          1037P   1260
142,1,1013,1035,1037,1;                                             1039P   1261
144,1013,1,0,1039;                                                  1041P   1262
128,1,1,1,1,0,0,1,0,0,0.,0.,1.,1.,0.,0.,1.,1.,1.,1.,1.,1.,84.,      1043P   1263
-12.,-18.,84.,-20.,-18.,82.,-12.,-20.,82.,-20.,-20.,0.,1.,0.,       1043P   1264
1.;                                                                 1043P   1265
126,1,1,1,0,1,0,0.,0.,1.,1.,1.,1.,1.,0.,0.,1.,1.,0.,0.,1.,0.,       1045P   1266
0.,1.;                                                              1045P   1267
110,84.,-20.,-18.,82.,-20.,-20.;                                    1047P   1268
126,1,1,1,0,1,0,0.,0.,1.,1.,1.,1.,1.,1.,0.,0.,1.,0.,0.,1.,0.,       1049P   1269
0.,1.;                                                              1049P   1270
110,82.,-20.,-20.,82.,-12.,-20.;                                    1051P   1271
126,1,1,1,0,1,0,0.,0.,1.,1.,1.,1.,0.,1.,0.,0.,0.,0.,0.,1.,0.,       1053P   1272
0.,1.;                                                              1053P   1273
110,82.,-12.,-20.,84.,-12.,-18.;                                    1055P   1274
126,1,1,1,0,1,0,0.,0.,1.,1.,1.,1.,0.,0.,0.,1.,0.,0.,0.,1.,0.,       1057P   1275
0.,1.;                                                              1057P   1276
110,84.,-12.,-18.,84.,-20.,-18.;                                    1059P   1277
102,4,1045,1049,1053,1057;                                          1061P   1278
102,4,1047,1051,1055,1059;                                          1063P   1279
142,1,1043,1061,1063,1;                                             1065P   1280
144,1043,1,0,1065;                                                  1067P   1281
128,1,1,1,1,0,0,1,0,0,0.,0.,1.,1.,0.,0.,1.,1.,1.,1.,1.,1.,82.,      1069P   1282
-12.,20.,82.,-20.,20.,84.,-12.,18.,84.,-20.,18.,0.,1.,0.,1.;        1069P   1283
126,1,1,1,0,1,0,0.,0.,1.,1.,1.,1.,1.,0.,0.,1.,1.,0.,0.,1.,0.,       1071P   1284
0.,1.;                                                              1071P   1285
110,82.,-20.,20.,84.,-20.,18.;                                      1073P   1286
126,1,1,1,0,1,0,0.,0.,1.,1.,1.,1.,1.,1.,0.,0.,1.,0.,0.,1.,0.,       1075P   1287
0.,1.;                                                              1075P   1288
110,84.,-20.,18.,84.,-12.,18.;                                      1077P   1289
126,1,1,1,0,1,0,0.,0.,1.,1.,1.,1.,0.,1.,0.,0.,0.,0.,0.,1.,0.,       1079P   1290
0.,1.;                                                              1079P   1291
110,84.,-12.,18.,82.,-12.,20.;                                      1081P   1292
126,1,1,1,0,1,0,0.,0.,1.,1.,1.,1.,0.,0.,0.,1.,0.,0.,0.,1.,0.,       1083P   1293
0.,1.;                                                              1083P   1294
110,82.,-12.,20.,82.,-20.,20.;                                      1085P   1295
102,4,1071,1075,1079,1083;                                          1087P   1296
102,4,1073,1077,1081,1085;                                          1089P   1297
142,1,1069,1087,1089,1;                                             1091P   1298
144,1069,1,0,1091;                                                  1093P   1299
110,0.,995.,0.,0.,-5.,0.;                                           1095P   1300
110,0.,-4.,-4.,0.,-5.,-5.;                                          1097P   1301
120,1095,1097,0.,6.28318530717959;                                  1099P   1302
126,1,1,1,0,1,0,0.,0.,1.,1.,1.,1.,1.,3.141592654,0.,1.,0.,0.,       1101P   1303
0.,1.,0.,0.,1.;                                                     1101P   1304
124,1.40271576953299E-014,1.,0.,5.,-6.12323399573677E-017,          1103P   1305
8.58915688636046E-031,1.,-5.,1.,-1.40271576953299E-014,             1103P   1306
6.12323399573677E-017,-6.84010650006727E-014;                       1103P   1307
100,0.,0.,-5.,5.,-5.,-5.,-5.;                                       1105P   1308
126,1,1,1,0,1,0,0.,0.,1.,1.,1.,1.,1.,0.,0.,0.,0.,0.,0.,1.,0.,       1107P   1309
0.,1.;                                                              1107P   1310
110,0.,-5.,-5.,0.,-4.,-4.;                                          1109P   1311
126,1,1,1,0,1,0,0.,0.,1.,1.,1.,1.,0.,0.,0.,0.,3.141592654,0.,       1111P   1312
0.,1.,0.,0.,1.;                                                     1111P   1313
124,1.40271576953299E-014,1.,0.,4.00000000000001,                   1113P   1314
-6.12323399573677E-017,8.58915688636046E-031,-1.,                   1113P   1315
-4.00000000000001,-1.,1.40271576953299E-014,                        1113P   1316
6.12323399573677E-017,5.78433542572965E-014;                        1113P   1317
100,0.,0.,-4.,4.,-4.,-4.,-4.;                                       1115P   1318
126,1,1,1,0,1,0,0.,0.,1.,1.,1.,1.,0.,3.141592654,0.,1.,             1117P   1319
3.141592654,0.,0.,1.,0.,0.,1.;                                      1117P   1320
110,0.,-4.,4.,0.,-5.,5.;                                            1119P   1321
102,4,1101,1107,1111,1117;                                          1121P   1322
102,4,1105,1109,1115,1119;                                          1123P   1323
142,1,1099,1121,1123,1;                                             1125P   1324
144,1099,1,0,1125;                                                  1127P   1325
110,0.,-988.,0.,0.,12.,0.;                                          1129P   1326
110,0.,12.,4.,0.,13.,5.;                                            1131P   1327
120,1129,1131,0.,6.28318530717959;                                  1133P   1328
126,1,1,1,0,1,0,0.,0.,1.,1.,1.,1.,1.,3.141592654,0.,1.,0.,0.,       1135P   1329
0.,1.,0.,0.,1.;                                                     1135P   1330
124,1.40271576953299E-014,1.,0.,-13.,-6.12323399573677E-017,        1137P   1331
8.58915688636046E-031,-1.,13.,-1.,1.40271576953299E-014,            1137P   1332
6.12323399573677E-017,-1.80618326563312E-013;                       1137P   1333
100,0.,0.,13.,5.,13.,-5.,13.;                                       1139P   1334
126,1,1,1,0,1,0,0.,0.,1.,1.,1.,1.,1.,0.,0.,0.,0.,0.,0.,1.,0.,       1141P   1335
0.,1.;                                                              1141P   1336
110,0.,13.,5.,0.,12.,4.;                                            1143P   1337
126,1,1,1,0,1,0,0.,0.,1.,1.,1.,1.,0.,0.,0.,0.,3.141592654,0.,       1145P   1338
0.,1.,0.,0.,1.;                                                     1145P   1339
124,1.40271576953299E-014,1.,0.,-12.,-6.12323399573677E-017,        1147P   1340
8.58915688636046E-031,1.,12.,1.,-1.40271576953299E-014,             1147P   1341
6.12323399573677E-017,1.70060615819936E-013;                        1147P   1342
100,0.,0.,12.,4.,12.,-4.,12.;                                       1149P   1343
126,1,1,1,0,1,0,0.,0.,1.,1.,1.,1.,0.,3.141592654,0.,1.,             1151P   1344
3.141592654,0.,0.,1.,0.,0.,1.;                                      1151P   1345
110,0.,12.,-4.,0.,13.,-5.;                                          1153P   1346
102,4,1135,1141,1145,1151;                                          1155P   1347
102,4,1139,1143,1149,1153;                                          1157P   1348
142,1,1133,1155,1157,1;                                             1159P   1349
144,1133,1,0,1159;                                                  1161P   1350
S      1G      3D   1162P   1350                                        T      1
